source_file,run_id,simulation_step,time_ms,sampled_frame_index,relative_radius_half_width,synapsin_radius_lower_nm,synapsin_radius_upper_nm,varied_node_type,schema_version,threshold_nm,n_nodes,candidate_pair_count,guaranteed_edge_count,possible_edge_count,radius_dependent_edge_count,radius_dependent_fraction_of_possible_edges,edge_count_lower,edge_count_upper,edge_count_width,largest_component_size_lower,largest_component_size_upper,largest_component_size_width,largest_component_fraction_lower,largest_component_fraction_upper,largest_component_fraction_width,mean_degree_lower,mean_degree_upper,mean_degree_width,component_count_lower,component_count_upper,component_count_width,isolated_fraction_lower,isolated_fraction_upper,isolated_fraction_width
builds/article_s1_p1_finite_high_attraction_V_0p05_seed_9210001----2026-09-21_11-24-34/simulation_Rawdata___article_s1_p1_finite_high_attraction_V_0p05_seed_9210001----2026-09-21_11-24-34.h5,article_s1_p1_finite_high_attraction_V_0p05_seed_9210001,200,0.139999995008111,0,0.0,3.9719998836517334,3.9719998836517334,1,simsv-interval-radius-graph-1.1,2.0,3713,137279,2377,2377,0,0.0,2377.0,2377.0,0.0,324.0,324.0,0.0,0.0872609749528683,0.0872609749528683,0.0,1.2803662806356046,1.2803662806356046,0.0,1914.0,1914.0,0.0,0.42230002693239965,0.42230002693239965,0.0
builds/article_s1_p1_finite_high_attraction_V_0p05_seed_9210001----2026-09-21_11-24-34/simulation_Rawdata___article_s1_p1_finite_high_attraction_V_0p05_seed_9210001----2026-09-21_11-24-34.h5,article_s1_p1_finite_high_attraction_V_0p05_seed_9210001,200,0.139999995008111,0,0.025,3.87269988656044,4.071299880743027,1,simsv-interval-radius-graph-1.1,2.0,3713,137279,2349,2407,58,0.024096385542168676,2349.0,2407.0,58.0,323.0,324.0,1.0,0.08699165095610019,0.0872609749528683,0.00026932399676811436,1.2652841368165904,1.2965257204416913,0.031241583625100988,1897.0,1933.0,36.0,0.4161055750067331,0.42849447885806624,0.012388903851333122
builds/article_s1_p1_finite_high_attraction_V_0p05_seed_9210001----2026-09-21_11-24-34/simulation_Rawdata___article_s1_p1_finite_high_attraction_V_0p05_seed_9210001----2026-09-21_11-24-34.h5,article_s1_p1_finite_high_attraction_V_0p05_seed_9210001,200,0.139999995008111,0,0.05,3.7733998894691467,4.17059987783432,1,simsv-interval-radius-graph-1.1,2.0,3713,137279,2315,2440,125,0.05122950819672131,2315.0,2440.0,125.0,323.0,326.0,3.0,0.08699165095610019,0.08779962294640452,0.0008079719903043292,1.2469701050363586,1.3143011042283868,0.06733099919202812,1882.0,1955.0,73.0,0.410988419068139,0.43711284675464585,0.026124427686506857
builds/article_s1_p1_finite_high_attraction_V_0p05_seed_9210001----2026-09-21_11-24-34/simulation_Rawdata___article_s1_p1_finite_high_attraction_V_0p05_seed_9210001----2026-09-21_11-24-34.h5,article_s1_p1_finite_high_attraction_V_0p05_seed_9210001,200,0.139999995008111,0,0.1,3.57479989528656,4.369199872016907,1,simsv-interval-radius-graph-1.1,0.0,3713,125505,1283,2099,816,0.3887565507384469,1283.0,2099.0,816.0,179.0,309.0,130.0,0.048208995421492054,0.08322111500134662,0.03501211957985456,0.6910853757069755,1.1306221384325343,0.43953676272555886,2062.0,2574.0,512.0,0.475895502289254,0.685160247778077,0.20926474548882307
builds/article_s1_p1_finite_high_attraction_V_0p05_seed_9210001----2026-09-21_11-24-34/simulation_Rawdata___article_s1_p1_finite_high_attraction_V_0p05_seed_9210001----2026-09-21_11-24-34.h5,article_s1_p1_finite_high_attraction_V_0p05_seed_9210001,200,0.139999995008111,0,0.1,3.57479989528656,4.369199872016907,1,simsv-interval-radius-graph-1.1,2.0,3713,137279,2253,2512,259,0.10310509554140128,2253.0,2512.0,259.0,321.0,328.0,7.0,0.08645300296256396,0.08833827093994075,0.0018852679773767866,1.2135739294371128,1.3530837597629948,0.13950983032588193,1838.0,1990.0,152.0,0.3953676272555885,0.45300296256396444,0.057635335308375946
builds/article_s1_p1_finite_high_attraction_V_0p05_seed_9210001----2026-09-21_11-24-34/simulation_Rawdata___article_s1_p1_finite_high_attraction_V_0p05_seed_9210001----2026-09-21_11-24-34.h5,article_s1_p1_finite_high_attraction_V_0p05_seed_9210001,200,0.139999995008111,0,0.1,3.57479989528656,4.369199872016907,1,simsv-interval-radius-graph-1.1,4.0,3713,149514,2656,3033,377,0.1242993735575338,2656.0,3033.0,377.0,355.0,397.0,42.0,0.09561001885267978,0.10692162671694048,0.011311607864260706,1.430649070832211,1.6337193643953676,0.20307029356315653,1568.0,1773.0,205.0,0.30729868031241586,0.3762456234850525,0.06894694317263667
builds/article_s1_p1_finite_high_attraction_V_0p05_seed_9210001----2026-09-21_11-24-34/simulation_Rawdata___article_s1_p1_finite_high_attraction_V_0p05_seed_9210001----2026-09-21_11-24-34.h5,article_s1_p1_finite_high_attraction_V_0p05_seed_9210001,200,0.139999995008111,0,0.1,3.57479989528656,4.369199872016907,1,simsv-interval-radius-graph-1.1,6.0,3713,162463,3223,3819,596,0.15606179628174915,3223.0,3819.0,596.0,656.0,1466.0,810.0,0.1766765418798815,0.39482897926205224,0.21815243738217074,1.7360624831672502,2.0570966873148397,0.32103420414758954,1228.0,1491.0,263.0,0.21168866145973605,0.2854834365741988,0.07379477511446272
builds/article_s1_p1_finite_high_attraction_V_0p05_seed_9210001----2026-09-21_11-24-34/simulation_Rawdata___article_s1_p1_finite_high_attraction_V_0p05_seed_9210001----2026-09-21_11-24-34.h5,article_s1_p1_finite_high_attraction_V_0p05_seed_9210001,8000,5.59999980032444,1,0.0,3.9719998836517334,3.9719998836517334,1,simsv-interval-radius-graph-1.1,2.0,3713,212210,7031,7031,0,0.0,7031.0,7031.0,0.0,2766.0,2766.0,0.0,0.7449501750605979,0.7449501750605979,0.0,3.7872340425531914,3.7872340425531914,0.0,643.0,643.0,0.0,0.1545919741448963,0.1545919741448963,0.0
builds/article_s1_p1_finite_high_attraction_V_0p05_seed_9210001----2026-09-21_11-24-34/simulation_Rawdata___article_s1_p1_finite_high_attraction_V_0p05_seed_9210001----2026-09-21_11-24-34.h5,article_s1_p1_finite_high_attraction_V_0p05_seed_9210001,8000,5.59999980032444,1,0.025,3.87269988656044,4.071299880743027,1,simsv-interval-radius-graph-1.1,2.0,3713,212210,6940,7130,190,0.02664796633941094,6940.0,7130.0,190.0,2763.0,2769.0,6.0,0.7441422030702936,0.7457581470509023,0.001615943980608714,3.738217075141395,3.840560193913278,0.10234311877188285,638.0,649.0,11.0,0.15324535416105575,0.1567465661190412,0.003501211957985445
builds/article_s1_p1_finite_high_attraction_V_0p05_seed_9210001----2026-09-21_11-24-34/simulation_Rawdata___article_s1_p1_finite_high_attraction_V_0p05_seed_9210001----2026-09-21_11-24-34.h5,article_s1_p1_finite_high_attraction_V_0p05_seed_9210001,8000,5.59999980032444,1,0.05,3.7733998894691467,4.17059987783432,1,simsv-interval-radius-graph-1.1,2.0,3713,212210,6835,7250,415,0.05724137931034483,6835.0,7250.0,415.0,2760.0,2772.0,12.0,0.7433342310799892,0.7465661190412066,0.003231887961217428,3.6816590358200916,3.9051979531376246,0.22353891731753306,630.0,654.0,24.0,0.15055211419337464,0.15863183409641798,0.008079719903043348
builds/article_s1_p1_finite_high_attraction_V_0p05_seed_9210001----2026-09-21_11-24-34/simulation_Rawdata___article_s1_p1_finite_high_attraction_V_0p05_seed_9210001----2026-09-21_11-24-34.h5,article_s1_p1_finite_high_attraction_V_0p05_seed_9210001,8000,5.59999980032444,1,0.1,3.57479989528656,4.369199872016907,1,simsv-interval-radius-graph-1.1,0.0,3713,197655,3253,6053,2800,0.46258053857591275,3253.0,6053.0,2800.0,2473.0,2724.0,251.0,0.6660382440075411,0.7336385671963372,0.06760032318879616,1.752221922973337,3.2604363048747644,1.5082143819014275,710.0,1063.0,353.0,0.17613789388634526,0.2852141125774306,0.10907621869108536
builds/article_s1_p1_finite_high_attraction_V_0p05_seed_9210001----2026-09-21_11-24-34/simulation_Rawdata___article_s1_p1_finite_high_attraction_V_0p05_seed_9210001----2026-09-21_11-24-34.h5,article_s1_p1_finite_high_attraction_V_0p05_seed_9210001,8000,5.59999980032444,1,0.1,3.57479989528656,4.369199872016907,1,simsv-interval-radius-graph-1.1,2.0,3713,212210,6638,7433,795,0.10695546885510561,6638.0,7433.0,795.0,2757.0,2773.0,16.0,0.7425262590896848,0.7468354430379747,0.00430918394828983,3.5755453810934554,4.003770535954754,0.4282251548612983,625.0,667.0,42.0,0.14839752221922972,0.16428763802854834,0.015890115809318622
builds/article_s1_p1_finite_high_attraction_V_0p05_seed_9210001----2026-09-21_11-24-34/simulation_Rawdata___article_s1_p1_finite_high_attraction_V_0p05_seed_9210001----2026-09-21_11-24-34.h5,article_s1_p1_finite_high_attraction_V_0p05_seed_9210001,8000,5.59999980032444,1,0.1,3.57479989528656,4.369199872016907,1,simsv-interval-radius-graph-1.1,4.0,3713,227749,7852,8916,1064,0.11933602512337371,7852.0,8916.0,1064.0,2782.0,2795.0,13.0,0.7492593590088877,0.7527605709668731,0.0035012119579853618,4.229464045246432,4.802585510368974,0.5731214651225427,575.0,610.0,35.0,0.13277673040667923,0.14435766226770805,0.01158093186102882
builds/article_s1_p1_finite_high_attraction_V_0p05_seed_9210001----2026-09-21_11-24-34/simulation_Rawdata___article_s1_p1_finite_high_attraction_V_0p05_seed_9210001----2026-09-21_11-24-34.h5,article_s1_p1_finite_high_attraction_V_0p05_seed_9210001,8000,5.59999980032444,1,0.1,3.57479989528656,4.369199872016907,1,simsv-interval-radius-graph-1.1,6.0,3713,244100,9436,11215,1779,0.15862683905483727,9436.0,11215.0,1779.0,2808.0,2823.0,15.0,0.7562617829248586,0.7603016428763802,0.004039859951521674,5.08268246700781,6.040937247508753,0.9582547805009423,507.0,556.0,49.0,0.10988419068138972,0.1271209264745489,0.01723673579315918
builds/article_s1_p1_finite_high_attraction_V_0p05_seed_9210001----2026-09-21_11-24-34/simulation_Rawdata___article_s1_p1_finite_high_attraction_V_0p05_seed_9210001----2026-09-21_11-24-34.h5,article_s1_p1_finite_high_attraction_V_0p05_seed_9210001,16000,11.19999960064888,2,0.0,3.9719998836517334,3.9719998836517334,1,simsv-interval-radius-graph-1.1,2.0,3713,366916,9780,9780,0,0.0,9780.0,9780.0,0.0,3334.0,3334.0,0.0,0.8979262052248855,0.8979262052248855,0.0,5.2679773767842715,5.2679773767842715,0.0,365.0,365.0,0.0,0.0939940748720711,0.0939940748720711,0.0
builds/article_s1_p1_finite_high_attraction_V_0p05_seed_9210001----2026-09-21_11-24-34/simulation_Rawdata___article_s1_p1_finite_high_attraction_V_0p05_seed_9210001----2026-09-21_11-24-34.h5,article_s1_p1_finite_high_attraction_V_0p05_seed_9210001,16000,11.19999960064888,2,0.025,3.87269988656044,4.071299880743027,1,simsv-interval-radius-graph-1.1,2.0,3713,366916,9634,9955,321,0.03224510296333501,9634.0,9955.0,321.0,3332.0,3334.0,2.0,0.8973875572313493,0.8979262052248855,0.000538647993536201,5.189334769727982,5.3622407756531105,0.17290600592512817,364.0,369.0,5.0,0.09345542687853488,0.09561001885267978,0.002154591974144901
builds/article_s1_p1_finite_high_attraction_V_0p05_seed_9210001----2026-09-21_11-24-34/simulation_Rawdata___article_s1_p1_finite_high_attraction_V_0p05_seed_9210001----2026-09-21_11-24-34.h5,article_s1_p1_finite_high_attraction_V_0p05_seed_9210001,16000,11.19999960064888,2,0.05,3.7733998894691467,4.17059987783432,1,simsv-interval-radius-graph-1.1,2.0,3713,366916,9489,10095,606,0.060029717682020804,9489.0,10095.0,606.0,3331.0,3334.0,3.0,0.8971182332345812,0.8979262052248855,0.000807971990304357,5.11123081066523,5.437651494748182,0.3264206840829518,364.0,370.0,6.0,0.09345542687853488,0.09587934284944788,0.0024239159709130015
builds/article_s1_p1_finite_high_attraction_V_0p05_seed_9210001----2026-09-21_11-24-34/simulation_Rawdata___article_s1_p1_finite_high_attraction_V_0p05_seed_9210001----2026-09-21_11-24-34.h5,article_s1_p1_finite_high_attraction_V_0p05_seed_9210001,16000,11.19999960064888,2,0.1,3.57479989528656,4.369199872016907,1,simsv-interval-radius-graph-1.1,0.0,3713,341203,4165,8381,4216,0.5030425963488844,4165.0,8381.0,4216.0,3046.0,3308.0,262.0,0.8203608941556693,0.8909237813089146,0.07056288715324532,2.2434688930783735,4.514408833827094,2.2709399407487205,394.0,668.0,274.0,0.10261244276865068,0.17963910584433074,0.07702666307568005
builds/article_s1_p1_finite_high_attraction_V_0p05_seed_9210001----2026-09-21_11-24-34/simulation_Rawdata___article_s1_p1_finite_high_attraction_V_0p05_seed_9210001----2026-09-21_11-24-34.h5,article_s1_p1_finite_high_attraction_V_0p05_seed_9210001,16000,11.19999960064888,2,0.1,3.57479989528656,4.369199872016907,1,simsv-interval-radius-graph-1.1,2.0,3713,366916,9221,10414,1193,0.11455732667562896,9221.0,10414.0,1193.0,3327.0,3339.0,12.0,0.8960409372475088,0.8992728252087261,0.003231887961217317,4.966873148397522,5.609480204686237,0.642607056288715,359.0,373.0,14.0,0.09210880689469432,0.09641799084298411,0.004309183948289788
builds/article_s1_p1_finite_high_attraction_V_0p05_seed_9210001----2026-09-21_11-24-34/simulation_Rawdata___article_s1_p1_finite_high_attraction_V_0p05_seed_9210001----2026-09-21_11-24-34.h5,article_s1_p1_finite_high_attraction_V_0p05_seed_9210001,16000,11.19999960064888,2,0.1,3.57479989528656,4.369199872016907,1,simsv-interval-radius-graph-1.1,4.0,3713,393442,11075,12850,1775,0.13813229571984437,11075.0,12850.0,1775.0,3348.0,3354.0,6.0,0.9016967411796392,0.9033126851602478,0.001615943980608603,5.965526528413681,6.921626716940479,0.9561001885267979,336.0,348.0,12.0,0.08375976299488284,0.08860759493670886,0.004847831941826017
builds/article_s1_p1_finite_high_attraction_V_0p05_seed_9210001----2026-09-21_11-24-34/simulation_Rawdata___article_s1_p1_finite_high_attraction_V_0p05_seed_9210001----2026-09-21_11-24-34.h5,article_s1_p1_finite_high_attraction_V_0p05_seed_9210001,16000,11.19999960064888,2,0.1,3.57479989528656,4.369199872016907,1,simsv-interval-radius-graph-1.1,6.0,3713,421136,13695,16649,2954,0.17742807375818367,13695.0,16649.0,2954.0,3362.0,3371.0,9.0,0.9054672771343927,0.9078911931053056,0.00242391597091296,7.376784271478589,8.967950444384595,1.5911661729060063,311.0,328.0,17.0,0.07487207110153515,0.08160517102073794,0.00673309991920279
builds/article_s1_p1_finite_high_attraction_V_0p05_seed_9210001----2026-09-21_11-24-34/simulation_Rawdata___article_s1_p1_finite_high_attraction_V_0p05_seed_9210001----2026-09-21_11-24-34.h5,article_s1_p1_finite_high_attraction_V_0p05_seed_9210001,24000,16.79999940097332,3,0.0,3.9719998836517334,3.9719998836517334,1,simsv-interval-radius-graph-1.1,2.0,3713,812486,15012,15012,0,0.0,15012.0,15012.0,0.0,3526.0,3526.0,0.0,0.949636412604363,0.949636412604363,0.0,8.086183678965796,8.086183678965796,0.0,182.0,182.0,0.0,0.04740102343118772,0.04740102343118772,0.0
builds/article_s1_p1_finite_high_attraction_V_0p05_seed_9210001----2026-09-21_11-24-34/simulation_Rawdata___article_s1_p1_finite_high_attraction_V_0p05_seed_9210001----2026-09-21_11-24-34.h5,article_s1_p1_finite_high_attraction_V_0p05_seed_9210001,24000,16.79999940097332,3,0.025,3.87269988656044,4.071299880743027,1,simsv-interval-radius-graph-1.1,2.0,3713,812486,14780,15255,475,0.031137332022287776,14780.0,15255.0,475.0,3526.0,3527.0,1.0,0.949636412604363,0.9499057366011312,0.000269323996768156,7.961217344465392,8.217075141395098,0.255857796929706,181.0,182.0,1.0,0.047131699434419604,0.04740102343118772,0.00026932399676811436
builds/article_s1_p1_finite_high_attraction_V_0p05_seed_9210001----2026-09-21_11-24-34/simulation_Rawdata___article_s1_p1_finite_high_attraction_V_0p05_seed_9210001----2026-09-21_11-24-34.h5,article_s1_p1_finite_high_attraction_V_0p05_seed_9210001,24000,16.79999940097332,3,0.05,3.7733998894691467,4.17059987783432,1,simsv-interval-radius-graph-1.1,2.0,3713,812486,14543,15550,1007,0.0647588424437299,14543.0,15550.0,1007.0,3525.0,3527.0,2.0,0.9493670886075949,0.9499057366011312,0.000538647993536312,7.833557769997307,8.375976299488284,0.5424185294909778,181.0,183.0,2.0,0.047131699434419604,0.04767034742795583,0.0005386479935362287
builds/article_s1_p1_finite_high_attraction_V_0p05_seed_9210001----2026-09-21_11-24-34/simulation_Rawdata___article_s1_p1_finite_high_attraction_V_0p05_seed_9210001----2026-09-21_11-24-34.h5,article_s1_p1_finite_high_attraction_V_0p05_seed_9210001,24000,16.79999940097332,3,0.1,3.57479989528656,4.369199872016907,1,simsv-interval-radius-graph-1.1,0.0,3713,750408,5768,12823,7055,0.5501832644466973,5768.0,12823.0,7055.0,3354.0,3518.0,164.0,0.9033126851602478,0.9474818206302181,0.044169135469970366,3.1069216267169404,6.907083221115001,3.8001615943980607,190.0,360.0,170.0,0.04955561540533261,0.09668731483975222,0.04713169943441961
builds/article_s1_p1_finite_high_attraction_V_0p05_seed_9210001----2026-09-21_11-24-34/simulation_Rawdata___article_s1_p1_finite_high_attraction_V_0p05_seed_9210001----2026-09-21_11-24-34.h5,article_s1_p1_finite_high_attraction_V_0p05_seed_9210001,24000,16.79999940097332,3,0.1,3.57479989528656,4.369199872016907,1,simsv-interval-radius-graph-1.1,2.0,3713,812486,14066,16091,2025,0.1258467466285501,14066.0,16091.0,2025.0,3523.0,3527.0,4.0,0.9488284406140587,0.9499057366011312,0.001077295987072513,7.576622677080528,8.667384863991382,1.0907621869108537,181.0,185.0,4.0,0.047131699434419604,0.048208995421492054,0.0010772959870724505
builds/article_s1_p1_finite_high_attraction_V_0p05_seed_9210001----2026-09-21_11-24-34/simulation_Rawdata___article_s1_p1_finite_high_attraction_V_0p05_seed_9210001----2026-09-21_11-24-34.h5,article_s1_p1_finite_high_attraction_V_0p05_seed_9210001,24000,16.79999940097332,3,0.1,3.57479989528656,4.369199872016907,1,simsv-interval-radius-graph-1.1,4.0,3713,876402,17278,20509,3231,0.15754059193524794,17278.0,20509.0,3231.0,3528.0,3528.0,0.0,0.9501750605978992,0.9501750605978992,0.0,9.306760032318879,11.04713169943442,1.7403716671155411,177.0,180.0,3.0,0.04551575545381093,0.046862375437651496,0.0013466199838405649
builds/article_s1_p1_finite_high_attraction_V_0p05_seed_9210001----2026-09-21_11-24-34/simulation_Rawdata___article_s1_p1_finite_high_attraction_V_0p05_seed_9210001----2026-09-21_11-24-34.h5,article_s1_p1_finite_high_attraction_V_0p05_seed_9210001,24000,16.79999940097332,3,0.1,3.57479989528656,4.369199872016907,1,simsv-interval-radius-graph-1.1,6.0,3713,942781,22371,28204,5833,0.2068146362218125,22371.0,28204.0,5833.0,3528.0,3529.0,1.0,0.9501750605978992,0.9504443845946674,0.000269323996768156,12.050094263398869,15.192028009695663,3.141933746296795,171.0,177.0,6.0,0.042822515486129815,0.04551575545381093,0.002693239967681116
builds/article_s1_p1_finite_high_attraction_V_0p05_seed_9210001----2026-09-21_11-24-34/simulation_Rawdata___article_s1_p1_finite_high_attraction_V_0p05_seed_9210001----2026-09-21_11-24-34.h5,article_s1_p1_finite_high_attraction_V_0p05_seed_9210001,32000,22.39999920129776,4,0.0,3.9719998836517334,3.9719998836517334,1,simsv-interval-radius-graph-1.1,2.0,3713,934600,17161,17161,0,0.0,17161.0,17161.0,0.0,3619.0,3619.0,0.0,0.9746835443037974,0.9746835443037974,0.0,9.24373821707514,9.24373821707514,0.0,95.0,95.0,0.0,0.02531645569620253,0.02531645569620253,0.0
builds/article_s1_p1_finite_high_attraction_V_0p05_seed_9210001----2026-09-21_11-24-34/simulation_Rawdata___article_s1_p1_finite_high_attraction_V_0p05_seed_9210001----2026-09-21_11-24-34.h5,article_s1_p1_finite_high_attraction_V_0p05_seed_9210001,32000,22.39999920129776,4,0.025,3.87269988656044,4.071299880743027,1,simsv-interval-radius-graph-1.1,2.0,3713,934600,16878,17438,560,0.03211377451542608,16878.0,17438.0,560.0,3619.0,3619.0,0.0,0.9746835443037974,0.9746835443037974,0.0,9.09130083490439,9.392943711284676,0.30164287638028675,95.0,95.0,0.0,0.02531645569620253,0.02531645569620253,0.0
builds/article_s1_p1_finite_high_attraction_V_0p05_seed_9210001----2026-09-21_11-24-34/simulation_Rawdata___article_s1_p1_finite_high_attraction_V_0p05_seed_9210001----2026-09-21_11-24-34.h5,article_s1_p1_finite_high_attraction_V_0p05_seed_9210001,32000,22.39999920129776,4,0.05,3.7733998894691467,4.17059987783432,1,simsv-interval-radius-graph-1.1,2.0,3713,934600,16576,17721,1145,0.06461260651204785,16576.0,17721.0,1145.0,3619.0,3619.0,0.0,0.9746835443037974,0.9746835443037974,0.0,8.92862914085645,9.545381093455427,0.6167519525989764,95.0,95.0,0.0,0.02531645569620253,0.02531645569620253,0.0
builds/article_s1_p1_finite_high_attraction_V_0p05_seed_9210001----2026-09-21_11-24-34/simulation_Rawdata___article_s1_p1_finite_high_attraction_V_0p05_seed_9210001----2026-09-21_11-24-34.h5,article_s1_p1_finite_high_attraction_V_0p05_seed_9210001,32000,22.39999920129776,4,0.1,3.57479989528656,4.369199872016907,1,simsv-interval-radius-graph-1.1,0.0,3713,864404,6447,14565,8118,0.5573635427394439,6447.0,14565.0,8118.0,3541.0,3616.0,75.0,0.9536762725558847,0.9738755723134931,0.02019929975760837,3.4726636143280367,7.845408025855104,4.3727444115270675,98.0,173.0,75.0,0.026124427686506867,0.04632372744411527,0.0201992997576084
builds/article_s1_p1_finite_high_attraction_V_0p05_seed_9210001----2026-09-21_11-24-34/simulation_Rawdata___article_s1_p1_finite_high_attraction_V_0p05_seed_9210001----2026-09-21_11-24-34.h5,article_s1_p1_finite_high_attraction_V_0p05_seed_9210001,32000,22.39999920129776,4,0.1,3.57479989528656,4.369199872016907,1,simsv-interval-radius-graph-1.1,2.0,3713,934600,15976,18339,2363,0.12885108239271498,15976.0,18339.0,2363.0,3618.0,3619.0,1.0,0.9744142203070294,0.9746835443037974,0.00026932399676804497,8.605440344734715,9.878265553460814,1.2728252087260987,95.0,96.0,1.0,0.02531645569620253,0.025585779692970642,0.0002693239967681109
builds/article_s1_p1_finite_high_attraction_V_0p05_seed_9210001----2026-09-21_11-24-34/simulation_Rawdata___article_s1_p1_finite_high_attraction_V_0p05_seed_9210001----2026-09-21_11-24-34.h5,article_s1_p1_finite_high_attraction_V_0p05_seed_9210001,32000,22.39999920129776,4,0.1,3.57479989528656,4.369199872016907,1,simsv-interval-radius-graph-1.1,4.0,3713,1006168,19726,23538,3812,0.16195088792590703,19726.0,23538.0,3812.0,3619.0,3619.0,0.0,0.9746835443037974,0.9746835443037974,0.0,10.625370320495556,12.678696471855643,2.0533261513600873,95.0,95.0,0.0,0.02531645569620253,0.02531645569620253,0.0
builds/article_s1_p1_finite_high_attraction_V_0p05_seed_9210001----2026-09-21_11-24-34/simulation_Rawdata___article_s1_p1_finite_high_attraction_V_0p05_seed_9210001----2026-09-21_11-24-34.h5,article_s1_p1_finite_high_attraction_V_0p05_seed_9210001,32000,22.39999920129776,4,0.1,3.57479989528656,4.369199872016907,1,simsv-interval-radius-graph-1.1,6.0,3713,1080679,25661,32589,6928,0.2125870692564976,25661.0,32589.0,6928.0,3619.0,3620.0,1.0,0.9746835443037974,0.9749528683005656,0.000269323996768156,13.822246162133046,17.553999461352007,3.73175329921896,92.0,94.0,2.0,0.02396983571236197,0.024777807702666306,0.0008079719903043361
builds/article_s1_p1_finite_high_attraction_V_0p05_seed_9210001----2026-09-21_11-24-34/simulation_Rawdata___article_s1_p1_finite_high_attraction_V_0p05_seed_9210001----2026-09-21_11-24-34.h5,article_s1_p1_finite_high_attraction_V_0p05_seed_9210001,40000,27.9999990016222,5,0.0,3.9719998836517334,3.9719998836517334,1,simsv-interval-radius-graph-1.1,2.0,3713,960314,17505,17505,0,0.0,17505.0,17505.0,0.0,3663.0,3663.0,0.0,0.9865338001615944,0.9865338001615944,0.0,9.429033126851602,9.429033126851602,0.0,50.0,50.0,0.0,0.012927551844869378,0.012927551844869378,0.0
builds/article_s1_p1_finite_high_attraction_V_0p05_seed_9210001----2026-09-21_11-24-34/simulation_Rawdata___article_s1_p1_finite_high_attraction_V_0p05_seed_9210001----2026-09-21_11-24-34.h5,article_s1_p1_finite_high_attraction_V_0p05_seed_9210001,40000,27.9999990016222,5,0.025,3.87269988656044,4.071299880743027,1,simsv-interval-radius-graph-1.1,2.0,3713,960314,17210,17786,576,0.0323850219273586,17210.0,17786.0,576.0,3663.0,3663.0,0.0,0.9865338001615944,0.9865338001615944,0.0,9.270131968758417,9.580393213035281,0.3102612442768642,50.0,50.0,0.0,0.012927551844869378,0.012927551844869378,0.0
builds/article_s1_p1_finite_high_attraction_V_0p05_seed_9210001----2026-09-21_11-24-34/simulation_Rawdata___article_s1_p1_finite_high_attraction_V_0p05_seed_9210001----2026-09-21_11-24-34.h5,article_s1_p1_finite_high_attraction_V_0p05_seed_9210001,40000,27.9999990016222,5,0.05,3.7733998894691467,4.17059987783432,1,simsv-interval-radius-graph-1.1,2.0,3713,960314,16955,18131,1176,0.06486128729799791,16955.0,18131.0,1176.0,3663.0,3664.0,1.0,0.9865338001615944,0.9868031241583625,0.00026932399676804497,9.132776730406679,9.766226770805279,0.6334500403985999,49.0,50.0,1.0,0.012658227848101266,0.012927551844869378,0.0002693239967681126
builds/article_s1_p1_finite_high_attraction_V_0p05_seed_9210001----2026-09-21_11-24-34/simulation_Rawdata___article_s1_p1_finite_high_attraction_V_0p05_seed_9210001----2026-09-21_11-24-34.h5,article_s1_p1_finite_high_attraction_V_0p05_seed_9210001,40000,27.9999990016222,5,0.1,3.57479989528656,4.369199872016907,1,simsv-interval-radius-graph-1.1,0.0,3713,888666,6512,14842,8330,0.5612451152135831,6512.0,14842.0,8330.0,3571.0,3658.0,87.0,0.9617559924589281,0.9851871801777539,0.023431187718825797,3.5076757339078912,7.994613520064638,4.486937786156746,56.0,143.0,87.0,0.014812819822246161,0.03824400754107191,0.02343118771882575
builds/article_s1_p1_finite_high_attraction_V_0p05_seed_9210001----2026-09-21_11-24-34/simulation_Rawdata___article_s1_p1_finite_high_attraction_V_0p05_seed_9210001----2026-09-21_11-24-34.h5,article_s1_p1_finite_high_attraction_V_0p05_seed_9210001,40000,27.9999990016222,5,0.1,3.57479989528656,4.369199872016907,1,simsv-interval-radius-graph-1.1,2.0,3713,960314,16367,18789,2422,0.1289052104955027,16367.0,18789.0,2422.0,3663.0,3665.0,2.0,0.9865338001615944,0.9870724481551306,0.000538647993536201,8.816051710207379,10.120657150552114,1.3046054403447354,48.0,50.0,2.0,0.012388903851333153,0.012927551844869378,0.0005386479935362253
builds/article_s1_p1_finite_high_attraction_V_0p05_seed_9210001----2026-09-21_11-24-34/simulation_Rawdata___article_s1_p1_finite_high_attraction_V_0p05_seed_9210001----2026-09-21_11-24-34.h5,article_s1_p1_finite_high_attraction_V_0p05_seed_9210001,40000,27.9999990016222,5,0.1,3.57479989528656,4.369199872016907,1,simsv-interval-radius-graph-1.1,4.0,3713,1034014,20188,24007,3819,0.15907860207439498,20188.0,24007.0,3819.0,3665.0,3665.0,0.0,0.9870724481551306,0.9870724481551306,0.0,10.874225693509292,12.931322380824131,2.0570966873148393,47.0,48.0,1.0,0.01185025585779693,0.012388903851333153,0.0005386479935362235
builds/article_s1_p1_finite_high_attraction_V_0p05_seed_9210001----2026-09-21_11-24-34/simulation_Rawdata___article_s1_p1_finite_high_attraction_V_0p05_seed_9210001----2026-09-21_11-24-34.h5,article_s1_p1_finite_high_attraction_V_0p05_seed_9210001,40000,27.9999990016222,5,0.1,3.57479989528656,4.369199872016907,1,simsv-interval-radius-graph-1.1,6.0,3713,1110491,26149,33161,7012,0.21145321311178794,26149.0,33161.0,7012.0,3665.0,3666.0,1.0,0.9870724481551306,0.9873417721518988,0.000269323996768156,14.085106382978724,17.862106113654725,3.7769997306760015,46.0,47.0,1.0,0.011580931861028817,0.01185025585779693,0.0002693239967681126
builds/article_s1_p1_finite_high_attraction_V_0p05_seed_9210003----2026-09-21_21-03-34/simulation_Rawdata___article_s1_p1_finite_high_attraction_V_0p05_seed_9210003----2026-09-21_21-03-34.h5,article_s1_p1_finite_high_attraction_V_0p05_seed_9210003,200,0.139999995008111,0,0.0,3.9719998836517334,3.9719998836517334,1,simsv-interval-radius-graph-1.1,2.0,3713,150277,2414,2414,0,0.0,2414.0,2414.0,0.0,381.0,381.0,0.0,0.10261244276865068,0.10261244276865068,0.0,1.3002962563964449,1.3002962563964449,0.0,1857.0,1857.0,0.0,0.4007541071909507,0.4007541071909507,0.0
builds/article_s1_p1_finite_high_attraction_V_0p05_seed_9210003----2026-09-21_21-03-34/simulation_Rawdata___article_s1_p1_finite_high_attraction_V_0p05_seed_9210003----2026-09-21_21-03-34.h5,article_s1_p1_finite_high_attraction_V_0p05_seed_9210003,200,0.139999995008111,0,0.025,3.87269988656044,4.071299880743027,1,simsv-interval-radius-graph-1.1,2.0,3713,150277,2380,2444,64,0.02618657937806874,2380.0,2444.0,64.0,379.0,381.0,2.0,0.10207379477511447,0.10261244276865068,0.0005386479935362148,1.2819822246162134,1.3164556962025316,0.034473471586318194,1842.0,1875.0,33.0,0.39455965526528414,0.4074872071101535,0.012927551844869378
builds/article_s1_p1_finite_high_attraction_V_0p05_seed_9210003----2026-09-21_21-03-34/simulation_Rawdata___article_s1_p1_finite_high_attraction_V_0p05_seed_9210003----2026-09-21_21-03-34.h5,article_s1_p1_finite_high_attraction_V_0p05_seed_9210003,200,0.139999995008111,0,0.05,3.7733998894691467,4.17059987783432,1,simsv-interval-radius-graph-1.1,2.0,3713,150277,2339,2476,137,0.05533117932148627,2339.0,2476.0,137.0,379.0,381.0,2.0,0.10207379477511447,0.10261244276865068,0.0005386479935362148,1.2598976568812281,1.3336924319956909,0.07379477511446275,1829.0,1892.0,63.0,0.39051979531376246,0.4139509830325882,0.02343118771882574
builds/article_s1_p1_finite_high_attraction_V_0p05_seed_9210003----2026-09-21_21-03-34/simulation_Rawdata___article_s1_p1_finite_high_attraction_V_0p05_seed_9210003----2026-09-21_21-03-34.h5,article_s1_p1_finite_high_attraction_V_0p05_seed_9210003,200,0.139999995008111,0,0.1,3.57479989528656,4.369199872016907,1,simsv-interval-radius-graph-1.1,0.0,3713,138035,1248,2119,871,0.4110429447852761,1248.0,2119.0,871.0,174.0,347.0,173.0,0.046862375437651496,0.09345542687853488,0.04659305144088338,0.6722326959332077,1.1413950983032588,0.46916240237005113,2014.0,2586.0,572.0,0.45273363856719634,0.6859682197683814,0.23323458120118506
builds/article_s1_p1_finite_high_attraction_V_0p05_seed_9210003----2026-09-21_21-03-34/simulation_Rawdata___article_s1_p1_finite_high_attraction_V_0p05_seed_9210003----2026-09-21_21-03-34.h5,article_s1_p1_finite_high_attraction_V_0p05_seed_9210003,200,0.139999995008111,0,0.1,3.57479989528656,4.369199872016907,1,simsv-interval-radius-graph-1.1,2.0,3713,150277,2270,2540,270,0.1062992125984252,2270.0,2540.0,270.0,355.0,390.0,35.0,0.09561001885267978,0.1050363587395637,0.00942633988688392,1.2227309453272286,1.368165903582009,0.14543495825478048,1801.0,1936.0,135.0,0.3800161594398061,0.4293024508483706,0.0492862914085645
builds/article_s1_p1_finite_high_attraction_V_0p05_seed_9210003----2026-09-21_21-03-34/simulation_Rawdata___article_s1_p1_finite_high_attraction_V_0p05_seed_9210003----2026-09-21_21-03-34.h5,article_s1_p1_finite_high_attraction_V_0p05_seed_9210003,200,0.139999995008111,0,0.1,3.57479989528656,4.369199872016907,1,simsv-interval-radius-graph-1.1,4.0,3713,163278,2701,3086,385,0.12475696694750486,2701.0,3086.0,385.0,569.0,633.0,64.0,0.15324535416105575,0.17048208995421493,0.01723673579315918,1.4548882305413413,1.6622677080527875,0.20737947751144614,1535.0,1725.0,190.0,0.2997576084029087,0.35712361971451656,0.057366011311607845
builds/article_s1_p1_finite_high_attraction_V_0p05_seed_9210003----2026-09-21_21-03-34/simulation_Rawdata___article_s1_p1_finite_high_attraction_V_0p05_seed_9210003----2026-09-21_21-03-34.h5,article_s1_p1_finite_high_attraction_V_0p05_seed_9210003,200,0.139999995008111,0,0.1,3.57479989528656,4.369199872016907,1,simsv-interval-radius-graph-1.1,6.0,3713,176827,3287,3867,580,0.1499870700801655,3287.0,3867.0,580.0,646.0,884.0,238.0,0.17398330191220038,0.23808241314301104,0.06409911123081066,1.7705359547535686,2.0829517910045787,0.3124158362510101,1188.0,1454.0,266.0,0.21061136547266363,0.27848101265822783,0.06786964718556421
builds/article_s1_p1_finite_high_attraction_V_0p05_seed_9210003----2026-09-21_21-03-34/simulation_Rawdata___article_s1_p1_finite_high_attraction_V_0p05_seed_9210003----2026-09-21_21-03-34.h5,article_s1_p1_finite_high_attraction_V_0p05_seed_9210003,8000,5.59999980032444,1,0.0,3.9719998836517334,3.9719998836517334,1,simsv-interval-radius-graph-1.1,2.0,3713,229310,7068,7068,0,0.0,7068.0,7068.0,0.0,2849.0,2849.0,0.0,0.7673040667923512,0.7673040667923512,0.0,3.807164018314032,3.807164018314032,0.0,634.0,634.0,0.0,0.15109076218691087,0.15109076218691087,0.0
builds/article_s1_p1_finite_high_attraction_V_0p05_seed_9210003----2026-09-21_21-03-34/simulation_Rawdata___article_s1_p1_finite_high_attraction_V_0p05_seed_9210003----2026-09-21_21-03-34.h5,article_s1_p1_finite_high_attraction_V_0p05_seed_9210003,8000,5.59999980032444,1,0.025,3.87269988656044,4.071299880743027,1,simsv-interval-radius-graph-1.1,2.0,3713,229310,6968,7157,189,0.02640771272879698,6968.0,7157.0,189.0,2844.0,2853.0,9.0,0.7659574468085106,0.7683813627794236,0.00242391597091296,3.7532992189604095,3.8551036897387556,0.10180447077834609,628.0,642.0,14.0,0.14947481820630218,0.15351467815782385,0.004039859951521674
builds/article_s1_p1_finite_high_attraction_V_0p05_seed_9210003----2026-09-21_21-03-34/simulation_Rawdata___article_s1_p1_finite_high_attraction_V_0p05_seed_9210003----2026-09-21_21-03-34.h5,article_s1_p1_finite_high_attraction_V_0p05_seed_9210003,8000,5.59999980032444,1,0.05,3.7733998894691467,4.17059987783432,1,simsv-interval-radius-graph-1.1,2.0,3713,229310,6888,7257,369,0.05084745762711865,6888.0,7257.0,369.0,2841.0,2855.0,14.0,0.7651494748182063,0.7689200107729599,0.003770535954753629,3.7102073794775112,3.908968489092378,0.1987611096148667,623.0,646.0,23.0,0.14812819822246162,0.1548612981416644,0.00673309991920279
builds/article_s1_p1_finite_high_attraction_V_0p05_seed_9210003----2026-09-21_21-03-34/simulation_Rawdata___article_s1_p1_finite_high_attraction_V_0p05_seed_9210003----2026-09-21_21-03-34.h5,article_s1_p1_finite_high_attraction_V_0p05_seed_9210003,8000,5.59999980032444,1,0.1,3.57479989528656,4.369199872016907,1,simsv-interval-radius-graph-1.1,0.0,3713,213651,3334,6154,2820,0.4582385440363991,3334.0,6154.0,2820.0,2501.0,2775.0,274.0,0.6735793159170482,0.7473740910315109,0.07379477511446264,1.795852410449771,3.314839752221923,1.518987341772152,694.0,1039.0,345.0,0.16913546997037435,0.27848101265822783,0.10934554268785349
builds/article_s1_p1_finite_high_attraction_V_0p05_seed_9210003----2026-09-21_21-03-34/simulation_Rawdata___article_s1_p1_finite_high_attraction_V_0p05_seed_9210003----2026-09-21_21-03-34.h5,article_s1_p1_finite_high_attraction_V_0p05_seed_9210003,8000,5.59999980032444,1,0.1,3.57479989528656,4.369199872016907,1,simsv-interval-radius-graph-1.1,2.0,3713,229310,6689,7462,773,0.10359153042079872,6689.0,7462.0,773.0,2839.0,2857.0,18.0,0.7646108268246701,0.7694586587664961,0.004847831941826031,3.603016428763803,4.019391327767304,0.4163748990035008,619.0,652.0,33.0,0.14651225424185296,0.15620791812550497,0.009695663883652006
builds/article_s1_p1_finite_high_attraction_V_0p05_seed_9210003----2026-09-21_21-03-34/simulation_Rawdata___article_s1_p1_finite_high_attraction_V_0p05_seed_9210003----2026-09-21_21-03-34.h5,article_s1_p1_finite_high_attraction_V_0p05_seed_9210003,8000,5.59999980032444,1,0.1,3.57479989528656,4.369199872016907,1,simsv-interval-radius-graph-1.1,4.0,3713,245684,7871,8863,992,0.11192598442965136,7871.0,8863.0,992.0,2875.0,2892.0,17.0,0.7743064907083221,0.77888499865338,0.004578507945057875,4.239698357123619,4.774037166711554,0.5343388095879344,565.0,601.0,36.0,0.12927551844869378,0.14193374629679503,0.01265822784810125
builds/article_s1_p1_finite_high_attraction_V_0p05_seed_9210003----2026-09-21_21-03-34/simulation_Rawdata___article_s1_p1_finite_high_attraction_V_0p05_seed_9210003----2026-09-21_21-03-34.h5,article_s1_p1_finite_high_attraction_V_0p05_seed_9210003,8000,5.59999980032444,1,0.1,3.57479989528656,4.369199872016907,1,simsv-interval-radius-graph-1.1,6.0,3713,263077,9369,11102,1733,0.15609800036029545,9369.0,11102.0,1733.0,2903.0,2919.0,16.0,0.7818475626178293,0.786156746566119,0.004309183948289719,5.046593051440883,5.98007002423916,0.9334769727982763,504.0,551.0,47.0,0.11123081066523027,0.1252356584971721,0.014004847831941836
builds/article_s1_p1_finite_high_attraction_V_0p05_seed_9210003----2026-09-21_21-03-34/simulation_Rawdata___article_s1_p1_finite_high_attraction_V_0p05_seed_9210003----2026-09-21_21-03-34.h5,article_s1_p1_finite_high_attraction_V_0p05_seed_9210003,16000,11.19999960064888,2,0.0,3.9719998836517334,3.9719998836517334,1,simsv-interval-radius-graph-1.1,2.0,3713,370622,9689,9689,0,0.0,9689.0,9689.0,0.0,3281.0,3281.0,0.0,0.8836520333961756,0.8836520333961756,0.0,5.2189604093724755,5.2189604093724755,0.0,349.0,349.0,0.0,0.08995421492054942,0.08995421492054942,0.0
builds/article_s1_p1_finite_high_attraction_V_0p05_seed_9210003----2026-09-21_21-03-34/simulation_Rawdata___article_s1_p1_finite_high_attraction_V_0p05_seed_9210003----2026-09-21_21-03-34.h5,article_s1_p1_finite_high_attraction_V_0p05_seed_9210003,16000,11.19999960064888,2,0.025,3.87269988656044,4.071299880743027,1,simsv-interval-radius-graph-1.1,2.0,3713,370622,9539,9854,315,0.03196671402476152,9539.0,9854.0,315.0,3277.0,3282.0,5.0,0.8825747374091032,0.8839213573929438,0.001346619983840558,5.138163210342041,5.307837328305952,0.1696741179639112,348.0,353.0,5.0,0.0896848909237813,0.09103151090762186,0.001346619983840558
builds/article_s1_p1_finite_high_attraction_V_0p05_seed_9210003----2026-09-21_21-03-34/simulation_Rawdata___article_s1_p1_finite_high_attraction_V_0p05_seed_9210003----2026-09-21_21-03-34.h5,article_s1_p1_finite_high_attraction_V_0p05_seed_9210003,16000,11.19999960064888,2,0.05,3.7733998894691467,4.17059987783432,1,simsv-interval-radius-graph-1.1,2.0,3713,370622,9384,10020,636,0.06347305389221557,9384.0,10020.0,636.0,3275.0,3284.0,9.0,0.8820360894155669,0.88446000538648,0.002423915970913071,5.054672771343927,5.397252895232965,0.34258012388903847,345.0,357.0,12.0,0.08860759493670886,0.09237813089146243,0.0037705359547535733
builds/article_s1_p1_finite_high_attraction_V_0p05_seed_9210003----2026-09-21_21-03-34/simulation_Rawdata___article_s1_p1_finite_high_attraction_V_0p05_seed_9210003----2026-09-21_21-03-34.h5,article_s1_p1_finite_high_attraction_V_0p05_seed_9210003,16000,11.19999960064888,2,0.1,3.57479989528656,4.369199872016907,1,simsv-interval-radius-graph-1.1,0.0,3713,345781,4126,8314,4188,0.5037286504690883,4126.0,8314.0,4188.0,2988.0,3247.0,259.0,0.8047401023431188,0.8744950175060597,0.06975491516294097,2.2224616213304604,4.478319418260167,2.2558577969297064,387.0,671.0,284.0,0.1007271747912739,0.18017775383786697,0.07945057904659307
builds/article_s1_p1_finite_high_attraction_V_0p05_seed_9210003----2026-09-21_21-03-34/simulation_Rawdata___article_s1_p1_finite_high_attraction_V_0p05_seed_9210003----2026-09-21_21-03-34.h5,article_s1_p1_finite_high_attraction_V_0p05_seed_9210003,16000,11.19999960064888,2,0.1,3.57479989528656,4.369199872016907,1,simsv-interval-radius-graph-1.1,2.0,3713,370622,9104,10318,1214,0.11765846094204303,9104.0,10318.0,1214.0,3272.0,3285.0,13.0,0.8812281174252626,0.884729329383248,0.0035012119579853618,4.903851333153784,5.55776999730676,0.6539186641529762,343.0,360.0,17.0,0.08779962294640452,0.09318610288176676,0.0053864799353622456
builds/article_s1_p1_finite_high_attraction_V_0p05_seed_9210003----2026-09-21_21-03-34/simulation_Rawdata___article_s1_p1_finite_high_attraction_V_0p05_seed_9210003----2026-09-21_21-03-34.h5,article_s1_p1_finite_high_attraction_V_0p05_seed_9210003,16000,11.19999960064888,2,0.1,3.57479989528656,4.369199872016907,1,simsv-interval-radius-graph-1.1,4.0,3713,396553,10986,12697,1711,0.13475624163188155,10986.0,12697.0,1711.0,3291.0,3298.0,7.0,0.8863452733638567,0.8882305413412335,0.0018852679773767589,5.917586856988958,6.839213573929437,0.9216267169404793,321.0,337.0,16.0,0.07945057904659306,0.08618367896579585,0.00673309991920279
builds/article_s1_p1_finite_high_attraction_V_0p05_seed_9210003----2026-09-21_21-03-34/simulation_Rawdata___article_s1_p1_finite_high_attraction_V_0p05_seed_9210003----2026-09-21_21-03-34.h5,article_s1_p1_finite_high_attraction_V_0p05_seed_9210003,16000,11.19999960064888,2,0.1,3.57479989528656,4.369199872016907,1,simsv-interval-radius-graph-1.1,6.0,3713,423614,13565,16444,2879,0.17507905619070785,13565.0,16444.0,2879.0,3301.0,3312.0,11.0,0.8890385133315378,0.8920010772959871,0.002962563964449272,7.30676003231888,8.857527605709668,1.5507675733907886,296.0,315.0,19.0,0.07056288715324535,0.07729598707244816,0.0067330999192028035
builds/article_s1_p1_finite_high_attraction_V_0p05_seed_9210003----2026-09-21_21-03-34/simulation_Rawdata___article_s1_p1_finite_high_attraction_V_0p05_seed_9210003----2026-09-21_21-03-34.h5,article_s1_p1_finite_high_attraction_V_0p05_seed_9210003,24000,16.79999940097332,3,0.0,3.9719998836517334,3.9719998836517334,1,simsv-interval-radius-graph-1.1,2.0,3713,765767,13933,13933,0,0.0,13933.0,13933.0,0.0,3536.0,3536.0,0.0,0.9523296525720442,0.9523296525720442,0.0,7.50498249394021,7.50498249394021,0.0,173.0,173.0,0.0,0.04497710746027471,0.04497710746027471,0.0
builds/article_s1_p1_finite_high_attraction_V_0p05_seed_9210003----2026-09-21_21-03-34/simulation_Rawdata___article_s1_p1_finite_high_attraction_V_0p05_seed_9210003----2026-09-21_21-03-34.h5,article_s1_p1_finite_high_attraction_V_0p05_seed_9210003,24000,16.79999940097332,3,0.025,3.87269988656044,4.071299880743027,1,simsv-interval-radius-graph-1.1,2.0,3713,765767,13719,14181,462,0.032578802623228265,13719.0,14181.0,462.0,3535.0,3536.0,1.0,0.952060328575276,0.9523296525720442,0.000269323996768156,7.389711823323458,7.638567196337194,0.24885537301373528,173.0,174.0,1.0,0.04497710746027471,0.045246431457042824,0.00026932399676811436
builds/article_s1_p1_finite_high_attraction_V_0p05_seed_9210003----2026-09-21_21-03-34/simulation_Rawdata___article_s1_p1_finite_high_attraction_V_0p05_seed_9210003----2026-09-21_21-03-34.h5,article_s1_p1_finite_high_attraction_V_0p05_seed_9210003,24000,16.79999940097332,3,0.05,3.7733998894691467,4.17059987783432,1,simsv-interval-radius-graph-1.1,2.0,3713,765767,13488,14405,917,0.06365845192641444,13488.0,14405.0,917.0,3535.0,3537.0,2.0,0.952060328575276,0.9525989765688123,0.000538647993536312,7.26528413681659,7.759224346889308,0.4939402100727177,172.0,174.0,2.0,0.044707783463506595,0.045246431457042824,0.0005386479935362287
builds/article_s1_p1_finite_high_attraction_V_0p05_seed_9210003----2026-09-21_21-03-34/simulation_Rawdata___article_s1_p1_finite_high_attraction_V_0p05_seed_9210003----2026-09-21_21-03-34.h5,article_s1_p1_finite_high_attraction_V_0p05_seed_9210003,24000,16.79999940097332,3,0.1,3.57479989528656,4.369199872016907,1,simsv-interval-radius-graph-1.1,0.0,3713,709474,5485,11927,6442,0.5401190576004025,5485.0,11927.0,6442.0,3327.0,3525.0,198.0,0.8960409372475088,0.9493670886075949,0.053326151360086116,2.954484244546189,6.424454618906545,3.4699703743603556,185.0,387.0,202.0,0.04847831941826017,0.10395906275249124,0.05548074333423107
builds/article_s1_p1_finite_high_attraction_V_0p05_seed_9210003----2026-09-21_21-03-34/simulation_Rawdata___article_s1_p1_finite_high_attraction_V_0p05_seed_9210003----2026-09-21_21-03-34.h5,article_s1_p1_finite_high_attraction_V_0p05_seed_9210003,24000,16.79999940097332,3,0.1,3.57479989528656,4.369199872016907,1,simsv-interval-radius-graph-1.1,2.0,3713,765767,13078,14896,1818,0.12204618689581095,13078.0,14896.0,1818.0,3535.0,3538.0,3.0,0.952060328575276,0.9528683005655804,0.000807971990304357,7.044438459466739,8.023700511715594,0.9792620522488553,171.0,175.0,4.0,0.04443845946673849,0.045785079450579046,0.001346619983840558
builds/article_s1_p1_finite_high_attraction_V_0p05_seed_9210003----2026-09-21_21-03-34/simulation_Rawdata___article_s1_p1_finite_high_attraction_V_0p05_seed_9210003----2026-09-21_21-03-34.h5,article_s1_p1_finite_high_attraction_V_0p05_seed_9210003,24000,16.79999940097332,3,0.1,3.57479989528656,4.369199872016907,1,simsv-interval-radius-graph-1.1,4.0,3713,824476,15932,18773,2841,0.15133436318116444,15932.0,18773.0,2841.0,3540.0,3543.0,3.0,0.9534069485591166,0.9542149205494209,0.000807971990304357,8.581739833019123,10.112038782655535,1.5302989496364123,164.0,169.0,5.0,0.04201454349582548,0.04389981147320226,0.0018852679773767797
builds/article_s1_p1_finite_high_attraction_V_0p05_seed_9210003----2026-09-21_21-03-34/simulation_Rawdata___article_s1_p1_finite_high_attraction_V_0p05_seed_9210003----2026-09-21_21-03-34.h5,article_s1_p1_finite_high_attraction_V_0p05_seed_9210003,24000,16.79999940097332,3,0.1,3.57479989528656,4.369199872016907,1,simsv-interval-radius-graph-1.1,6.0,3713,885031,20413,25446,5033,0.1977914013990411,20413.0,25446.0,5033.0,3544.0,3544.0,0.0,0.9544842445461891,0.9544842445461891,0.0,10.995421492054943,13.706436843522757,2.7110153514678146,161.0,163.0,2.0,0.04093724750875303,0.041745219499057365,0.0008079719903043361
builds/article_s1_p1_finite_high_attraction_V_0p05_seed_9210003----2026-09-21_21-03-34/simulation_Rawdata___article_s1_p1_finite_high_attraction_V_0p05_seed_9210003----2026-09-21_21-03-34.h5,article_s1_p1_finite_high_attraction_V_0p05_seed_9210003,32000,22.39999920129776,4,0.0,3.9719998836517334,3.9719998836517334,1,simsv-interval-radius-graph-1.1,2.0,3713,1005143,16955,16955,0,0.0,16955.0,16955.0,0.0,3622.0,3622.0,0.0,0.9754915162941018,0.9754915162941018,0.0,9.132776730406679,9.132776730406679,0.0,90.0,90.0,0.0,0.023431187718825748,0.023431187718825748,0.0
builds/article_s1_p1_finite_high_attraction_V_0p05_seed_9210003----2026-09-21_21-03-34/simulation_Rawdata___article_s1_p1_finite_high_attraction_V_0p05_seed_9210003----2026-09-21_21-03-34.h5,article_s1_p1_finite_high_attraction_V_0p05_seed_9210003,32000,22.39999920129776,4,0.025,3.87269988656044,4.071299880743027,1,simsv-interval-radius-graph-1.1,2.0,3713,1005143,16674,17241,567,0.03288672350791717,16674.0,17241.0,567.0,3622.0,3622.0,0.0,0.9754915162941018,0.9754915162941018,0.0,8.981416644223,9.28683005655804,0.3054134123350405,90.0,90.0,0.0,0.023431187718825748,0.023431187718825748,0.0
builds/article_s1_p1_finite_high_attraction_V_0p05_seed_9210003----2026-09-21_21-03-34/simulation_Rawdata___article_s1_p1_finite_high_attraction_V_0p05_seed_9210003----2026-09-21_21-03-34.h5,article_s1_p1_finite_high_attraction_V_0p05_seed_9210003,32000,22.39999920129776,4,0.05,3.7733998894691467,4.17059987783432,1,simsv-interval-radius-graph-1.1,2.0,3713,1005143,16386,17509,1123,0.0641384430864127,16386.0,17509.0,1123.0,3622.0,3622.0,0.0,0.9754915162941018,0.9754915162941018,0.0,8.826286022084568,9.431187718825747,0.6049016967411784,90.0,90.0,0.0,0.023431187718825748,0.023431187718825748,0.0
builds/article_s1_p1_finite_high_attraction_V_0p05_seed_9210003----2026-09-21_21-03-34/simulation_Rawdata___article_s1_p1_finite_high_attraction_V_0p05_seed_9210003----2026-09-21_21-03-34.h5,article_s1_p1_finite_high_attraction_V_0p05_seed_9210003,32000,22.39999920129776,4,0.1,3.57479989528656,4.369199872016907,1,simsv-interval-radius-graph-1.1,0.0,3713,932639,6277,14421,8144,0.5647319880729492,6277.0,14421.0,8144.0,3510.0,3618.0,108.0,0.9453272286560732,0.9744142203070294,0.029086991650956184,3.3810934554268783,7.767842714785887,4.386749259359009,94.0,204.0,110.0,0.024508483705898195,0.05467277134392674,0.030164287638028548
builds/article_s1_p1_finite_high_attraction_V_0p05_seed_9210003----2026-09-21_21-03-34/simulation_Rawdata___article_s1_p1_finite_high_attraction_V_0p05_seed_9210003----2026-09-21_21-03-34.h5,article_s1_p1_finite_high_attraction_V_0p05_seed_9210003,32000,22.39999920129776,4,0.1,3.57479989528656,4.369199872016907,1,simsv-interval-radius-graph-1.1,2.0,3713,1005143,15864,18138,2274,0.12537214687396625,15864.0,18138.0,2274.0,3622.0,3623.0,1.0,0.9754915162941018,0.97576084029087,0.000269323996768156,8.545111769458659,9.769997306760033,1.2248855373013736,89.0,90.0,1.0,0.023161863722057634,0.023431187718825748,0.00026932399676811436
builds/article_s1_p1_finite_high_attraction_V_0p05_seed_9210003----2026-09-21_21-03-34/simulation_Rawdata___article_s1_p1_finite_high_attraction_V_0p05_seed_9210003----2026-09-21_21-03-34.h5,article_s1_p1_finite_high_attraction_V_0p05_seed_9210003,32000,22.39999920129776,4,0.1,3.57479989528656,4.369199872016907,1,simsv-interval-radius-graph-1.1,4.0,3713,1080510,19533,23263,3730,0.16034045479946696,19533.0,23263.0,3730.0,3624.0,3624.0,0.0,0.976030164287638,0.976030164287638,0.0,10.521411257743065,12.53056827363318,2.009157015890116,88.0,88.0,0.0,0.022892539725289523,0.022892539725289523,0.0
builds/article_s1_p1_finite_high_attraction_V_0p05_seed_9210003----2026-09-21_21-03-34/simulation_Rawdata___article_s1_p1_finite_high_attraction_V_0p05_seed_9210003----2026-09-21_21-03-34.h5,article_s1_p1_finite_high_attraction_V_0p05_seed_9210003,32000,22.39999920129776,4,0.1,3.57479989528656,4.369199872016907,1,simsv-interval-radius-graph-1.1,6.0,3713,1158282,25350,32156,6806,0.21165567856698594,25350.0,32156.0,6806.0,3624.0,3624.0,0.0,0.976030164287638,0.976030164287638,0.0,13.65472663614328,17.320764880150822,3.6660382440075416,87.0,88.0,1.0,0.022623215728521412,0.022892539725289523,0.0002693239967681109
builds/article_s1_p1_finite_high_attraction_V_0p05_seed_9210003----2026-09-21_21-03-34/simulation_Rawdata___article_s1_p1_finite_high_attraction_V_0p05_seed_9210003----2026-09-21_21-03-34.h5,article_s1_p1_finite_high_attraction_V_0p05_seed_9210003,40000,27.9999990016222,5,0.0,3.9719998836517334,3.9719998836517334,1,simsv-interval-radius-graph-1.1,2.0,3713,1025453,17452,17452,0,0.0,17452.0,17452.0,0.0,3668.0,3668.0,0.0,0.987880420145435,0.987880420145435,0.0,9.400484783194182,9.400484783194182,0.0,46.0,46.0,0.0,0.012119579854565042,0.012119579854565042,0.0
builds/article_s1_p1_finite_high_attraction_V_0p05_seed_9210003----2026-09-21_21-03-34/simulation_Rawdata___article_s1_p1_finite_high_attraction_V_0p05_seed_9210003----2026-09-21_21-03-34.h5,article_s1_p1_finite_high_attraction_V_0p05_seed_9210003,40000,27.9999990016222,5,0.025,3.87269988656044,4.071299880743027,1,simsv-interval-radius-graph-1.1,2.0,3713,1025453,17162,17748,586,0.03301780482307866,17162.0,17748.0,586.0,3668.0,3668.0,0.0,0.987880420145435,0.987880420145435,0.0,9.244276865068677,9.559924589280905,0.3156477242122282,46.0,46.0,0.0,0.012119579854565042,0.012119579854565042,0.0
builds/article_s1_p1_finite_high_attraction_V_0p05_seed_9210003----2026-09-21_21-03-34/simulation_Rawdata___article_s1_p1_finite_high_attraction_V_0p05_seed_9210003----2026-09-21_21-03-34.h5,article_s1_p1_finite_high_attraction_V_0p05_seed_9210003,40000,27.9999990016222,5,0.05,3.7733998894691467,4.17059987783432,1,simsv-interval-radius-graph-1.1,2.0,3713,1025453,16854,18070,1216,0.06729385722191478,16854.0,18070.0,1216.0,3668.0,3668.0,0.0,0.987880420145435,0.987880420145435,0.0,9.07837328305952,9.733369243199569,0.6549959601400488,46.0,46.0,0.0,0.012119579854565042,0.012119579854565042,0.0
builds/article_s1_p1_finite_high_attraction_V_0p05_seed_9210003----2026-09-21_21-03-34/simulation_Rawdata___article_s1_p1_finite_high_attraction_V_0p05_seed_9210003----2026-09-21_21-03-34.h5,article_s1_p1_finite_high_attraction_V_0p05_seed_9210003,40000,27.9999990016222,5,0.1,3.57479989528656,4.369199872016907,1,simsv-interval-radius-graph-1.1,0.0,3713,951474,6490,14843,8353,0.5627568550832042,6490.0,14843.0,8353.0,3569.0,3665.0,96.0,0.9612173444653919,0.9870724481551306,0.025855103689738757,3.495825478050094,7.995152168058174,4.499326690008079,49.0,145.0,96.0,0.012927551844869378,0.038782655534608135,0.025855103689738757
builds/article_s1_p1_finite_high_attraction_V_0p05_seed_9210003----2026-09-21_21-03-34/simulation_Rawdata___article_s1_p1_finite_high_attraction_V_0p05_seed_9210003----2026-09-21_21-03-34.h5,article_s1_p1_finite_high_attraction_V_0p05_seed_9210003,40000,27.9999990016222,5,0.1,3.57479989528656,4.369199872016907,1,simsv-interval-radius-graph-1.1,2.0,3713,1025453,16288,18711,2423,0.12949601838490726,16288.0,18711.0,2423.0,3668.0,3668.0,0.0,0.987880420145435,0.987880420145435,0.0,8.773498518718018,10.078642607056288,1.3051440883382703,46.0,46.0,0.0,0.012119579854565042,0.012119579854565042,0.0
builds/article_s1_p1_finite_high_attraction_V_0p05_seed_9210003----2026-09-21_21-03-34/simulation_Rawdata___article_s1_p1_finite_high_attraction_V_0p05_seed_9210003----2026-09-21_21-03-34.h5,article_s1_p1_finite_high_attraction_V_0p05_seed_9210003,40000,27.9999990016222,5,0.1,3.57479989528656,4.369199872016907,1,simsv-interval-radius-graph-1.1,4.0,3713,1102158,20175,23958,3783,0.15790132732281492,20175.0,23958.0,3783.0,3668.0,3668.0,0.0,0.987880420145435,0.987880420145435,0.0,10.867223269593321,12.904928629140857,2.0377053595475356,45.0,46.0,1.0,0.011580931861028817,0.012119579854565042,0.0005386479935362253
builds/article_s1_p1_finite_high_attraction_V_0p05_seed_9210003----2026-09-21_21-03-34/simulation_Rawdata___article_s1_p1_finite_high_attraction_V_0p05_seed_9210003----2026-09-21_21-03-34.h5,article_s1_p1_finite_high_attraction_V_0p05_seed_9210003,40000,27.9999990016222,5,0.1,3.57479989528656,4.369199872016907,1,simsv-interval-radius-graph-1.1,6.0,3713,1181122,26127,33153,7026,0.21192652248665278,26127.0,33153.0,7026.0,3668.0,3668.0,0.0,0.987880420145435,0.987880420145435,0.0,14.073256127120926,17.85779692970644,3.7845408025855125,45.0,45.0,0.0,0.011580931861028817,0.011580931861028817,0.0
builds/article_s1_p1_finite_high_attraction_V_0p2_seed_9210001----2026-09-09_12-25-21/simulation_Rawdata___article_s1_p1_finite_high_attraction_V_0p2_seed_9210001----2026-09-09_12-25-21.h5,article_s1_p1_finite_high_attraction_V_0p2_seed_9210001,200,0.139999995008111,0,0.0,3.9719998836517334,3.9719998836517334,1,simsv-interval-radius-graph-1.1,2.0,14853,675471,9598,9598,0,0.0,9598.0,9598.0,0.0,839.0,839.0,0.0,0.056486905002356425,0.056486905002356425,0.0,1.2923988419847843,1.2923988419847843,0.0,7614.0,7614.0,0.0,0.4169528041473103,0.4169528041473103,0.0
builds/article_s1_p1_finite_high_attraction_V_0p2_seed_9210001----2026-09-09_12-25-21/simulation_Rawdata___article_s1_p1_finite_high_attraction_V_0p2_seed_9210001----2026-09-09_12-25-21.h5,article_s1_p1_finite_high_attraction_V_0p2_seed_9210001,200,0.139999995008111,0,0.025,3.87269988656044,4.071299880743027,1,simsv-interval-radius-graph-1.1,2.0,14853,675471,9462,9749,287,0.029438916811980714,9462.0,9749.0,287.0,836.0,840.0,4.0,0.056284925604255034,0.056554231468390226,0.0002693058641351914,1.2740860432235912,1.3127314347269912,0.03864539150339996,7541.0,7694.0,153.0,0.41015283107789674,0.4241567360129267,0.014003904935029954
builds/article_s1_p1_finite_high_attraction_V_0p2_seed_9210001----2026-09-09_12-25-21/simulation_Rawdata___article_s1_p1_finite_high_attraction_V_0p2_seed_9210001----2026-09-09_12-25-21.h5,article_s1_p1_finite_high_attraction_V_0p2_seed_9210001,200,0.139999995008111,0,0.05,3.7733998894691467,4.17059987783432,1,simsv-interval-radius-graph-1.1,2.0,14853,675471,9327,9895,568,0.057402728650833755,9327.0,9895.0,568.0,829.0,843.0,14.0,0.055813640342018446,0.056756210866491616,0.00094257052447317,1.2559078973944657,1.3323907628088603,0.07648286541439453,7451.0,7765.0,314.0,0.40193900222177337,0.4298121591597657,0.02787315693799236
builds/article_s1_p1_finite_high_attraction_V_0p2_seed_9210001----2026-09-09_12-25-21/simulation_Rawdata___article_s1_p1_finite_high_attraction_V_0p2_seed_9210001----2026-09-09_12-25-21.h5,article_s1_p1_finite_high_attraction_V_0p2_seed_9210001,200,0.139999995008111,0,0.1,3.57479989528656,4.369199872016907,1,simsv-interval-radius-graph-1.1,0.0,14853,619496,4920,8493,3573,0.4206993995054751,4920.0,8493.0,3573.0,474.0,642.0,168.0,0.0319127449000202,0.043223591193698244,0.011310846293678047,0.6624924257725712,1.143607352050091,0.4811149262775197,8157.0,10408.0,2251.0,0.46313875984649566,0.6912408267690029,0.22810206692250723
builds/article_s1_p1_finite_high_attraction_V_0p2_seed_9210001----2026-09-09_12-25-21/simulation_Rawdata___article_s1_p1_finite_high_attraction_V_0p2_seed_9210001----2026-09-09_12-25-21.h5,article_s1_p1_finite_high_attraction_V_0p2_seed_9210001,200,0.139999995008111,0,0.1,3.57479989528656,4.369199872016907,1,simsv-interval-radius-graph-1.1,2.0,14853,675471,9082,10210,1128,0.11047992164544564,9082.0,10210.0,1128.0,780.0,854.0,74.0,0.05251464350636235,0.057496801992863396,0.004982158486501048,1.2229179290379049,1.3748064364101529,0.15188850737224802,7276.0,7880.0,604.0,0.3855786709755605,0.440719046657241,0.05514037568168051
builds/article_s1_p1_finite_high_attraction_V_0p2_seed_9210001----2026-09-09_12-25-21/simulation_Rawdata___article_s1_p1_finite_high_attraction_V_0p2_seed_9210001----2026-09-09_12-25-21.h5,article_s1_p1_finite_high_attraction_V_0p2_seed_9210001,200,0.139999995008111,0,0.1,3.57479989528656,4.369199872016907,1,simsv-interval-radius-graph-1.1,4.0,14853,734258,10812,12441,1629,0.13093802748975164,10812.0,12441.0,1629.0,906.0,967.0,61.0,0.060997778226620884,0.06510469265468255,0.004106914428061666,1.4558675015148455,1.675217127852959,0.2193496263381136,6242.0,7004.0,762.0,0.30384434121052983,0.36565003702955634,0.06180569581902651
builds/article_s1_p1_finite_high_attraction_V_0p2_seed_9210001----2026-09-09_12-25-21/simulation_Rawdata___article_s1_p1_finite_high_attraction_V_0p2_seed_9210001----2026-09-09_12-25-21.h5,article_s1_p1_finite_high_attraction_V_0p2_seed_9210001,200,0.139999995008111,0,0.1,3.57479989528656,4.369199872016907,1,simsv-interval-radius-graph-1.1,6.0,14853,796184,13292,15653,2361,0.15083370599885007,13292.0,15653.0,2361.0,1846.0,2826.0,980.0,0.1242846562983909,0.19026459301151283,0.06597993671312193,1.789806773042483,2.107722345654077,0.31791557261159387,4917.0,5909.0,992.0,0.21773379115330235,0.2825691779438497,0.06483538679054737
builds/article_s1_p1_finite_high_attraction_V_0p2_seed_9210001----2026-09-09_12-25-21/simulation_Rawdata___article_s1_p1_finite_high_attraction_V_0p2_seed_9210001----2026-09-09_12-25-21.h5,article_s1_p1_finite_high_attraction_V_0p2_seed_9210001,8000,5.59999980032444,1,0.0,3.9719998836517334,3.9719998836517334,1,simsv-interval-radius-graph-1.1,2.0,14853,885346,26025,26025,0,0.0,26025.0,26025.0,0.0,9203.0,9203.0,0.0,0.619605466909042,0.619605466909042,0.0,3.50434255705918,3.50434255705918,0.0,2921.0,2921.0,0.0,0.17437554702753652,0.17437554702753652,0.0
builds/article_s1_p1_finite_high_attraction_V_0p2_seed_9210001----2026-09-09_12-25-21/simulation_Rawdata___article_s1_p1_finite_high_attraction_V_0p2_seed_9210001----2026-09-09_12-25-21.h5,article_s1_p1_finite_high_attraction_V_0p2_seed_9210001,8000,5.59999980032444,1,0.025,3.87269988656044,4.071299880743027,1,simsv-interval-radius-graph-1.1,2.0,14853,885346,25665,26352,687,0.026070127504553734,25665.0,26352.0,687.0,9194.0,9210.0,16.0,0.6189995287147377,0.6200767521712786,0.0010772234565408212,3.4558675015148457,3.548374065845284,0.09250656433043813,2905.0,2944.0,39.0,0.17309634417289438,0.17619336161044907,0.0030970174375546944
builds/article_s1_p1_finite_high_attraction_V_0p2_seed_9210001----2026-09-09_12-25-21/simulation_Rawdata___article_s1_p1_finite_high_attraction_V_0p2_seed_9210001----2026-09-09_12-25-21.h5,article_s1_p1_finite_high_attraction_V_0p2_seed_9210001,8000,5.59999980032444,1,0.05,3.7733998894691467,4.17059987783432,1,simsv-interval-radius-graph-1.1,2.0,14853,885346,25310,26753,1443,0.053937876126041936,25310.0,26753.0,1443.0,9191.0,9223.0,32.0,0.6187975493166363,0.6209519962297179,0.0021544469130815314,3.408065710630849,3.60236989160439,0.19430418097354085,2877.0,2964.0,87.0,0.17094189725981282,0.17787652326129402,0.006934626001481203
builds/article_s1_p1_finite_high_attraction_V_0p2_seed_9210001----2026-09-09_12-25-21/simulation_Rawdata___article_s1_p1_finite_high_attraction_V_0p2_seed_9210001----2026-09-09_12-25-21.h5,article_s1_p1_finite_high_attraction_V_0p2_seed_9210001,8000,5.59999980032444,1,0.1,3.57479989528656,4.369199872016907,1,simsv-interval-radius-graph-1.1,0.0,14853,824836,12015,22599,10584,0.46833930704898447,12015.0,22599.0,10584.0,8067.0,9003.0,936.0,0.5431226014946475,0.6061401737022823,0.06301757220763482,1.6178549787921632,3.043021611795597,1.4251666330034336,3187.0,4729.0,1542.0,0.1941695280414731,0.31603043156264726,0.12186090352117415
builds/article_s1_p1_finite_high_attraction_V_0p2_seed_9210001----2026-09-09_12-25-21/simulation_Rawdata___article_s1_p1_finite_high_attraction_V_0p2_seed_9210001----2026-09-09_12-25-21.h5,article_s1_p1_finite_high_attraction_V_0p2_seed_9210001,8000,5.59999980032444,1,0.1,3.57479989528656,4.369199872016907,1,simsv-interval-radius-graph-1.1,2.0,14853,885346,24568,27521,2953,0.10729988009156644,24568.0,27521.0,2953.0,9121.0,9236.0,115.0,0.6140846966942706,0.6218272402881573,0.007742543593886708,3.308153235036693,3.7057833434323033,0.3976301083956102,2840.0,3008.0,168.0,0.16764290042415675,0.18205076415538948,0.014407863731232734
builds/article_s1_p1_finite_high_attraction_V_0p2_seed_9210001----2026-09-09_12-25-21/simulation_Rawdata___article_s1_p1_finite_high_attraction_V_0p2_seed_9210001----2026-09-09_12-25-21.h5,article_s1_p1_finite_high_attraction_V_0p2_seed_9210001,8000,5.59999980032444,1,0.1,3.57479989528656,4.369199872016907,1,simsv-interval-radius-graph-1.1,4.0,14853,949280,29066,33061,3995,0.12083724025286592,29066.0,33061.0,3995.0,9534.0,9723.0,189.0,0.6418905271662291,0.6546152292466169,0.012724702080387784,3.9138221234767387,4.451760587086784,0.537938463610045,2588.0,2774.0,186.0,0.14784891941022016,0.1626607419376557,0.014811822527435542
builds/article_s1_p1_finite_high_attraction_V_0p2_seed_9210001----2026-09-09_12-25-21/simulation_Rawdata___article_s1_p1_finite_high_attraction_V_0p2_seed_9210001----2026-09-09_12-25-21.h5,article_s1_p1_finite_high_attraction_V_0p2_seed_9210001,8000,5.59999980032444,1,0.1,3.57479989528656,4.369199872016907,1,simsv-interval-radius-graph-1.1,6.0,14853,1017629,34822,41098,6276,0.15270816098106965,34822.0,41098.0,6276.0,9830.0,10171.0,341.0,0.6618191611122333,0.6847774860297583,0.02295832491752503,4.68888440045782,5.533966202114051,0.8450818016562316,2299.0,2510.0,211.0,0.1245539621625261,0.14226082272941493,0.017706860566888832
builds/article_s1_p1_finite_high_attraction_V_0p2_seed_9210001----2026-09-09_12-25-21/simulation_Rawdata___article_s1_p1_finite_high_attraction_V_0p2_seed_9210001----2026-09-09_12-25-21.h5,article_s1_p1_finite_high_attraction_V_0p2_seed_9210001,16000,11.19999960064888,2,0.0,3.9719998836517334,3.9719998836517334,1,simsv-interval-radius-graph-1.1,2.0,14853,1259902,35301,35301,0,0.0,35301.0,35301.0,0.0,12417.0,12417.0,0.0,0.8359927287416683,0.8359927287416683,0.0,4.753383154918199,4.753383154918199,0.0,1741.0,1741.0,0.0,0.11001144549922574,0.11001144549922574,0.0
builds/article_s1_p1_finite_high_attraction_V_0p2_seed_9210001----2026-09-09_12-25-21/simulation_Rawdata___article_s1_p1_finite_high_attraction_V_0p2_seed_9210001----2026-09-09_12-25-21.h5,article_s1_p1_finite_high_attraction_V_0p2_seed_9210001,16000,11.19999960064888,2,0.025,3.87269988656044,4.071299880743027,1,simsv-interval-radius-graph-1.1,2.0,14853,1259902,34806,35814,1008,0.028145417992963644,34806.0,35814.0,1008.0,12408.0,12421.0,13.0,0.8353867905473642,0.8362620346058035,0.0008752440584393062,4.686729953544739,4.822460109068875,0.13573015552413636,1732.0,1757.0,25.0,0.10920352790682017,0.1113579748199017,0.0021544469130815314
builds/article_s1_p1_finite_high_attraction_V_0p2_seed_9210001----2026-09-09_12-25-21/simulation_Rawdata___article_s1_p1_finite_high_attraction_V_0p2_seed_9210001----2026-09-09_12-25-21.h5,article_s1_p1_finite_high_attraction_V_0p2_seed_9210001,16000,11.19999960064888,2,0.05,3.7733998894691467,4.17059987783432,1,simsv-interval-radius-graph-1.1,2.0,14853,1259902,34259,36392,2133,0.05861178280940866,34259.0,36392.0,2133.0,12399.0,12429.0,30.0,0.83478085235306,0.8368006463340739,0.0020197939810139287,4.613074799703764,4.900289503803945,0.28721470410018135,1720.0,1767.0,47.0,0.108260957382347,0.11209856594627347,0.0038376085639264673
builds/article_s1_p1_finite_high_attraction_V_0p2_seed_9210001----2026-09-09_12-25-21/simulation_Rawdata___article_s1_p1_finite_high_attraction_V_0p2_seed_9210001----2026-09-09_12-25-21.h5,article_s1_p1_finite_high_attraction_V_0p2_seed_9210001,16000,11.19999960064888,2,0.1,3.57479989528656,4.369199872016907,1,simsv-interval-radius-graph-1.1,0.0,14853,1182855,15103,30351,15248,0.5023887186583638,15103.0,30351.0,15248.0,11128.0,12299.0,1171.0,0.7492089140241028,0.8280482057496802,0.07883929172557735,2.033663233016899,4.086851141183599,2.0531879081667004,1895.0,3174.0,1279.0,0.12159159765703899,0.2128862855988689,0.09129468794182992
builds/article_s1_p1_finite_high_attraction_V_0p2_seed_9210001----2026-09-09_12-25-21/simulation_Rawdata___article_s1_p1_finite_high_attraction_V_0p2_seed_9210001----2026-09-09_12-25-21.h5,article_s1_p1_finite_high_attraction_V_0p2_seed_9210001,16000,11.19999960064888,2,0.1,3.57479989528656,4.369199872016907,1,simsv-interval-radius-graph-1.1,2.0,14853,1259902,33207,37551,4344,0.11568267156666932,33207.0,37551.0,4344.0,12386.0,12446.0,60.0,0.8339056082946206,0.8379451962566485,0.0040395879620279684,4.471419915168653,5.056352252070289,0.5849323369016357,1692.0,1788.0,96.0,0.10603918400323167,0.11371440113108464,0.007675217127852962
builds/article_s1_p1_finite_high_attraction_V_0p2_seed_9210001----2026-09-09_12-25-21/simulation_Rawdata___article_s1_p1_finite_high_attraction_V_0p2_seed_9210001----2026-09-09_12-25-21.h5,article_s1_p1_finite_high_attraction_V_0p2_seed_9210001,16000,11.19999960064888,2,0.1,3.57479989528656,4.369199872016907,1,simsv-interval-radius-graph-1.1,4.0,14853,1340374,39777,45974,6197,0.13479357897942315,39777.0,45974.0,6197.0,12475.0,12527.0,52.0,0.8398976637716287,0.8433986400053861,0.003500976233757447,5.356089678852757,6.190533898875648,0.834444220022891,1563.0,1656.0,93.0,0.0954689288359254,0.10327879889584596,0.007809870059920551
builds/article_s1_p1_finite_high_attraction_V_0p2_seed_9210001----2026-09-09_12-25-21/simulation_Rawdata___article_s1_p1_finite_high_attraction_V_0p2_seed_9210001----2026-09-09_12-25-21.h5,article_s1_p1_finite_high_attraction_V_0p2_seed_9210001,16000,11.19999960064888,2,0.1,3.57479989528656,4.369199872016907,1,simsv-interval-radius-graph-1.1,6.0,14853,1425090,49000,59288,10288,0.1735258399676157,49000.0,59288.0,10288.0,12556.0,12659.0,103.0,0.8453511075203662,0.8522857335218474,0.006934626001481203,6.597993671312193,7.983303036423618,1.385309365111425,1425.0,1522.0,97.0,0.08368679728001077,0.09190062613613412,0.008213828856123345
builds/article_s1_p1_finite_high_attraction_V_0p2_seed_9210001----2026-09-09_12-25-21/simulation_Rawdata___article_s1_p1_finite_high_attraction_V_0p2_seed_9210001----2026-09-09_12-25-21.h5,article_s1_p1_finite_high_attraction_V_0p2_seed_9210001,24000,16.79999940097332,3,0.0,3.9719998836517334,3.9719998836517334,1,simsv-interval-radius-graph-1.1,2.0,14853,1776195,42596,42596,0,0.0,42596.0,42596.0,0.0,13391.0,13391.0,0.0,0.9015687066585875,0.9015687066585875,0.0,5.735676294351309,5.735676294351309,0.0,1172.0,1172.0,0.0,0.07601158015215781,0.07601158015215781,0.0
builds/article_s1_p1_finite_high_attraction_V_0p2_seed_9210001----2026-09-09_12-25-21/simulation_Rawdata___article_s1_p1_finite_high_attraction_V_0p2_seed_9210001----2026-09-09_12-25-21.h5,article_s1_p1_finite_high_attraction_V_0p2_seed_9210001,24000,16.79999940097332,3,0.025,3.87269988656044,4.071299880743027,1,simsv-interval-radius-graph-1.1,2.0,14853,1776195,41929,43313,1384,0.03195345508276961,41929.0,43313.0,1384.0,13387.0,13398.0,11.0,0.9012994007944523,0.9020399919208241,0.0007405911263718146,5.645862788662223,5.832222446643776,0.18635965798155318,1163.0,1179.0,16.0,0.07533831549181984,0.0766848448124958,0.001346529320675957
builds/article_s1_p1_finite_high_attraction_V_0p2_seed_9210001----2026-09-09_12-25-21/simulation_Rawdata___article_s1_p1_finite_high_attraction_V_0p2_seed_9210001----2026-09-09_12-25-21.h5,article_s1_p1_finite_high_attraction_V_0p2_seed_9210001,24000,16.79999940097332,3,0.05,3.7733998894691467,4.17059987783432,1,simsv-interval-radius-graph-1.1,2.0,14853,1776195,41267,44005,2738,0.062220202249744345,41267.0,44005.0,2738.0,13383.0,13406.0,23.0,0.9010300949303172,0.9025786036490945,0.0015485087187773194,5.556722547633474,5.925402275634552,0.3686797280010774,1155.0,1184.0,29.0,0.07479970376354945,0.07708880360869858,0.00228909984514912
builds/article_s1_p1_finite_high_attraction_V_0p2_seed_9210001----2026-09-09_12-25-21/simulation_Rawdata___article_s1_p1_finite_high_attraction_V_0p2_seed_9210001----2026-09-09_12-25-21.h5,article_s1_p1_finite_high_attraction_V_0p2_seed_9210001,24000,16.79999940097332,3,0.1,3.57479989528656,4.369199872016907,1,simsv-interval-radius-graph-1.1,0.0,14853,1666391,17671,36337,18666,0.5136912788617662,17671.0,36337.0,18666.0,12199.0,13292.0,1093.0,0.8213155591463004,0.8949033865212415,0.07358782737494107,2.3794519625664847,4.892883592540228,2.513431629973743,1291.0,2398.0,1107.0,0.08483134720258534,0.16111223321887835,0.07628088601629301
builds/article_s1_p1_finite_high_attraction_V_0p2_seed_9210001----2026-09-09_12-25-21/simulation_Rawdata___article_s1_p1_finite_high_attraction_V_0p2_seed_9210001----2026-09-09_12-25-21.h5,article_s1_p1_finite_high_attraction_V_0p2_seed_9210001,24000,16.79999940097332,3,0.1,3.57479989528656,4.369199872016907,1,simsv-interval-radius-graph-1.1,2.0,14853,1776195,39908,45384,5476,0.12065926317644984,39908.0,45384.0,5476.0,13374.0,13416.0,42.0,0.900424156736013,0.9032518683094325,0.0028277115734195446,5.373729212953612,6.111088668955767,0.7373594560021548,1143.0,1199.0,56.0,0.07385713323907628,0.07836800646334074,0.004510873224264467
builds/article_s1_p1_finite_high_attraction_V_0p2_seed_9210001----2026-09-09_12-25-21/simulation_Rawdata___article_s1_p1_finite_high_attraction_V_0p2_seed_9210001----2026-09-09_12-25-21.h5,article_s1_p1_finite_high_attraction_V_0p2_seed_9210001,24000,16.79999940097332,3,0.1,3.57479989528656,4.369199872016907,1,simsv-interval-radius-graph-1.1,4.0,14853,1890305,48317,56347,8030,0.14250980531350382,48317.0,56347.0,8030.0,13434.0,13464.0,30.0,0.9044637446980408,0.9064835386790547,0.0020197939810139287,6.506025718710025,7.587288763212819,1.0812630445027942,1074.0,1123.0,49.0,0.06820171009223726,0.07244327745236652,0.004241567360129261
builds/article_s1_p1_finite_high_attraction_V_0p2_seed_9210001----2026-09-09_12-25-21/simulation_Rawdata___article_s1_p1_finite_high_attraction_V_0p2_seed_9210001----2026-09-09_12-25-21.h5,article_s1_p1_finite_high_attraction_V_0p2_seed_9210001,24000,16.79999940097332,3,0.1,3.57479989528656,4.369199872016907,1,simsv-interval-radius-graph-1.1,6.0,14853,2008195,60480,73993,13513,0.1826253834822213,60480.0,73993.0,13513.0,13481.0,13523.0,42.0,0.9076280886016292,0.9104558001750488,0.0028277115734195446,8.143809331448193,9.963374402477614,1.8195650710294213,995.0,1049.0,54.0,0.061940348751094054,0.06618191611122332,0.004241567360129261
builds/article_s1_p1_finite_high_attraction_V_0p2_seed_9210001----2026-09-09_12-25-21/simulation_Rawdata___article_s1_p1_finite_high_attraction_V_0p2_seed_9210001----2026-09-09_12-25-21.h5,article_s1_p1_finite_high_attraction_V_0p2_seed_9210001,32000,22.39999920129776,4,0.0,3.9719998836517334,3.9719998836517334,1,simsv-interval-radius-graph-1.1,2.0,14853,2478950,50756,50756,0,0.0,50756.0,50756.0,0.0,13846.0,13846.0,0.0,0.9322022487039655,0.9322022487039655,0.0,6.834444220022891,6.834444220022891,0.0,788.0,788.0,0.0,0.05157207298188918,0.05157207298188918,0.0
builds/article_s1_p1_finite_high_attraction_V_0p2_seed_9210001----2026-09-09_12-25-21/simulation_Rawdata___article_s1_p1_finite_high_attraction_V_0p2_seed_9210001----2026-09-09_12-25-21.h5,article_s1_p1_finite_high_attraction_V_0p2_seed_9210001,32000,22.39999920129776,4,0.025,3.87269988656044,4.071299880743027,1,simsv-interval-radius-graph-1.1,2.0,14853,2478950,49931,51601,1670,0.03236371388151393,49931.0,51601.0,1670.0,13846.0,13851.0,5.0,0.9322022487039655,0.9325388810341345,0.0003366323301690066,6.723355551067124,6.948225947620009,0.22487039655288488,783.0,790.0,7.0,0.05123544065172019,0.051774052379990575,0.0005386117282703828
builds/article_s1_p1_finite_high_attraction_V_0p2_seed_9210001----2026-09-09_12-25-21/simulation_Rawdata___article_s1_p1_finite_high_attraction_V_0p2_seed_9210001----2026-09-09_12-25-21.h5,article_s1_p1_finite_high_attraction_V_0p2_seed_9210001,32000,22.39999920129776,4,0.05,3.7733998894691467,4.17059987783432,1,simsv-interval-radius-graph-1.1,2.0,14853,2478950,49084,52468,3384,0.06449645498208431,49084.0,52468.0,3384.0,13841.0,13852.0,11.0,0.9318656163737965,0.9326062075001683,0.0007405911263718146,6.609304517605871,7.064970039722615,0.45566552211674427,779.0,796.0,17.0,0.050831481855517405,0.052245337642227156,0.0014138557867097515
builds/article_s1_p1_finite_high_attraction_V_0p2_seed_9210001----2026-09-09_12-25-21/simulation_Rawdata___article_s1_p1_finite_high_attraction_V_0p2_seed_9210001----2026-09-09_12-25-21.h5,article_s1_p1_finite_high_attraction_V_0p2_seed_9210001,32000,22.39999920129776,4,0.1,3.57479989528656,4.369199872016907,1,simsv-interval-radius-graph-1.1,0.0,14853,2318627,20475,43309,22834,0.5272345240019396,20475.0,43309.0,22834.0,12962.0,13798.0,836.0,0.8726856527300882,0.9289705783343433,0.05628492560425502,2.7570187840840235,5.831683834915506,3.074665050831482,846.0,1722.0,876.0,0.05567898740995085,0.11573419511209856,0.060055207702147714
builds/article_s1_p1_finite_high_attraction_V_0p2_seed_9210001----2026-09-09_12-25-21/simulation_Rawdata___article_s1_p1_finite_high_attraction_V_0p2_seed_9210001----2026-09-09_12-25-21.h5,article_s1_p1_finite_high_attraction_V_0p2_seed_9210001,32000,22.39999920129776,4,0.1,3.57479989528656,4.369199872016907,1,simsv-interval-radius-graph-1.1,2.0,14853,2478950,47403,54314,6911,0.12724159516883307,47403.0,54314.0,6911.0,13833.0,13858.0,25.0,0.9313270046455262,0.9330101662963711,0.001683161650844922,6.382952938800242,7.313539352319396,0.9305864135191539,773.0,804.0,31.0,0.05049484952534841,0.052783949370497546,0.002289099845149134
builds/article_s1_p1_finite_high_attraction_V_0p2_seed_9210001----2026-09-09_12-25-21/simulation_Rawdata___article_s1_p1_finite_high_attraction_V_0p2_seed_9210001----2026-09-09_12-25-21.h5,article_s1_p1_finite_high_attraction_V_0p2_seed_9210001,32000,22.39999920129776,4,0.1,3.57479989528656,4.369199872016907,1,simsv-interval-radius-graph-1.1,4.0,14853,2645239,58111,68090,9979,0.14655602878543106,58111.0,68090.0,9979.0,13867.0,13884.0,17.0,0.9336161044906753,0.9347606544132498,0.0011445499225745115,7.824816535380058,9.168518144482595,1.3437016091025376,736.0,762.0,26.0,0.047330505621759916,0.04968693193294284,0.0023564263111829215
builds/article_s1_p1_finite_high_attraction_V_0p2_seed_9210001----2026-09-09_12-25-21/simulation_Rawdata___article_s1_p1_finite_high_attraction_V_0p2_seed_9210001----2026-09-09_12-25-21.h5,article_s1_p1_finite_high_attraction_V_0p2_seed_9210001,32000,22.39999920129776,4,0.1,3.57479989528656,4.369199872016907,1,simsv-interval-radius-graph-1.1,6.0,14853,2816744,73414,90942,17528,0.19273822876118846,73414.0,90942.0,17528.0,13899.0,13912.0,13.0,0.9357705514037569,0.9366457954621962,0.0008752440584393062,9.885410354810476,12.245606948091295,2.3601965932808184,699.0,718.0,19.0,0.044637446980407995,0.046051302767117754,0.0014138557867097584
builds/article_s1_p1_finite_high_attraction_V_0p2_seed_9210001----2026-09-09_12-25-21/simulation_Rawdata___article_s1_p1_finite_high_attraction_V_0p2_seed_9210001----2026-09-09_12-25-21.h5,article_s1_p1_finite_high_attraction_V_0p2_seed_9210001,40000,27.9999990016222,5,0.0,3.9719998836517334,3.9719998836517334,1,simsv-interval-radius-graph-1.1,2.0,14853,3313137,58722,58722,0,0.0,58722.0,58722.0,0.0,14165.0,14165.0,0.0,0.953679391368747,0.953679391368747,0.0,7.907089476873359,7.907089476873359,0.0,513.0,513.0,0.0,0.03346125361879755,0.03346125361879755,0.0
builds/article_s1_p1_finite_high_attraction_V_0p2_seed_9210001----2026-09-09_12-25-21/simulation_Rawdata___article_s1_p1_finite_high_attraction_V_0p2_seed_9210001----2026-09-09_12-25-21.h5,article_s1_p1_finite_high_attraction_V_0p2_seed_9210001,40000,27.9999990016222,5,0.025,3.87269988656044,4.071299880743027,1,simsv-interval-radius-graph-1.1,2.0,14853,3313137,57734,59674,1940,0.03250997084157255,57734.0,59674.0,1940.0,14162.0,14167.0,5.0,0.9534774119706456,0.9538140443008146,0.0003366323301690066,7.774052379990574,8.03527906820171,0.2612266882111358,512.0,517.0,5.0,0.03346125361879755,0.03373055948293274,0.0002693058641351914
builds/article_s1_p1_finite_high_attraction_V_0p2_seed_9210001----2026-09-09_12-25-21/simulation_Rawdata___article_s1_p1_finite_high_attraction_V_0p2_seed_9210001----2026-09-09_12-25-21.h5,article_s1_p1_finite_high_attraction_V_0p2_seed_9210001,40000,27.9999990016222,5,0.05,3.7733998894691467,4.17059987783432,1,simsv-interval-radius-graph-1.1,2.0,14853,3313137,56774,60627,3853,0.0635525425965329,56774.0,60627.0,3853.0,14157.0,14168.0,11.0,0.9531407796404767,0.9538813707668484,0.0007405911263717035,7.644785565205682,8.16360331246213,0.5188177472564472,511.0,522.0,11.0,0.03339392715276375,0.03406719181310173,0.0006732646603379785
builds/article_s1_p1_finite_high_attraction_V_0p2_seed_9210001----2026-09-09_12-25-21/simulation_Rawdata___article_s1_p1_finite_high_attraction_V_0p2_seed_9210001----2026-09-09_12-25-21.h5,article_s1_p1_finite_high_attraction_V_0p2_seed_9210001,40000,27.9999990016222,5,0.1,3.57479989528656,4.369199872016907,1,simsv-interval-radius-graph-1.1,0.0,14853,3085859,23148,50102,26954,0.5379825156680372,23148.0,50102.0,26954.0,13499.0,14120.0,621.0,0.9088399649902377,0.9506497003972262,0.04180973540698851,3.116946071500707,6.746381202450683,3.629435130949976,562.0,1210.0,648.0,0.036827576920487444,0.08133037096882785,0.044502794048340406
builds/article_s1_p1_finite_high_attraction_V_0p2_seed_9210001----2026-09-09_12-25-21/simulation_Rawdata___article_s1_p1_finite_high_attraction_V_0p2_seed_9210001----2026-09-09_12-25-21.h5,article_s1_p1_finite_high_attraction_V_0p2_seed_9210001,40000,27.9999990016222,5,0.1,3.57479989528656,4.369199872016907,1,simsv-interval-radius-graph-1.1,2.0,14853,3313137,54906,62777,7871,0.12538031444637368,54906.0,62777.0,7871.0,14155.0,14169.0,14.0,0.9530061267084091,0.9539486972328822,0.0009425705244731075,7.3932538881034136,8.453107116407459,1.0598532283040454,510.0,524.0,14.0,0.033326600686729956,0.034201844745169324,0.0008752440584393686
builds/article_s1_p1_finite_high_attraction_V_0p2_seed_9210001----2026-09-09_12-25-21/simulation_Rawdata___article_s1_p1_finite_high_attraction_V_0p2_seed_9210001----2026-09-09_12-25-21.h5,article_s1_p1_finite_high_attraction_V_0p2_seed_9210001,40000,27.9999990016222,5,0.1,3.57479989528656,4.369199872016907,1,simsv-interval-radius-graph-1.1,4.0,14853,3549252,67274,79559,12285,0.1544137055518546,67274.0,79559.0,12285.0,14175.0,14179.0,4.0,0.954352656029085,0.9546219618932202,0.0002693058641352053,9.058641351915439,10.712852622365853,1.6542112704504142,495.0,505.0,10.0,0.032114724298121594,0.033057294822594764,0.00094257052447317
builds/article_s1_p1_finite_high_attraction_V_0p2_seed_9210001----2026-09-09_12-25-21/simulation_Rawdata___article_s1_p1_finite_high_attraction_V_0p2_seed_9210001----2026-09-09_12-25-21.h5,article_s1_p1_finite_high_attraction_V_0p2_seed_9210001,40000,27.9999990016222,5,0.1,3.57479989528656,4.369199872016907,1,simsv-interval-radius-graph-1.1,6.0,14853,3795496,86514,108385,21871,0.201789915578724,86514.0,108385.0,21871.0,14183.0,14191.0,8.0,0.9548912677573554,0.9554298794856259,0.0005386117282704106,11.64936376489598,14.594358042146368,2.9449942772503874,481.0,491.0,10.0,0.031104827307614623,0.0318454184339864,0.0007405911263717799
builds/article_s1_p1_finite_high_attraction_V_0p2_seed_9210003----2026-09-11_00-03-01/simulation_Rawdata___article_s1_p1_finite_high_attraction_V_0p2_seed_9210003----2026-09-11_00-03-01.h5,article_s1_p1_finite_high_attraction_V_0p2_seed_9210003,200,0.139999995008111,0,0.0,3.9719998836517334,3.9719998836517334,1,simsv-interval-radius-graph-1.1,2.0,14853,645837,9447,9447,0,0.0,9447.0,9447.0,0.0,369.0,369.0,0.0,0.02484346596647142,0.02484346596647142,0.0,1.2720662492425772,1.2720662492425772,0.0,7654.0,7654.0,0.0,0.41654884535110753,0.41654884535110753,0.0
builds/article_s1_p1_finite_high_attraction_V_0p2_seed_9210003----2026-09-11_00-03-01/simulation_Rawdata___article_s1_p1_finite_high_attraction_V_0p2_seed_9210003----2026-09-11_00-03-01.h5,article_s1_p1_finite_high_attraction_V_0p2_seed_9210003,200,0.139999995008111,0,0.025,3.87269988656044,4.071299880743027,1,simsv-interval-radius-graph-1.1,2.0,14853,645837,9322,9596,274,0.028553563984993747,9322.0,9596.0,274.0,368.0,374.0,6.0,0.02477613950043762,0.025180098296640408,0.00040395879620278713,1.2552346327341277,1.292129536120649,0.03689490338652135,7574.0,7717.0,143.0,0.4094795664175587,0.4229448596243183,0.013465293206759599
builds/article_s1_p1_finite_high_attraction_V_0p2_seed_9210003----2026-09-11_00-03-01/simulation_Rawdata___article_s1_p1_finite_high_attraction_V_0p2_seed_9210003----2026-09-11_00-03-01.h5,article_s1_p1_finite_high_attraction_V_0p2_seed_9210003,200,0.139999995008111,0,0.05,3.7733998894691467,4.17059987783432,1,simsv-interval-radius-graph-1.1,2.0,14853,645837,9211,9755,544,0.0557662737057919,9211.0,9755.0,544.0,367.0,595.0,228.0,0.024708813034403823,0.04005924729010974,0.015350434255705918,1.2402881572746247,1.3135393523193968,0.07325119504477207,7488.0,7776.0,288.0,0.4024776139500438,0.42806167104288695,0.02558405709284317
builds/article_s1_p1_finite_high_attraction_V_0p2_seed_9210003----2026-09-11_00-03-01/simulation_Rawdata___article_s1_p1_finite_high_attraction_V_0p2_seed_9210003----2026-09-11_00-03-01.h5,article_s1_p1_finite_high_attraction_V_0p2_seed_9210003,200,0.139999995008111,0,0.1,3.57479989528656,4.369199872016907,1,simsv-interval-radius-graph-1.1,0.0,14853,591983,4840,8412,3572,0.4246314788397527,4840.0,8412.0,3572.0,306.0,351.0,45.0,0.020601898606342154,0.023631589577863057,0.0030296909715209035,0.6517201912071635,1.1327004645526155,0.480980273345452,8188.0,10466.0,2278.0,0.4621288628559887,0.6927220090217464,0.2305931461657577
builds/article_s1_p1_finite_high_attraction_V_0p2_seed_9210003----2026-09-11_00-03-01/simulation_Rawdata___article_s1_p1_finite_high_attraction_V_0p2_seed_9210003----2026-09-11_00-03-01.h5,article_s1_p1_finite_high_attraction_V_0p2_seed_9210003,200,0.139999995008111,0,0.1,3.57479989528656,4.369199872016907,1,simsv-interval-radius-graph-1.1,2.0,14853,645837,8977,10059,1082,0.10756536435033304,8977.0,10059.0,1082.0,365.0,604.0,239.0,0.024574160102336227,0.040665185484413925,0.016091025382077698,1.2087793711708072,1.3544738436679458,0.14569447249713852,7325.0,7901.0,576.0,0.388743014879149,0.440045781996903,0.051302767117754
builds/article_s1_p1_finite_high_attraction_V_0p2_seed_9210003----2026-09-11_00-03-01/simulation_Rawdata___article_s1_p1_finite_high_attraction_V_0p2_seed_9210003----2026-09-11_00-03-01.h5,article_s1_p1_finite_high_attraction_V_0p2_seed_9210003,200,0.139999995008111,0,0.1,3.57479989528656,4.369199872016907,1,simsv-interval-radius-graph-1.1,4.0,14853,703480,10652,12207,1555,0.12738592610797084,10652.0,12207.0,1555.0,616.0,758.0,142.0,0.0414731030768195,0.051033461253618795,0.009560358176799295,1.4343230323840301,1.6437083417491416,0.20938530936511146,6289.0,7068.0,779.0,0.30768194977445634,0.36908368679728,0.061401737022823644
builds/article_s1_p1_finite_high_attraction_V_0p2_seed_9210003----2026-09-11_00-03-01/simulation_Rawdata___article_s1_p1_finite_high_attraction_V_0p2_seed_9210003----2026-09-11_00-03-01.h5,article_s1_p1_finite_high_attraction_V_0p2_seed_9210003,200,0.139999995008111,0,0.1,3.57479989528656,4.369199872016907,1,simsv-interval-radius-graph-1.1,6.0,14853,763739,13031,15355,2324,0.15135135135135136,13031.0,15355.0,2324.0,799.0,1089.0,290.0,0.05379384636100451,0.0733185215108059,0.019524675149801385,1.7546623577728404,2.067595771897933,0.31293341412509257,4976.0,5938.0,962.0,0.22170605264929644,0.28620480710967483,0.0644987544603784
builds/article_s1_p1_finite_high_attraction_V_0p2_seed_9210003----2026-09-11_00-03-01/simulation_Rawdata___article_s1_p1_finite_high_attraction_V_0p2_seed_9210003----2026-09-11_00-03-01.h5,article_s1_p1_finite_high_attraction_V_0p2_seed_9210003,8000,5.59999980032444,1,0.0,3.9719998836517334,3.9719998836517334,1,simsv-interval-radius-graph-1.1,2.0,14853,834172,26086,26086,0,0.0,26086.0,26086.0,0.0,5897.0,5897.0,0.0,0.39702417020130615,0.39702417020130615,0.0,3.5125563859153033,3.5125563859153033,0.0,2789.0,2789.0,0.0,0.16959536793913688,0.16959536793913688,0.0
builds/article_s1_p1_finite_high_attraction_V_0p2_seed_9210003----2026-09-11_00-03-01/simulation_Rawdata___article_s1_p1_finite_high_attraction_V_0p2_seed_9210003----2026-09-11_00-03-01.h5,article_s1_p1_finite_high_attraction_V_0p2_seed_9210003,8000,5.59999980032444,1,0.025,3.87269988656044,4.071299880743027,1,simsv-interval-radius-graph-1.1,2.0,14853,834172,25720,26458,738,0.027893264797036812,25720.0,26458.0,738.0,5893.0,6290.0,397.0,0.39675486433717094,0.4234834713525887,0.026728607015417738,3.4632734127785634,3.562647276644449,0.09937386386588543,2763.0,2811.0,48.0,0.16737359456002154,0.17141318252204943,0.004039587962027885
builds/article_s1_p1_finite_high_attraction_V_0p2_seed_9210003----2026-09-11_00-03-01/simulation_Rawdata___article_s1_p1_finite_high_attraction_V_0p2_seed_9210003----2026-09-11_00-03-01.h5,article_s1_p1_finite_high_attraction_V_0p2_seed_9210003,8000,5.59999980032444,1,0.05,3.7733998894691467,4.17059987783432,1,simsv-interval-radius-graph-1.1,2.0,14853,834172,25382,26877,1495,0.055623767533578894,25382.0,26877.0,1495.0,5888.0,6305.0,417.0,0.39641823200700194,0.42449336834309565,0.02807513633609371,3.417760721739716,3.6190668551807716,0.20130613344105575,2737.0,2833.0,96.0,0.16535380057900761,0.17323099710496195,0.007877196525954339
builds/article_s1_p1_finite_high_attraction_V_0p2_seed_9210003----2026-09-11_00-03-01/simulation_Rawdata___article_s1_p1_finite_high_attraction_V_0p2_seed_9210003----2026-09-11_00-03-01.h5,article_s1_p1_finite_high_attraction_V_0p2_seed_9210003,8000,5.59999980032444,1,0.1,3.57479989528656,4.369199872016907,1,simsv-interval-radius-graph-1.1,0.0,14853,776626,12051,22728,10677,0.4697729672650475,12051.0,22728.0,10677.0,5074.0,5800.0,726.0,0.3416144886554905,0.39049350299602775,0.04887901434053726,1.6227024843465967,3.0603918400323167,1.43768935568572,3057.0,4611.0,1554.0,0.18945667541910724,0.30721066451221973,0.1177539890931125
builds/article_s1_p1_finite_high_attraction_V_0p2_seed_9210003----2026-09-11_00-03-01/simulation_Rawdata___article_s1_p1_finite_high_attraction_V_0p2_seed_9210003----2026-09-11_00-03-01.h5,article_s1_p1_finite_high_attraction_V_0p2_seed_9210003,8000,5.59999980032444,1,0.1,3.57479989528656,4.369199872016907,1,simsv-interval-radius-graph-1.1,2.0,14853,834172,24666,27693,3027,0.109305600693316,24666.0,27693.0,3027.0,5874.0,6317.0,443.0,0.3954756614825288,0.42530128593550126,0.029825624452972488,3.3213492223793173,3.7289436477479296,0.40759442536861235,2696.0,2873.0,177.0,0.16198747727731772,0.17639534100855045,0.014407863731232734
builds/article_s1_p1_finite_high_attraction_V_0p2_seed_9210003----2026-09-11_00-03-01/simulation_Rawdata___article_s1_p1_finite_high_attraction_V_0p2_seed_9210003----2026-09-11_00-03-01.h5,article_s1_p1_finite_high_attraction_V_0p2_seed_9210003,8000,5.59999980032444,1,0.1,3.57479989528656,4.369199872016907,1,simsv-interval-radius-graph-1.1,4.0,14853,895169,29132,33057,3925,0.11873430740841577,29132.0,33057.0,3925.0,6345.0,6570.0,225.0,0.4271864269844476,0.4423348818420521,0.01514845485760452,3.9227092169932,4.451221975358513,0.5285127583653133,2422.0,2622.0,200.0,0.13869252002962365,0.15633205413047868,0.01763953410085503
builds/article_s1_p1_finite_high_attraction_V_0p2_seed_9210003----2026-09-11_00-03-01/simulation_Rawdata___article_s1_p1_finite_high_attraction_V_0p2_seed_9210003----2026-09-11_00-03-01.h5,article_s1_p1_finite_high_attraction_V_0p2_seed_9210003,8000,5.59999980032444,1,0.1,3.57479989528656,4.369199872016907,1,simsv-interval-radius-graph-1.1,6.0,14853,960915,34919,41173,6254,0.15189565977703834,34919.0,41173.0,6254.0,8787.0,9475.0,688.0,0.591597657038982,0.637918265670235,0.04632060863125298,4.701945734868377,5.5440651720191205,0.8421194371507434,2130.0,2358.0,228.0,0.1147242981215916,0.133575708611055,0.0188514104894634
builds/article_s1_p1_finite_high_attraction_V_0p2_seed_9210003----2026-09-11_00-03-01/simulation_Rawdata___article_s1_p1_finite_high_attraction_V_0p2_seed_9210003----2026-09-11_00-03-01.h5,article_s1_p1_finite_high_attraction_V_0p2_seed_9210003,16000,11.19999960064888,2,0.0,3.9719998836517334,3.9719998836517334,1,simsv-interval-radius-graph-1.1,2.0,14853,1184796,34075,34075,0,0.0,34075.0,34075.0,0.0,12141.0,12141.0,0.0,0.8174106241163401,0.8174106241163401,0.0,4.588298660203326,4.588298660203326,0.0,1655.0,1655.0,0.0,0.10462532821652192,0.10462532821652192,0.0
builds/article_s1_p1_finite_high_attraction_V_0p2_seed_9210003----2026-09-11_00-03-01/simulation_Rawdata___article_s1_p1_finite_high_attraction_V_0p2_seed_9210003----2026-09-11_00-03-01.h5,article_s1_p1_finite_high_attraction_V_0p2_seed_9210003,16000,11.19999960064888,2,0.025,3.87269988656044,4.071299880743027,1,simsv-interval-radius-graph-1.1,2.0,14853,1184796,33563,34610,1047,0.030251372435712222,33563.0,34610.0,1047.0,12135.0,12150.0,15.0,0.8170066653201373,0.8180165623106443,0.0010098969905070199,4.519356358984717,4.66033797885949,0.14098161987477287,1641.0,1665.0,24.0,0.10348077829394735,0.10543324580892749,0.0019524675149801413
builds/article_s1_p1_finite_high_attraction_V_0p2_seed_9210003----2026-09-11_00-03-01/simulation_Rawdata___article_s1_p1_finite_high_attraction_V_0p2_seed_9210003----2026-09-11_00-03-01.h5,article_s1_p1_finite_high_attraction_V_0p2_seed_9210003,16000,11.19999960064888,2,0.05,3.7733998894691467,4.17059987783432,1,simsv-interval-radius-graph-1.1,2.0,14853,1184796,33060,35113,2053,0.05846837353686669,33060.0,35113.0,2053.0,12126.0,12158.0,32.0,0.8164007271258331,0.8185551740389146,0.0021544469130815314,4.451625934154716,4.72806840368949,0.276442469534774,1630.0,1678.0,48.0,0.10274018716757558,0.10657779573150206,0.003837608563926481
builds/article_s1_p1_finite_high_attraction_V_0p2_seed_9210003----2026-09-11_00-03-01/simulation_Rawdata___article_s1_p1_finite_high_attraction_V_0p2_seed_9210003----2026-09-11_00-03-01.h5,article_s1_p1_finite_high_attraction_V_0p2_seed_9210003,16000,11.19999960064888,2,0.1,3.57479989528656,4.369199872016907,1,simsv-interval-radius-graph-1.1,0.0,14853,1110380,14755,29328,14573,0.49689716312056736,14755.0,29328.0,14573.0,10777.0,12011.0,1234.0,0.7255773244462398,0.8086581835319464,0.08308085908570662,1.9868040126573756,3.949101191678449,1.9622971790210733,1826.0,3188.0,1362.0,0.11728270383087591,0.2134248973271393,0.09614219349626338
builds/article_s1_p1_finite_high_attraction_V_0p2_seed_9210003----2026-09-11_00-03-01/simulation_Rawdata___article_s1_p1_finite_high_attraction_V_0p2_seed_9210003----2026-09-11_00-03-01.h5,article_s1_p1_finite_high_attraction_V_0p2_seed_9210003,16000,11.19999960064888,2,0.1,3.57479989528656,4.369199872016907,1,simsv-interval-radius-graph-1.1,2.0,14853,1184796,32013,36190,4177,0.11541862392926222,32013.0,36190.0,4177.0,12112.0,12169.0,57.0,0.81545815660136,0.8192957651652865,0.0038376085639264534,4.310644314279943,4.873089611526291,0.5624452972463478,1615.0,1701.0,86.0,0.1015283107789672,0.10859758971251599,0.007069278933548778
builds/article_s1_p1_finite_high_attraction_V_0p2_seed_9210003----2026-09-11_00-03-01/simulation_Rawdata___article_s1_p1_finite_high_attraction_V_0p2_seed_9210003----2026-09-11_00-03-01.h5,article_s1_p1_finite_high_attraction_V_0p2_seed_9210003,16000,11.19999960064888,2,0.1,3.57479989528656,4.369199872016907,1,simsv-interval-radius-graph-1.1,4.0,14853,1262832,38464,44316,5852,0.13205162920841232,38464.0,44316.0,5852.0,12286.0,12328.0,42.0,0.8271729616912409,0.8300006732646603,0.0028277115734194336,5.179290379048004,5.967279337507574,0.7879889584595707,1506.0,1575.0,69.0,0.09297784959267488,0.09883525213761529,0.00585740254494041
builds/article_s1_p1_finite_high_attraction_V_0p2_seed_9210003----2026-09-11_00-03-01/simulation_Rawdata___article_s1_p1_finite_high_attraction_V_0p2_seed_9210003----2026-09-11_00-03-01.h5,article_s1_p1_finite_high_attraction_V_0p2_seed_9210003,16000,11.19999960064888,2,0.1,3.57479989528656,4.369199872016907,1,simsv-interval-radius-graph-1.1,6.0,14853,1344888,47121,56836,9715,0.17093039622774298,47121.0,56836.0,9715.0,12352.0,12521.0,169.0,0.8316165084494714,0.8429946812091833,0.011378172759711869,6.34498081195718,7.653134046993873,1.3081532350366931,1373.0,1473.0,100.0,0.0824749208914024,0.09075607621355955,0.008281155322157147
builds/article_s1_p1_finite_high_attraction_V_0p2_seed_9210003----2026-09-11_00-03-01/simulation_Rawdata___article_s1_p1_finite_high_attraction_V_0p2_seed_9210003----2026-09-11_00-03-01.h5,article_s1_p1_finite_high_attraction_V_0p2_seed_9210003,24000,16.79999940097332,3,0.0,3.9719998836517334,3.9719998836517334,1,simsv-interval-radius-graph-1.1,2.0,14853,1721989,42369,42369,0,0.0,42369.0,42369.0,0.0,13488.0,13488.0,0.0,0.9080993738638659,0.9080993738638659,0.0,5.705110078771965,5.705110078771965,0.0,1075.0,1075.0,0.0,0.06934626001481183,0.06934626001481183,0.0
builds/article_s1_p1_finite_high_attraction_V_0p2_seed_9210003----2026-09-11_00-03-01/simulation_Rawdata___article_s1_p1_finite_high_attraction_V_0p2_seed_9210003----2026-09-11_00-03-01.h5,article_s1_p1_finite_high_attraction_V_0p2_seed_9210003,24000,16.79999940097332,3,0.025,3.87269988656044,4.071299880743027,1,simsv-interval-radius-graph-1.1,2.0,14853,1721989,41694,43041,1347,0.0312957412699519,41694.0,43041.0,1347.0,13481.0,13491.0,10.0,0.9076280886016292,0.9083013532619673,0.0006732646603380132,5.614219349626338,5.79559684912139,0.18137749949505189,1071.0,1082.0,11.0,0.06900962768464283,0.0698175452770484,0.0008079175924055743
builds/article_s1_p1_finite_high_attraction_V_0p2_seed_9210003----2026-09-11_00-03-01/simulation_Rawdata___article_s1_p1_finite_high_attraction_V_0p2_seed_9210003----2026-09-11_00-03-01.h5,article_s1_p1_finite_high_attraction_V_0p2_seed_9210003,24000,16.79999940097332,3,0.05,3.7733998894691467,4.17059987783432,1,simsv-interval-radius-graph-1.1,2.0,14853,1721989,41023,43787,2764,0.063123758193071,41023.0,43787.0,2764.0,13478.0,13497.0,19.0,0.907426109203528,0.9087053120581701,0.0012792028546421141,5.523867232208981,5.896047936443816,0.37218070423483507,1066.0,1085.0,19.0,0.06874032182050764,0.0700195246751498,0.0012792028546421558
builds/article_s1_p1_finite_high_attraction_V_0p2_seed_9210003----2026-09-11_00-03-01/simulation_Rawdata___article_s1_p1_finite_high_attraction_V_0p2_seed_9210003----2026-09-11_00-03-01.h5,article_s1_p1_finite_high_attraction_V_0p2_seed_9210003,24000,16.79999940097332,3,0.1,3.57479989528656,4.369199872016907,1,simsv-interval-radius-graph-1.1,0.0,14853,1614778,17638,36279,18641,0.5138234240194052,17638.0,36279.0,18641.0,12298.0,13388.0,1090.0,0.8279808792836464,0.9013667272604861,0.07338584797683967,2.3750084158082543,4.885073722480307,2.5100653066720526,1180.0,2348.0,1168.0,0.0764828654143944,0.15767858345115465,0.08119571803676025
builds/article_s1_p1_finite_high_attraction_V_0p2_seed_9210003----2026-09-11_00-03-01/simulation_Rawdata___article_s1_p1_finite_high_attraction_V_0p2_seed_9210003----2026-09-11_00-03-01.h5,article_s1_p1_finite_high_attraction_V_0p2_seed_9210003,24000,16.79999940097332,3,0.1,3.57479989528656,4.369199872016907,1,simsv-interval-radius-graph-1.1,2.0,14853,1721989,39672,45279,5607,0.12383224011130987,39672.0,45279.0,5607.0,13465.0,13512.0,47.0,0.9065508651450885,0.9097152090486771,0.0031643439035885512,5.34195112098566,6.096950111088669,0.754998990103009,1049.0,1098.0,49.0,0.06759577189793307,0.07089476873358917,0.0032989968356560984
builds/article_s1_p1_finite_high_attraction_V_0p2_seed_9210003----2026-09-11_00-03-01/simulation_Rawdata___article_s1_p1_finite_high_attraction_V_0p2_seed_9210003----2026-09-11_00-03-01.h5,article_s1_p1_finite_high_attraction_V_0p2_seed_9210003,24000,16.79999940097332,3,0.1,3.57479989528656,4.369199872016907,1,simsv-interval-radius-graph-1.1,4.0,14853,1833241,48184,56370,8186,0.14521908816746495,48184.0,56370.0,8186.0,13540.0,13693.0,153.0,0.9116003500976234,0.9219012994007945,0.010300949303171048,6.488116878745035,7.590385780650374,1.1022689019053393,964.0,1022.0,58.0,0.06167104288695886,0.06591261024708812,0.004241567360129261
builds/article_s1_p1_finite_high_attraction_V_0p2_seed_9210003----2026-09-11_00-03-01/simulation_Rawdata___article_s1_p1_finite_high_attraction_V_0p2_seed_9210003----2026-09-11_00-03-01.h5,article_s1_p1_finite_high_attraction_V_0p2_seed_9210003,24000,16.79999940097332,3,0.1,3.57479989528656,4.369199872016907,1,simsv-interval-radius-graph-1.1,6.0,14853,1948731,60355,73717,13362,0.18126076752987777,60355.0,73717.0,13362.0,13711.0,13739.0,28.0,0.9231131757894028,0.9249983168383492,0.001885141048946437,8.126977714939743,9.926210193226957,1.7992324782872142,901.0,944.0,43.0,0.05682353733252542,0.06025718710024911,0.003433649767723694
builds/article_s1_p1_finite_high_attraction_V_0p2_seed_9210003----2026-09-11_00-03-01/simulation_Rawdata___article_s1_p1_finite_high_attraction_V_0p2_seed_9210003----2026-09-11_00-03-01.h5,article_s1_p1_finite_high_attraction_V_0p2_seed_9210003,32000,22.39999920129776,4,0.0,3.9719998836517334,3.9719998836517334,1,simsv-interval-radius-graph-1.1,2.0,14853,2452730,51009,51009,0,0.0,51009.0,51009.0,0.0,14035.0,14035.0,0.0,0.9449269507843533,0.9449269507843533,0.0,6.868511411835993,6.868511411835993,0.0,750.0,750.0,0.0,0.04901366727260486,0.04901366727260486,0.0
builds/article_s1_p1_finite_high_attraction_V_0p2_seed_9210003----2026-09-11_00-03-01/simulation_Rawdata___article_s1_p1_finite_high_attraction_V_0p2_seed_9210003----2026-09-11_00-03-01.h5,article_s1_p1_finite_high_attraction_V_0p2_seed_9210003,32000,22.39999920129776,4,0.025,3.87269988656044,4.071299880743027,1,simsv-interval-radius-graph-1.1,2.0,14853,2452730,50171,51880,1709,0.032941403238242094,50171.0,51880.0,1709.0,14034.0,14042.0,8.0,0.9448596243183195,0.9453982360465899,0.0005386117282704106,6.755672254763348,6.985794115666868,0.2301218609035205,744.0,751.0,7.0,0.04860970847640207,0.04908099373863866,0.00047128526223658845
builds/article_s1_p1_finite_high_attraction_V_0p2_seed_9210003----2026-09-11_00-03-01/simulation_Rawdata___article_s1_p1_finite_high_attraction_V_0p2_seed_9210003----2026-09-11_00-03-01.h5,article_s1_p1_finite_high_attraction_V_0p2_seed_9210003,32000,22.39999920129776,4,0.05,3.7733998894691467,4.17059987783432,1,simsv-interval-radius-graph-1.1,2.0,14853,2452730,49350,52770,3420,0.0648095508811825,49350.0,52770.0,3420.0,14030.0,14043.0,13.0,0.9445903184541843,0.9454655625126237,0.0008752440584394172,6.645122197535851,7.1056352252070285,0.4605130276711771,743.0,755.0,12.0,0.04854238201036828,0.04935029960277385,0.0008079175924055743
builds/article_s1_p1_finite_high_attraction_V_0p2_seed_9210003----2026-09-11_00-03-01/simulation_Rawdata___article_s1_p1_finite_high_attraction_V_0p2_seed_9210003----2026-09-11_00-03-01.h5,article_s1_p1_finite_high_attraction_V_0p2_seed_9210003,32000,22.39999920129776,4,0.1,3.57479989528656,4.369199872016907,1,simsv-interval-radius-graph-1.1,0.0,14853,2291658,20515,43515,23000,0.5285533724003217,20515.0,43515.0,23000.0,13137.0,13972.0,835.0,0.8844677842860028,0.940685383424224,0.05621759913822122,2.762404901366727,5.85942233892143,3.097017437554703,814.0,1672.0,858.0,0.05332256109876793,0.11236787181040866,0.059045310711640736
builds/article_s1_p1_finite_high_attraction_V_0p2_seed_9210003----2026-09-11_00-03-01/simulation_Rawdata___article_s1_p1_finite_high_attraction_V_0p2_seed_9210003----2026-09-11_00-03-01.h5,article_s1_p1_finite_high_attraction_V_0p2_seed_9210003,32000,22.39999920129776,4,0.1,3.57479989528656,4.369199872016907,1,simsv-interval-radius-graph-1.1,2.0,14853,2452730,47660,54539,6879,0.12612992537450265,47660.0,54539.0,6879.0,14022.0,14046.0,24.0,0.944051706725914,0.9456675419107251,0.0016158351848111208,6.4175587423416145,7.343836262034606,0.9262775196929915,737.0,764.0,27.0,0.047936443816064093,0.05002356426311183,0.002087120447047737
builds/article_s1_p1_finite_high_attraction_V_0p2_seed_9210003----2026-09-11_00-03-01/simulation_Rawdata___article_s1_p1_finite_high_attraction_V_0p2_seed_9210003----2026-09-11_00-03-01.h5,article_s1_p1_finite_high_attraction_V_0p2_seed_9210003,32000,22.39999920129776,4,0.1,3.57479989528656,4.369199872016907,1,simsv-interval-radius-graph-1.1,4.0,14853,2621031,58417,68600,10183,0.1484402332361516,58417.0,68600.0,10183.0,14062.0,14072.0,10.0,0.9467447653672658,0.9474180300276038,0.0006732646603380132,7.8660203325927425,9.23719113983707,1.3711708072443267,705.0,720.0,15.0,0.045445364572813576,0.04672456742745573,0.0012792028546421558
builds/article_s1_p1_finite_high_attraction_V_0p2_seed_9210003----2026-09-11_00-03-01/simulation_Rawdata___article_s1_p1_finite_high_attraction_V_0p2_seed_9210003----2026-09-11_00-03-01.h5,article_s1_p1_finite_high_attraction_V_0p2_seed_9210003,32000,22.39999920129776,4,0.1,3.57479989528656,4.369199872016907,1,simsv-interval-radius-graph-1.1,6.0,14853,2794324,74061,92130,18069,0.19612504070335396,74061.0,92130.0,18069.0,14089.0,14105.0,16.0,0.9485625799501785,0.9496398034067192,0.0010772234565407102,9.97253080185821,12.405574631387598,2.433043829529387,662.0,687.0,25.0,0.04201171480508988,0.044166161718171414,0.0021544469130815314
builds/article_s1_p1_finite_high_attraction_V_0p2_seed_9210003----2026-09-11_00-03-01/simulation_Rawdata___article_s1_p1_finite_high_attraction_V_0p2_seed_9210003----2026-09-11_00-03-01.h5,article_s1_p1_finite_high_attraction_V_0p2_seed_9210003,40000,27.9999990016222,5,0.0,3.9719998836517334,3.9719998836517334,1,simsv-interval-radius-graph-1.1,2.0,14853,3280770,59356,59356,0,0.0,59356.0,59356.0,0.0,14356.0,14356.0,0.0,0.9665387463812024,0.9665387463812024,0.0,7.992459435804214,7.992459435804214,0.0,472.0,472.0,0.0,0.031441459637783616,0.031441459637783616,0.0
builds/article_s1_p1_finite_high_attraction_V_0p2_seed_9210003----2026-09-11_00-03-01/simulation_Rawdata___article_s1_p1_finite_high_attraction_V_0p2_seed_9210003----2026-09-11_00-03-01.h5,article_s1_p1_finite_high_attraction_V_0p2_seed_9210003,40000,27.9999990016222,5,0.025,3.87269988656044,4.071299880743027,1,simsv-interval-radius-graph-1.1,2.0,14853,3280770,58368,60389,2021,0.03346635976750733,58368.0,60389.0,2021.0,14354.0,14356.0,2.0,0.9664040934491348,0.9665387463812024,0.00013465293206760265,7.85942233892143,8.131555914630042,0.27213357570861163,472.0,474.0,2.0,0.031441459637783616,0.03157611256985121,0.0001346529320675957
builds/article_s1_p1_finite_high_attraction_V_0p2_seed_9210003----2026-09-11_00-03-01/simulation_Rawdata___article_s1_p1_finite_high_attraction_V_0p2_seed_9210003----2026-09-11_00-03-01.h5,article_s1_p1_finite_high_attraction_V_0p2_seed_9210003,40000,27.9999990016222,5,0.05,3.7733998894691467,4.17059987783432,1,simsv-interval-radius-graph-1.1,2.0,14853,3280770,57382,61404,4022,0.06550061885219204,57382.0,61404.0,4022.0,14354.0,14356.0,2.0,0.9664040934491348,0.9665387463812024,0.00013465293206760265,7.726654547902781,8.26822864067865,0.5415740927758694,472.0,474.0,2.0,0.031441459637783616,0.03157611256985121,0.0001346529320675957
builds/article_s1_p1_finite_high_attraction_V_0p2_seed_9210003----2026-09-11_00-03-01/simulation_Rawdata___article_s1_p1_finite_high_attraction_V_0p2_seed_9210003----2026-09-11_00-03-01.h5,article_s1_p1_finite_high_attraction_V_0p2_seed_9210003,40000,27.9999990016222,5,0.1,3.57479989528656,4.369199872016907,1,simsv-interval-radius-graph-1.1,0.0,14853,3051480,23144,50468,27324,0.5414123801220575,23144.0,50468.0,27324.0,13600.0,14324.0,724.0,0.9156399380596513,0.9643842994681209,0.048744361408469605,3.1164074597724367,6.795664175587423,3.6792567158149865,504.0,1234.0,730.0,0.033528580084831346,0.082946206153639,0.04941762606880765
builds/article_s1_p1_finite_high_attraction_V_0p2_seed_9210003----2026-09-11_00-03-01/simulation_Rawdata___article_s1_p1_finite_high_attraction_V_0p2_seed_9210003----2026-09-11_00-03-01.h5,article_s1_p1_finite_high_attraction_V_0p2_seed_9210003,40000,27.9999990016222,5,0.1,3.57479989528656,4.369199872016907,1,simsv-interval-radius-graph-1.1,2.0,14853,3280770,55409,63610,8201,0.1289262694544883,55409.0,63610.0,8201.0,14348.0,14359.0,11.0,0.9660001346529321,0.9667407257793038,0.0007405911263717035,7.460984312933414,8.565273008819767,1.1042886958863534,468.0,480.0,12.0,0.031104827307614623,0.031980071366054,0.0008752440584393756
builds/article_s1_p1_finite_high_attraction_V_0p2_seed_9210003----2026-09-11_00-03-01/simulation_Rawdata___article_s1_p1_finite_high_attraction_V_0p2_seed_9210003----2026-09-11_00-03-01.h5,article_s1_p1_finite_high_attraction_V_0p2_seed_9210003,40000,27.9999990016222,5,0.1,3.57479989528656,4.369199872016907,1,simsv-interval-radius-graph-1.1,4.0,14853,3519372,68344,80683,12339,0.15293184437861757,68344.0,80683.0,12339.0,14364.0,14370.0,6.0,0.9670773581094728,0.9674813169056756,0.00040395879620280795,9.202719989227765,10.86420251800983,1.6614825287820647,452.0,462.0,10.0,0.029690971520904868,0.030633542045378038,0.00094257052447317
builds/article_s1_p1_finite_high_attraction_V_0p2_seed_9210003----2026-09-11_00-03-01/simulation_Rawdata___article_s1_p1_finite_high_attraction_V_0p2_seed_9210003----2026-09-11_00-03-01.h5,article_s1_p1_finite_high_attraction_V_0p2_seed_9210003,40000,27.9999990016222,5,0.1,3.57479989528656,4.369199872016907,1,simsv-interval-radius-graph-1.1,6.0,14853,3766172,87652,109756,22104,0.20139217901527023,87652.0,109756.0,22104.0,14377.0,14387.0,10.0,0.9679526021679122,0.9686258668282501,0.0006732646603379022,11.802598801588905,14.778967212011041,2.976368410422136,433.0,445.0,12.0,0.02841176866626271,0.029219686258668283,0.0008079175924055743
builds/article_s1_p1_finite_low_attraction_V_0p05_seed_9210002----2026-09-22_06-15-08/simulation_Rawdata___article_s1_p1_finite_low_attraction_V_0p05_seed_9210002----2026-09-22_06-15-08.h5,article_s1_p1_finite_low_attraction_V_0p05_seed_9210002,200,0.139999995008111,0,0.0,3.9719998836517334,3.9719998836517334,1,simsv-interval-radius-graph-1.1,2.0,3713,124725,2244,2244,0,0.0,2244.0,2244.0,0.0,396.0,396.0,0.0,0.10665230272017237,0.10665230272017237,0.0,1.208726097495287,1.208726097495287,0.0,1978.0,1978.0,0.0,0.4360355507675734,0.4360355507675734,0.0
builds/article_s1_p1_finite_low_attraction_V_0p05_seed_9210002----2026-09-22_06-15-08/simulation_Rawdata___article_s1_p1_finite_low_attraction_V_0p05_seed_9210002----2026-09-22_06-15-08.h5,article_s1_p1_finite_low_attraction_V_0p05_seed_9210002,200,0.139999995008111,0,0.025,3.87269988656044,4.071299880743027,1,simsv-interval-radius-graph-1.1,2.0,3713,124725,2212,2294,82,0.03574542284219703,2212.0,2294.0,82.0,394.0,396.0,2.0,0.10611365472663614,0.10665230272017237,0.0005386479935362287,1.1914893617021276,1.235658497172098,0.04416913546997048,1945.0,2001.0,56.0,0.42230002693239965,0.44411527067061674,0.021815243738217083
builds/article_s1_p1_finite_low_attraction_V_0p05_seed_9210002----2026-09-22_06-15-08/simulation_Rawdata___article_s1_p1_finite_low_attraction_V_0p05_seed_9210002----2026-09-22_06-15-08.h5,article_s1_p1_finite_low_attraction_V_0p05_seed_9210002,200,0.139999995008111,0,0.05,3.7733998894691467,4.17059987783432,1,simsv-interval-radius-graph-1.1,2.0,3713,124725,2181,2335,154,0.06595289079229122,2181.0,2335.0,154.0,392.0,397.0,5.0,0.10557500673309991,0.10692162671694048,0.0013466199838405718,1.1747912739025048,1.2577430649070833,0.0829517910045785,1919.0,2015.0,96.0,0.41287368704551575,0.44950175060597897,0.03662806356046322
builds/article_s1_p1_finite_low_attraction_V_0p05_seed_9210002----2026-09-22_06-15-08/simulation_Rawdata___article_s1_p1_finite_low_attraction_V_0p05_seed_9210002----2026-09-22_06-15-08.h5,article_s1_p1_finite_low_attraction_V_0p05_seed_9210002,200,0.139999995008111,0,0.1,3.57479989528656,4.369199872016907,1,simsv-interval-radius-graph-1.1,0.0,3713,113792,1199,1945,746,0.38354755784061695,1199.0,1945.0,746.0,288.0,376.0,88.0,0.07756531106921627,0.10126582278481013,0.023700511715593855,0.6458389442499327,1.0476703474279558,0.4018314031780231,2140.0,2621.0,481.0,0.4944788580662537,0.6959332076488015,0.20145434958254782
builds/article_s1_p1_finite_low_attraction_V_0p05_seed_9210002----2026-09-22_06-15-08/simulation_Rawdata___article_s1_p1_finite_low_attraction_V_0p05_seed_9210002----2026-09-22_06-15-08.h5,article_s1_p1_finite_low_attraction_V_0p05_seed_9210002,200,0.139999995008111,0,0.1,3.57479989528656,4.369199872016907,1,simsv-interval-radius-graph-1.1,2.0,3713,124725,2091,2408,317,0.13164451827242524,2091.0,2408.0,317.0,387.0,402.0,15.0,0.10422838674925936,0.10826824670078104,0.004039859951521688,1.1263129544842445,1.2970643684352277,0.17075141395098314,1874.0,2062.0,188.0,0.40021545919741447,0.46835443037974683,0.06813897118233236
builds/article_s1_p1_finite_low_attraction_V_0p05_seed_9210002----2026-09-22_06-15-08/simulation_Rawdata___article_s1_p1_finite_low_attraction_V_0p05_seed_9210002----2026-09-22_06-15-08.h5,article_s1_p1_finite_low_attraction_V_0p05_seed_9210002,200,0.139999995008111,0,0.1,3.57479989528656,4.369199872016907,1,simsv-interval-radius-graph-1.1,4.0,3713,136151,2557,2963,406,0.13702328720890988,2557.0,2963.0,406.0,455.0,476.0,21.0,0.12254241852949098,0.12819822246162133,0.005655803932130346,1.377322919472125,1.596014004847832,0.21869108537570692,1571.0,1803.0,232.0,0.3040667923511985,0.38163210342041476,0.07756531106921627
builds/article_s1_p1_finite_low_attraction_V_0p05_seed_9210002----2026-09-22_06-15-08/simulation_Rawdata___article_s1_p1_finite_low_attraction_V_0p05_seed_9210002----2026-09-22_06-15-08.h5,article_s1_p1_finite_low_attraction_V_0p05_seed_9210002,200,0.139999995008111,0,0.1,3.57479989528656,4.369199872016907,1,simsv-interval-radius-graph-1.1,6.0,3713,148168,3176,3770,594,0.15755968169761272,3176.0,3770.0,594.0,495.0,540.0,45.0,0.13331537840021546,0.1454349582547805,0.012119579854565049,1.7107460274710478,2.030702935631565,0.31995690816051714,1219.0,1479.0,260.0,0.21545919741448963,0.28279019660651766,0.06733099919202803
builds/article_s1_p1_finite_low_attraction_V_0p05_seed_9210002----2026-09-22_06-15-08/simulation_Rawdata___article_s1_p1_finite_low_attraction_V_0p05_seed_9210002----2026-09-22_06-15-08.h5,article_s1_p1_finite_low_attraction_V_0p05_seed_9210002,8000,5.59999980032444,1,0.0,3.9719998836517334,3.9719998836517334,1,simsv-interval-radius-graph-1.1,2.0,3713,184314,6142,6142,0,0.0,6142.0,6142.0,0.0,2831.0,2831.0,0.0,0.7624562348505252,0.7624562348505252,0.0,3.308375976299488,3.308375976299488,0.0,795.0,795.0,0.0,0.19741448963102612,0.19741448963102612,0.0
builds/article_s1_p1_finite_low_attraction_V_0p05_seed_9210002----2026-09-22_06-15-08/simulation_Rawdata___article_s1_p1_finite_low_attraction_V_0p05_seed_9210002----2026-09-22_06-15-08.h5,article_s1_p1_finite_low_attraction_V_0p05_seed_9210002,8000,5.59999980032444,1,0.025,3.87269988656044,4.071299880743027,1,simsv-interval-radius-graph-1.1,2.0,3713,184314,6037,6250,213,0.03408,6037.0,6250.0,213.0,2826.0,2833.0,7.0,0.7611096148666846,0.7629948828440614,0.0018852679773767589,3.2518179369781848,3.3665499596014006,0.1147320226232158,791.0,804.0,13.0,0.19579854565041746,0.2009157015890116,0.005117155938594131
builds/article_s1_p1_finite_low_attraction_V_0p05_seed_9210002----2026-09-22_06-15-08/simulation_Rawdata___article_s1_p1_finite_low_attraction_V_0p05_seed_9210002----2026-09-22_06-15-08.h5,article_s1_p1_finite_low_attraction_V_0p05_seed_9210002,8000,5.59999980032444,1,0.05,3.7733998894691467,4.17059987783432,1,simsv-interval-radius-graph-1.1,2.0,3713,184314,5957,6335,378,0.05966850828729282,5957.0,6335.0,378.0,2824.0,2836.0,12.0,0.7605709668731484,0.7638028548343657,0.003231887961217317,3.208726097495287,3.4123350390519795,0.20360894155669262,787.0,807.0,20.0,0.1944519256665769,0.20172367357931592,0.007271747912739018
builds/article_s1_p1_finite_low_attraction_V_0p05_seed_9210002----2026-09-22_06-15-08/simulation_Rawdata___article_s1_p1_finite_low_attraction_V_0p05_seed_9210002----2026-09-22_06-15-08.h5,article_s1_p1_finite_low_attraction_V_0p05_seed_9210002,8000,5.59999980032444,1,0.1,3.57479989528656,4.369199872016907,1,simsv-interval-radius-graph-1.1,0.0,3713,170704,2930,5296,2366,0.4467522658610272,2930.0,5296.0,2366.0,2441.0,2780.0,339.0,0.6574198761109615,0.7487207110153514,0.0913008349043899,1.5782386210611365,2.852679773767843,1.2744411527067063,855.0,1212.0,357.0,0.21626716940479396,0.3253433880958793,0.10907621869108536
builds/article_s1_p1_finite_low_attraction_V_0p05_seed_9210002----2026-09-22_06-15-08/simulation_Rawdata___article_s1_p1_finite_low_attraction_V_0p05_seed_9210002----2026-09-22_06-15-08.h5,article_s1_p1_finite_low_attraction_V_0p05_seed_9210002,8000,5.59999980032444,1,0.1,3.57479989528656,4.369199872016907,1,simsv-interval-radius-graph-1.1,2.0,3713,184314,5755,6531,776,0.11881794518450467,5755.0,6531.0,776.0,2819.0,2842.0,23.0,0.7592243468893078,0.7654187988149744,0.006194451925666589,3.0999192028009697,3.5179100457850794,0.4179908429841097,772.0,818.0,46.0,0.18879612173444654,0.20630218152437382,0.01750605978992728
builds/article_s1_p1_finite_low_attraction_V_0p05_seed_9210002----2026-09-22_06-15-08/simulation_Rawdata___article_s1_p1_finite_low_attraction_V_0p05_seed_9210002----2026-09-22_06-15-08.h5,article_s1_p1_finite_low_attraction_V_0p05_seed_9210002,8000,5.59999980032444,1,0.1,3.57479989528656,4.369199872016907,1,simsv-interval-radius-graph-1.1,4.0,3713,198353,6938,7943,1005,0.12652650132191867,6938.0,7943.0,1005.0,2860.0,2891.0,31.0,0.7702666307568005,0.7786156746566119,0.008349043899811392,3.737139779154323,4.2784810126582276,0.5413412335039047,684.0,745.0,61.0,0.15782386210611365,0.1793697818475626,0.021545919741448954
builds/article_s1_p1_finite_low_attraction_V_0p05_seed_9210002----2026-09-22_06-15-08/simulation_Rawdata___article_s1_p1_finite_low_attraction_V_0p05_seed_9210002----2026-09-22_06-15-08.h5,article_s1_p1_finite_low_attraction_V_0p05_seed_9210002,8000,5.59999980032444,1,0.1,3.57479989528656,4.369199872016907,1,simsv-interval-radius-graph-1.1,6.0,3713,213493,8433,9896,1463,0.14783751010509297,8433.0,9896.0,1463.0,2911.0,2954.0,43.0,0.7840021545919742,0.7955830864530029,0.01158093186102871,4.542418529490978,5.330460544034474,0.7880420145434961,597.0,657.0,60.0,0.132238082413143,0.14947481820630218,0.01723673579315918
builds/article_s1_p1_finite_low_attraction_V_0p05_seed_9210002----2026-09-22_06-15-08/simulation_Rawdata___article_s1_p1_finite_low_attraction_V_0p05_seed_9210002----2026-09-22_06-15-08.h5,article_s1_p1_finite_low_attraction_V_0p05_seed_9210002,16000,11.19999960064888,2,0.0,3.9719998836517334,3.9719998836517334,1,simsv-interval-radius-graph-1.1,2.0,3713,295743,8557,8557,0,0.0,8557.0,8557.0,0.0,3203.0,3203.0,0.0,0.8626447616482629,0.8626447616482629,0.0,4.60921088068947,4.60921088068947,0.0,461.0,461.0,0.0,0.11931053056827363,0.11931053056827363,0.0
builds/article_s1_p1_finite_low_attraction_V_0p05_seed_9210002----2026-09-22_06-15-08/simulation_Rawdata___article_s1_p1_finite_low_attraction_V_0p05_seed_9210002----2026-09-22_06-15-08.h5,article_s1_p1_finite_low_attraction_V_0p05_seed_9210002,16000,11.19999960064888,2,0.025,3.87269988656044,4.071299880743027,1,simsv-interval-radius-graph-1.1,2.0,3713,295743,8413,8730,317,0.036311569301260026,8413.0,8730.0,317.0,3202.0,3204.0,2.0,0.8623754376514947,0.862914085645031,0.000538647993536312,4.531645569620253,4.702396983571236,0.17075141395098292,460.0,462.0,2.0,0.11904120657150552,0.11957985456504175,0.0005386479935362287
builds/article_s1_p1_finite_low_attraction_V_0p05_seed_9210002----2026-09-22_06-15-08/simulation_Rawdata___article_s1_p1_finite_low_attraction_V_0p05_seed_9210002----2026-09-22_06-15-08.h5,article_s1_p1_finite_low_attraction_V_0p05_seed_9210002,16000,11.19999960064888,2,0.05,3.7733998894691467,4.17059987783432,1,simsv-interval-radius-graph-1.1,2.0,3713,295743,8243,8890,647,0.07277840269966254,8243.0,8890.0,647.0,3198.0,3206.0,8.0,0.8612981416644223,0.8634527336385672,0.002154591974144915,4.440075410719095,4.788580662537032,0.34850525181793657,455.0,466.0,11.0,0.11688661459736062,0.12065715055211419,0.0037705359547535733
builds/article_s1_p1_finite_low_attraction_V_0p05_seed_9210002----2026-09-22_06-15-08/simulation_Rawdata___article_s1_p1_finite_low_attraction_V_0p05_seed_9210002----2026-09-22_06-15-08.h5,article_s1_p1_finite_low_attraction_V_0p05_seed_9210002,16000,11.19999960064888,2,0.1,3.57479989528656,4.369199872016907,1,simsv-interval-radius-graph-1.1,0.0,3713,274576,3758,7175,3417,0.47623693379790943,3758.0,7175.0,3417.0,2894.0,3152.0,258.0,0.7794236466469162,0.8489092378130891,0.06948559116617292,2.02423915970913,3.864799353622408,1.8405601939132779,516.0,797.0,281.0,0.13466199838405601,0.21411257743064907,0.07945057904659306
builds/article_s1_p1_finite_low_attraction_V_0p05_seed_9210002----2026-09-22_06-15-08/simulation_Rawdata___article_s1_p1_finite_low_attraction_V_0p05_seed_9210002----2026-09-22_06-15-08.h5,article_s1_p1_finite_low_attraction_V_0p05_seed_9210002,16000,11.19999960064888,2,0.1,3.57479989528656,4.369199872016907,1,simsv-interval-radius-graph-1.1,2.0,3713,295743,7918,9187,1269,0.13812996625666704,7918.0,9187.0,1269.0,3191.0,3213.0,22.0,0.8594128736870456,0.865338001615944,0.005925127928898433,4.265014812819822,4.94855911661729,0.6835443037974684,447.0,475.0,28.0,0.11446269862644762,0.12361971451656342,0.009157015890115805
builds/article_s1_p1_finite_low_attraction_V_0p05_seed_9210002----2026-09-22_06-15-08/simulation_Rawdata___article_s1_p1_finite_low_attraction_V_0p05_seed_9210002----2026-09-22_06-15-08.h5,article_s1_p1_finite_low_attraction_V_0p05_seed_9210002,16000,11.19999960064888,2,0.1,3.57479989528656,4.369199872016907,1,simsv-interval-radius-graph-1.1,4.0,3713,318126,9801,11455,1654,0.14439109559144478,9801.0,11455.0,1654.0,3231.0,3246.0,15.0,0.87018583355777,0.8742256935092917,0.004039859951521674,5.279288984648532,6.170212765957447,0.8909237813089153,401.0,427.0,26.0,0.09884190681389712,0.10853757069754916,0.009695663883652034
builds/article_s1_p1_finite_low_attraction_V_0p05_seed_9210002----2026-09-22_06-15-08/simulation_Rawdata___article_s1_p1_finite_low_attraction_V_0p05_seed_9210002----2026-09-22_06-15-08.h5,article_s1_p1_finite_low_attraction_V_0p05_seed_9210002,16000,11.19999960064888,2,0.1,3.57479989528656,4.369199872016907,1,simsv-interval-radius-graph-1.1,6.0,3713,341155,12251,14789,2538,0.17161403746027454,12251.0,14789.0,2538.0,3258.0,3305.0,47.0,0.877457581470509,0.8901158093186103,0.012658227848101333,6.598976568812281,7.966065176407218,1.3670886075949369,361.0,387.0,26.0,0.08699165095610019,0.09453272286560732,0.007541071909507133
builds/article_s1_p1_finite_low_attraction_V_0p05_seed_9210002----2026-09-22_06-15-08/simulation_Rawdata___article_s1_p1_finite_low_attraction_V_0p05_seed_9210002----2026-09-22_06-15-08.h5,article_s1_p1_finite_low_attraction_V_0p05_seed_9210002,24000,16.79999940097332,3,0.0,3.9719998836517334,3.9719998836517334,1,simsv-interval-radius-graph-1.1,2.0,3713,602368,12369,12369,0,0.0,12369.0,12369.0,0.0,3473.0,3473.0,0.0,0.9353622407756531,0.9353622407756531,0.0,6.662537032049555,6.662537032049555,0.0,236.0,236.0,0.0,0.06221384325343388,0.06221384325343388,0.0
builds/article_s1_p1_finite_low_attraction_V_0p05_seed_9210002----2026-09-22_06-15-08/simulation_Rawdata___article_s1_p1_finite_low_attraction_V_0p05_seed_9210002----2026-09-22_06-15-08.h5,article_s1_p1_finite_low_attraction_V_0p05_seed_9210002,24000,16.79999940097332,3,0.025,3.87269988656044,4.071299880743027,1,simsv-interval-radius-graph-1.1,2.0,3713,602368,12132,12632,500,0.039582013932868906,12132.0,12632.0,500.0,3472.0,3473.0,1.0,0.935092916778885,0.9353622407756531,0.000269323996768156,6.53487745758147,6.804201454349583,0.2693239967681125,235.0,237.0,2.0,0.061675195259897654,0.06248316725020199,0.0008079719903043361
builds/article_s1_p1_finite_low_attraction_V_0p05_seed_9210002----2026-09-22_06-15-08/simulation_Rawdata___article_s1_p1_finite_low_attraction_V_0p05_seed_9210002----2026-09-22_06-15-08.h5,article_s1_p1_finite_low_attraction_V_0p05_seed_9210002,24000,16.79999940097332,3,0.05,3.7733998894691467,4.17059987783432,1,simsv-interval-radius-graph-1.1,2.0,3713,602368,11870,12880,1010,0.07841614906832298,11870.0,12880.0,1010.0,3471.0,3474.0,3.0,0.9348235927821169,0.9356315647724213,0.000807971990304357,6.39375168327498,6.937786156746566,0.5440344734715863,234.0,238.0,4.0,0.06140587126312955,0.0627524912469701,0.001346619983840558
builds/article_s1_p1_finite_low_attraction_V_0p05_seed_9210002----2026-09-22_06-15-08/simulation_Rawdata___article_s1_p1_finite_low_attraction_V_0p05_seed_9210002----2026-09-22_06-15-08.h5,article_s1_p1_finite_low_attraction_V_0p05_seed_9210002,24000,16.79999940097332,3,0.1,3.57479989528656,4.369199872016907,1,simsv-interval-radius-graph-1.1,0.0,3713,556660,4819,10259,5440,0.5302661078077785,4819.0,10259.0,5440.0,3240.0,3458.0,218.0,0.872609749528683,0.9313223808241314,0.05871263129544846,2.595744680851064,5.525989765688123,2.930245084837059,252.0,474.0,222.0,0.06652302720172368,0.127390250471317,0.06086722326959332
builds/article_s1_p1_finite_low_attraction_V_0p05_seed_9210002----2026-09-22_06-15-08/simulation_Rawdata___article_s1_p1_finite_low_attraction_V_0p05_seed_9210002----2026-09-22_06-15-08.h5,article_s1_p1_finite_low_attraction_V_0p05_seed_9210002,24000,16.79999940097332,3,0.1,3.57479989528656,4.369199872016907,1,simsv-interval-radius-graph-1.1,2.0,3713,602368,11416,13413,1997,0.14888540967717886,11416.0,13413.0,1997.0,3468.0,3478.0,10.0,0.9340156207918126,0.9367088607594937,0.002693239967681116,6.149205494209534,7.224885537301374,1.0756800430918396,231.0,242.0,11.0,0.06086722326959332,0.06382978723404255,0.00296256396444923
builds/article_s1_p1_finite_low_attraction_V_0p05_seed_9210002----2026-09-22_06-15-08/simulation_Rawdata___article_s1_p1_finite_low_attraction_V_0p05_seed_9210002----2026-09-22_06-15-08.h5,article_s1_p1_finite_low_attraction_V_0p05_seed_9210002,24000,16.79999940097332,3,0.1,3.57479989528656,4.369199872016907,1,simsv-interval-radius-graph-1.1,4.0,3713,649834,14341,17173,2832,0.16491003319163805,14341.0,17173.0,2832.0,3482.0,3482.0,0.0,0.9377861567465661,0.9377861567465661,0.0,7.724750875302989,9.250201992997576,1.5254511176945869,224.0,227.0,3.0,0.05844330729868031,0.059789927282520874,0.0013466199838405649
builds/article_s1_p1_finite_low_attraction_V_0p05_seed_9210002----2026-09-22_06-15-08/simulation_Rawdata___article_s1_p1_finite_low_attraction_V_0p05_seed_9210002----2026-09-22_06-15-08.h5,article_s1_p1_finite_low_attraction_V_0p05_seed_9210002,24000,16.79999940097332,3,0.1,3.57479989528656,4.369199872016907,1,simsv-interval-radius-graph-1.1,6.0,3713,699101,18640,23262,4622,0.19869314762273235,18640.0,23262.0,4622.0,3484.0,3492.0,8.0,0.9383248047401024,0.9404793967142472,0.002154591974144804,10.040398599515218,12.530029625639644,2.4896310261244263,212.0,222.0,10.0,0.05467277134392674,0.05790465930514409,0.0032318879612173446
builds/article_s1_p1_finite_low_attraction_V_0p05_seed_9210002----2026-09-22_06-15-08/simulation_Rawdata___article_s1_p1_finite_low_attraction_V_0p05_seed_9210002----2026-09-22_06-15-08.h5,article_s1_p1_finite_low_attraction_V_0p05_seed_9210002,32000,22.39999920129776,4,0.0,3.9719998836517334,3.9719998836517334,1,simsv-interval-radius-graph-1.1,2.0,3713,972464,16900,16900,0,0.0,16900.0,16900.0,0.0,3611.0,3611.0,0.0,0.9725289523296525,0.9725289523296525,0.0,9.103151090762188,9.103151090762188,0.0,101.0,101.0,0.0,0.02639375168327498,0.02639375168327498,0.0
builds/article_s1_p1_finite_low_attraction_V_0p05_seed_9210002----2026-09-22_06-15-08/simulation_Rawdata___article_s1_p1_finite_low_attraction_V_0p05_seed_9210002----2026-09-22_06-15-08.h5,article_s1_p1_finite_low_attraction_V_0p05_seed_9210002,32000,22.39999920129776,4,0.025,3.87269988656044,4.071299880743027,1,simsv-interval-radius-graph-1.1,2.0,3713,972464,16572,17233,661,0.03835664132768526,16572.0,17233.0,661.0,3611.0,3611.0,0.0,0.9725289523296525,0.9725289523296525,0.0,8.926474548882306,9.28252087260975,0.35604632372744405,100.0,101.0,1.0,0.025855103689738757,0.02639375168327498,0.0005386479935362218
builds/article_s1_p1_finite_low_attraction_V_0p05_seed_9210002----2026-09-22_06-15-08/simulation_Rawdata___article_s1_p1_finite_low_attraction_V_0p05_seed_9210002----2026-09-22_06-15-08.h5,article_s1_p1_finite_low_attraction_V_0p05_seed_9210002,32000,22.39999920129776,4,0.05,3.7733998894691467,4.17059987783432,1,simsv-interval-radius-graph-1.1,2.0,3713,972464,16268,17572,1304,0.07420896881402231,16268.0,17572.0,1304.0,3611.0,3611.0,0.0,0.9725289523296525,0.9725289523296525,0.0,8.762725558847293,9.465122542418529,0.7023969835712354,100.0,101.0,1.0,0.025855103689738757,0.02639375168327498,0.0005386479935362218
builds/article_s1_p1_finite_low_attraction_V_0p05_seed_9210002----2026-09-22_06-15-08/simulation_Rawdata___article_s1_p1_finite_low_attraction_V_0p05_seed_9210002----2026-09-22_06-15-08.h5,article_s1_p1_finite_low_attraction_V_0p05_seed_9210002,32000,22.39999920129776,4,0.1,3.57479989528656,4.369199872016907,1,simsv-interval-radius-graph-1.1,0.0,3713,895786,5968,14142,8174,0.5779946259369255,5968.0,14142.0,8174.0,3499.0,3607.0,108.0,0.942364664691624,0.9714516563425801,0.029086991650956073,3.2146512254241855,7.617559924589281,4.402908699165096,103.0,213.0,110.0,0.026663075680043093,0.05682736331807164,0.030164287638028545
builds/article_s1_p1_finite_low_attraction_V_0p05_seed_9210002----2026-09-22_06-15-08/simulation_Rawdata___article_s1_p1_finite_low_attraction_V_0p05_seed_9210002----2026-09-22_06-15-08.h5,article_s1_p1_finite_low_attraction_V_0p05_seed_9210002,32000,22.39999920129776,4,0.1,3.57479989528656,4.369199872016907,1,simsv-interval-radius-graph-1.1,2.0,3713,972464,15605,18321,2716,0.14824518312319196,15605.0,18321.0,2716.0,3611.0,3611.0,0.0,0.9725289523296525,0.9725289523296525,0.0,8.405601939132776,9.868569889577161,1.4629679504443853,100.0,101.0,1.0,0.025855103689738757,0.02639375168327498,0.0005386479935362218
builds/article_s1_p1_finite_low_attraction_V_0p05_seed_9210002----2026-09-22_06-15-08/simulation_Rawdata___article_s1_p1_finite_low_attraction_V_0p05_seed_9210002----2026-09-22_06-15-08.h5,article_s1_p1_finite_low_attraction_V_0p05_seed_9210002,32000,22.39999920129776,4,0.1,3.57479989528656,4.369199872016907,1,simsv-interval-radius-graph-1.1,4.0,3713,1051607,19900,24163,4263,0.176426768199313,19900.0,24163.0,4263.0,3614.0,3616.0,2.0,0.9733369243199569,0.9738755723134931,0.000538647993536201,10.719095071370859,13.015351467815782,2.2962563964449227,94.0,97.0,3.0,0.02396983571236197,0.02504713169943442,0.0010772959870724505
builds/article_s1_p1_finite_low_attraction_V_0p05_seed_9210002----2026-09-22_06-15-08/simulation_Rawdata___article_s1_p1_finite_low_attraction_V_0p05_seed_9210002----2026-09-22_06-15-08.h5,article_s1_p1_finite_low_attraction_V_0p05_seed_9210002,32000,22.39999920129776,4,0.1,3.57479989528656,4.369199872016907,1,simsv-interval-radius-graph-1.1,6.0,3713,1133388,26450,34009,7559,0.2222646946396542,26450.0,34009.0,7559.0,3616.0,3616.0,0.0,0.9738755723134931,0.9738755723134931,0.0,14.247239429033128,18.318879612173443,4.071640183140316,94.0,94.0,0.0,0.02396983571236197,0.02396983571236197,0.0
builds/article_s1_p1_finite_low_attraction_V_0p05_seed_9210002----2026-09-22_06-15-08/simulation_Rawdata___article_s1_p1_finite_low_attraction_V_0p05_seed_9210002----2026-09-22_06-15-08.h5,article_s1_p1_finite_low_attraction_V_0p05_seed_9210002,40000,27.9999990016222,5,0.0,3.9719998836517334,3.9719998836517334,1,simsv-interval-radius-graph-1.1,2.0,3713,985146,17421,17421,0,0.0,17421.0,17421.0,0.0,3666.0,3666.0,0.0,0.9873417721518988,0.9873417721518988,0.0,9.38378669539456,9.38378669539456,0.0,48.0,48.0,0.0,0.012658227848101266,0.012658227848101266,0.0
builds/article_s1_p1_finite_low_attraction_V_0p05_seed_9210002----2026-09-22_06-15-08/simulation_Rawdata___article_s1_p1_finite_low_attraction_V_0p05_seed_9210002----2026-09-22_06-15-08.h5,article_s1_p1_finite_low_attraction_V_0p05_seed_9210002,40000,27.9999990016222,5,0.025,3.87269988656044,4.071299880743027,1,simsv-interval-radius-graph-1.1,2.0,3713,985146,17068,17775,707,0.039774964838255975,17068.0,17775.0,707.0,3664.0,3666.0,2.0,0.9868031241583625,0.9873417721518988,0.000538647993536312,9.193643953676272,9.574468085106384,0.38082413143011173,48.0,50.0,2.0,0.012658227848101266,0.01319687584163749,0.0005386479935362235
builds/article_s1_p1_finite_low_attraction_V_0p05_seed_9210002----2026-09-22_06-15-08/simulation_Rawdata___article_s1_p1_finite_low_attraction_V_0p05_seed_9210002----2026-09-22_06-15-08.h5,article_s1_p1_finite_low_attraction_V_0p05_seed_9210002,40000,27.9999990016222,5,0.05,3.7733998894691467,4.17059987783432,1,simsv-interval-radius-graph-1.1,2.0,3713,985146,16764,18130,1366,0.07534473248758963,16764.0,18130.0,1366.0,3664.0,3666.0,2.0,0.9868031241583625,0.9873417721518988,0.000538647993536312,9.02989496364126,9.765688122811742,0.7357931591704823,48.0,50.0,2.0,0.012658227848101266,0.01319687584163749,0.0005386479935362235
builds/article_s1_p1_finite_low_attraction_V_0p05_seed_9210002----2026-09-22_06-15-08/simulation_Rawdata___article_s1_p1_finite_low_attraction_V_0p05_seed_9210002----2026-09-22_06-15-08.h5,article_s1_p1_finite_low_attraction_V_0p05_seed_9210002,40000,27.9999990016222,5,0.1,3.57479989528656,4.369199872016907,1,simsv-interval-radius-graph-1.1,0.0,3713,907790,6154,14554,8400,0.5771609179606981,6154.0,14554.0,8400.0,3581.0,3663.0,82.0,0.9644492324266092,0.9865338001615944,0.02208456773498524,3.314839752221923,7.839482897926205,4.524643145704282,51.0,131.0,80.0,0.013466199838405602,0.034742795583086454,0.021276595744680854
builds/article_s1_p1_finite_low_attraction_V_0p05_seed_9210002----2026-09-22_06-15-08/simulation_Rawdata___article_s1_p1_finite_low_attraction_V_0p05_seed_9210002----2026-09-22_06-15-08.h5,article_s1_p1_finite_low_attraction_V_0p05_seed_9210002,40000,27.9999990016222,5,0.1,3.57479989528656,4.369199872016907,1,simsv-interval-radius-graph-1.1,2.0,3713,985146,16076,18904,2828,0.14959796868387643,16076.0,18904.0,2828.0,3664.0,3666.0,2.0,0.9868031241583625,0.9873417721518988,0.000538647993536312,8.659305144088338,10.18260166980878,1.5232965257204416,48.0,50.0,2.0,0.012658227848101266,0.01319687584163749,0.0005386479935362235
builds/article_s1_p1_finite_low_attraction_V_0p05_seed_9210002----2026-09-22_06-15-08/simulation_Rawdata___article_s1_p1_finite_low_attraction_V_0p05_seed_9210002----2026-09-22_06-15-08.h5,article_s1_p1_finite_low_attraction_V_0p05_seed_9210002,40000,27.9999990016222,5,0.1,3.57479989528656,4.369199872016907,1,simsv-interval-radius-graph-1.1,4.0,3713,1064785,20393,24661,4268,0.17306678561291108,20393.0,24661.0,4268.0,3666.0,3667.0,1.0,0.9873417721518988,0.9876110961486668,0.00026932399676804497,10.984648532184218,13.283598168596821,2.298949636412603,46.0,48.0,2.0,0.01185025585779693,0.012658227848101266,0.0008079719903043361
builds/article_s1_p1_finite_low_attraction_V_0p05_seed_9210002----2026-09-22_06-15-08/simulation_Rawdata___article_s1_p1_finite_low_attraction_V_0p05_seed_9210002----2026-09-22_06-15-08.h5,article_s1_p1_finite_low_attraction_V_0p05_seed_9210002,40000,27.9999990016222,5,0.1,3.57479989528656,4.369199872016907,1,simsv-interval-radius-graph-1.1,6.0,3713,1146417,27045,34876,7831,0.22453836449134076,27045.0,34876.0,7831.0,3668.0,3668.0,0.0,0.987880420145435,0.987880420145435,0.0,14.56773498518718,18.785887422569353,4.218152437382173,45.0,45.0,0.0,0.011580931861028817,0.011580931861028817,0.0
builds/article_s1_p1_finite_low_attraction_V_0p2_seed_9210002----2026-09-12_10-54-37/simulation_Rawdata___article_s1_p1_finite_low_attraction_V_0p2_seed_9210002----2026-09-12_10-54-37.h5,article_s1_p1_finite_low_attraction_V_0p2_seed_9210002,200,0.139999995008111,0,0.0,3.9719998836517334,3.9719998836517334,1,simsv-interval-radius-graph-1.1,2.0,14853,704248,8917,8917,0,0.0,8917.0,8917.0,0.0,750.0,750.0,0.0,0.05049484952534841,0.05049484952534841,0.0,1.2007001952467515,1.2007001952467515,0.0,8008.0,8008.0,0.0,0.44502794048340405,0.44502794048340405,0.0
builds/article_s1_p1_finite_low_attraction_V_0p2_seed_9210002----2026-09-12_10-54-37/simulation_Rawdata___article_s1_p1_finite_low_attraction_V_0p2_seed_9210002----2026-09-12_10-54-37.h5,article_s1_p1_finite_low_attraction_V_0p2_seed_9210002,200,0.139999995008111,0,0.025,3.87269988656044,4.071299880743027,1,simsv-interval-radius-graph-1.1,2.0,14853,704248,8754,9082,328,0.03611539308522352,8754.0,9082.0,328.0,750.0,754.0,4.0,0.05049484952534841,0.0507641553894836,0.0002693058641351914,1.1787517673197334,1.2229179290379049,0.04416616171817145,7907.0,8119.0,212.0,0.4359388675688413,0.4558001750488117,0.01986130747997039
builds/article_s1_p1_finite_low_attraction_V_0p2_seed_9210002----2026-09-12_10-54-37/simulation_Rawdata___article_s1_p1_finite_low_attraction_V_0p2_seed_9210002----2026-09-12_10-54-37.h5,article_s1_p1_finite_low_attraction_V_0p2_seed_9210002,200,0.139999995008111,0,0.05,3.7733998894691467,4.17059987783432,1,simsv-interval-radius-graph-1.1,2.0,14853,704248,8618,9243,625,0.06761873850481445,8618.0,9243.0,625.0,750.0,756.0,6.0,0.05049484952534841,0.0508988083215512,0.00040395879620278713,1.1604389685585403,1.2445970511007878,0.08415808254224744,7815.0,8197.0,382.0,0.4273210799165152,0.46300410691442806,0.03568302699791287
builds/article_s1_p1_finite_low_attraction_V_0p2_seed_9210002----2026-09-12_10-54-37/simulation_Rawdata___article_s1_p1_finite_low_attraction_V_0p2_seed_9210002----2026-09-12_10-54-37.h5,article_s1_p1_finite_low_attraction_V_0p2_seed_9210002,200,0.139999995008111,0,0.1,3.57479989528656,4.369199872016907,1,simsv-interval-radius-graph-1.1,0.0,14853,646903,4684,7724,3040,0.3935784567581564,4684.0,7724.0,3040.0,557.0,678.0,121.0,0.03750084158082542,0.045647343970914966,0.008146502390089544,0.6307143338046186,1.0400592472901098,0.4093449134854912,8686.0,10625.0,1939.0,0.5062276981081263,0.7049754258398977,0.1987477277317714
builds/article_s1_p1_finite_low_attraction_V_0p2_seed_9210002----2026-09-12_10-54-37/simulation_Rawdata___article_s1_p1_finite_low_attraction_V_0p2_seed_9210002----2026-09-12_10-54-37.h5,article_s1_p1_finite_low_attraction_V_0p2_seed_9210002,200,0.139999995008111,0,0.1,3.57479989528656,4.369199872016907,1,simsv-interval-radius-graph-1.1,2.0,14853,704248,8323,9565,1242,0.12984840564558287,8323.0,9565.0,1242.0,745.0,820.0,75.0,0.050158217195179426,0.05520770214771427,0.005049484952534843,1.1207163535985996,1.2879552952265536,0.16723894162795405,7625.0,8361.0,736.0,0.4112973810004713,0.478691173500303,0.06739379249983168
builds/article_s1_p1_finite_low_attraction_V_0p2_seed_9210002----2026-09-12_10-54-37/simulation_Rawdata___article_s1_p1_finite_low_attraction_V_0p2_seed_9210002----2026-09-12_10-54-37.h5,article_s1_p1_finite_low_attraction_V_0p2_seed_9210002,200,0.139999995008111,0,0.1,3.57479989528656,4.369199872016907,1,simsv-interval-radius-graph-1.1,4.0,14853,764628,10213,11881,1668,0.1403922228768622,10213.0,11881.0,1668.0,1225.0,1370.0,145.0,0.0824749208914024,0.09223725846630311,0.009762337574900706,1.3752103952063557,1.5998114858951054,0.22460109068874967,6422.0,7318.0,896.0,0.31778091967952604,0.3884737090150138,0.07069278933548778
builds/article_s1_p1_finite_low_attraction_V_0p2_seed_9210002----2026-09-12_10-54-37/simulation_Rawdata___article_s1_p1_finite_low_attraction_V_0p2_seed_9210002----2026-09-12_10-54-37.h5,article_s1_p1_finite_low_attraction_V_0p2_seed_9210002,200,0.139999995008111,0,0.1,3.57479989528656,4.369199872016907,1,simsv-interval-radius-graph-1.1,6.0,14853,828248,12690,14983,2293,0.15304011212707735,12690.0,14983.0,2293.0,1671.0,1851.0,180.0,0.11250252474247627,0.12462128862855988,0.012118763886083614,1.7087457079377903,2.0175048811687875,0.3087591732309971,5069.0,6083.0,1014.0,0.2263515788056285,0.2953612064902713,0.0690096276846428
builds/article_s1_p1_finite_low_attraction_V_0p2_seed_9210002----2026-09-12_10-54-37/simulation_Rawdata___article_s1_p1_finite_low_attraction_V_0p2_seed_9210002----2026-09-12_10-54-37.h5,article_s1_p1_finite_low_attraction_V_0p2_seed_9210002,8000,5.59999980032444,1,0.0,3.9719998836517334,3.9719998836517334,1,simsv-interval-radius-graph-1.1,2.0,14853,888095,22228,22228,0,0.0,22228.0,22228.0,0.0,7628.0,7628.0,0.0,0.5135662829058103,0.5135662829058103,0.0,2.993065373998519,2.993065373998519,0.0,3717.0,3717.0,0.0,0.22567831414529052,0.22567831414529052,0.0
builds/article_s1_p1_finite_low_attraction_V_0p2_seed_9210002----2026-09-12_10-54-37/simulation_Rawdata___article_s1_p1_finite_low_attraction_V_0p2_seed_9210002----2026-09-12_10-54-37.h5,article_s1_p1_finite_low_attraction_V_0p2_seed_9210002,8000,5.59999980032444,1,0.025,3.87269988656044,4.071299880743027,1,simsv-interval-radius-graph-1.1,2.0,14853,888095,21816,22566,750,0.033235841531507576,21816.0,22566.0,750.0,7613.0,7636.0,23.0,0.5125563859153033,0.5141048946340807,0.0015485087187774305,2.9375883659866693,3.0385780650373664,0.1009896990506971,3695.0,3758.0,63.0,0.22372584663031037,0.229179290379048,0.00545344374873763
builds/article_s1_p1_finite_low_attraction_V_0p2_seed_9210002----2026-09-12_10-54-37/simulation_Rawdata___article_s1_p1_finite_low_attraction_V_0p2_seed_9210002----2026-09-12_10-54-37.h5,article_s1_p1_finite_low_attraction_V_0p2_seed_9210002,8000,5.59999980032444,1,0.05,3.7733998894691467,4.17059987783432,1,simsv-interval-radius-graph-1.1,2.0,14853,888095,21461,22932,1471,0.06414617128902843,21461.0,22932.0,1471.0,5570.0,7645.0,2075.0,0.3750084158082542,0.5147108328283848,0.1397024170201306,2.889786575102673,3.0878610381741063,0.19807446307143328,3666.0,3794.0,128.0,0.22110011445499225,0.2323436342826365,0.011243519827644238
builds/article_s1_p1_finite_low_attraction_V_0p2_seed_9210002----2026-09-12_10-54-37/simulation_Rawdata___article_s1_p1_finite_low_attraction_V_0p2_seed_9210002----2026-09-12_10-54-37.h5,article_s1_p1_finite_low_attraction_V_0p2_seed_9210002,8000,5.59999980032444,1,0.1,3.57479989528656,4.369199872016907,1,simsv-interval-radius-graph-1.1,0.0,14853,825139,10696,18958,8262,0.43580546471146747,10696.0,18958.0,8262.0,4825.0,5465.0,640.0,0.3248501986130748,0.3679391368747054,0.04308893826163063,1.4402477613950044,2.5527502861374805,1.112502524742476,4057.0,5539.0,1482.0,0.2526089005588097,0.37022823671985455,0.11761933616104486
builds/article_s1_p1_finite_low_attraction_V_0p2_seed_9210002----2026-09-12_10-54-37/simulation_Rawdata___article_s1_p1_finite_low_attraction_V_0p2_seed_9210002----2026-09-12_10-54-37.h5,article_s1_p1_finite_low_attraction_V_0p2_seed_9210002,8000,5.59999980032444,1,0.1,3.57479989528656,4.369199872016907,1,simsv-interval-radius-graph-1.1,2.0,14853,888095,20733,23676,2943,0.12430309173846933,20733.0,23676.0,2943.0,5553.0,7676.0,2123.0,0.37386386588567966,0.5167979532754325,0.14293408738975288,2.791759240557463,3.1880428196323973,0.39628357907493417,3595.0,3865.0,270.0,0.21571399717228842,0.2385376691577459,0.022823671985457483
builds/article_s1_p1_finite_low_attraction_V_0p2_seed_9210002----2026-09-12_10-54-37/simulation_Rawdata___article_s1_p1_finite_low_attraction_V_0p2_seed_9210002----2026-09-12_10-54-37.h5,article_s1_p1_finite_low_attraction_V_0p2_seed_9210002,8000,5.59999980032444,1,0.1,3.57479989528656,4.369199872016907,1,simsv-interval-radius-graph-1.1,4.0,14853,954878,25093,28816,3723,0.12919905607995558,25093.0,28816.0,3723.0,7732.0,7930.0,198.0,0.5205682353733253,0.5338988756480172,0.013330640274691885,3.3788460243721805,3.88015889045984,0.5013128660876593,3162.0,3474.0,312.0,0.18117552009695012,0.20649027132565811,0.025314751228707993
builds/article_s1_p1_finite_low_attraction_V_0p2_seed_9210002----2026-09-12_10-54-37/simulation_Rawdata___article_s1_p1_finite_low_attraction_V_0p2_seed_9210002----2026-09-12_10-54-37.h5,article_s1_p1_finite_low_attraction_V_0p2_seed_9210002,8000,5.59999980032444,1,0.1,3.57479989528656,4.369199872016907,1,simsv-interval-radius-graph-1.1,6.0,14853,1025768,30408,35572,5164,0.14517035870909703,30408.0,35572.0,5164.0,7996.0,8136.0,140.0,0.5383424224062479,0.5477681276509796,0.009425705244731741,4.094526358311453,4.789874099508517,0.6953477411970646,2700.0,3030.0,330.0,0.1460311048273076,0.1714805089880832,0.025449404160775596
builds/article_s1_p1_finite_low_attraction_V_0p2_seed_9210002----2026-09-12_10-54-37/simulation_Rawdata___article_s1_p1_finite_low_attraction_V_0p2_seed_9210002----2026-09-12_10-54-37.h5,article_s1_p1_finite_low_attraction_V_0p2_seed_9210002,16000,11.19999960064888,2,0.0,3.9719998836517334,3.9719998836517334,1,simsv-interval-radius-graph-1.1,2.0,14853,1202236,30245,30245,0,0.0,30245.0,30245.0,0.0,11804.0,11804.0,0.0,0.7947216050629502,0.7947216050629502,0.0,4.072577930384434,4.072577930384434,0.0,2402.0,2402.0,0.0,0.15087861038174105,0.15087861038174105,0.0
builds/article_s1_p1_finite_low_attraction_V_0p2_seed_9210002----2026-09-12_10-54-37/simulation_Rawdata___article_s1_p1_finite_low_attraction_V_0p2_seed_9210002----2026-09-12_10-54-37.h5,article_s1_p1_finite_low_attraction_V_0p2_seed_9210002,16000,11.19999960064888,2,0.025,3.87269988656044,4.071299880743027,1,simsv-interval-radius-graph-1.1,2.0,14853,1202236,29679,30771,1092,0.035487959442332066,29679.0,30771.0,1092.0,11789.0,11810.0,21.0,0.7937117080724433,0.795125563859153,0.0014138557867097168,3.9963643708341747,4.14340537265199,0.147041001817815,2386.0,2424.0,38.0,0.1492627751969299,0.1526964249646536,0.003433649767723701
builds/article_s1_p1_finite_low_attraction_V_0p2_seed_9210002----2026-09-12_10-54-37/simulation_Rawdata___article_s1_p1_finite_low_attraction_V_0p2_seed_9210002----2026-09-12_10-54-37.h5,article_s1_p1_finite_low_attraction_V_0p2_seed_9210002,16000,11.19999960064888,2,0.05,3.7733998894691467,4.17059987783432,1,simsv-interval-radius-graph-1.1,2.0,14853,1202236,29138,31273,2135,0.06826975346145236,29138.0,31273.0,2135.0,11778.0,11824.0,46.0,0.7929711169460715,0.7960681343836262,0.00309701743755475,3.9235171345856057,4.211001144549923,0.287484009964317,2368.0,2439.0,71.0,0.14784891941022016,0.15384097488722817,0.0059920554770080126
builds/article_s1_p1_finite_low_attraction_V_0p2_seed_9210002----2026-09-12_10-54-37/simulation_Rawdata___article_s1_p1_finite_low_attraction_V_0p2_seed_9210002----2026-09-12_10-54-37.h5,article_s1_p1_finite_low_attraction_V_0p2_seed_9210002,16000,11.19999960064888,2,0.1,3.57479989528656,4.369199872016907,1,simsv-interval-radius-graph-1.1,0.0,14853,1126014,13333,25417,12084,0.4754298304284534,13333.0,25417.0,12084.0,10316.0,11639.0,1323.0,0.694539823604659,0.7836127381673736,0.0890729145627146,1.7953275432572544,3.4224735743620815,1.6271460311048271,2621.0,3913.0,1292.0,0.16777755335622432,0.2624385645997442,0.09466101124351986
builds/article_s1_p1_finite_low_attraction_V_0p2_seed_9210002----2026-09-12_10-54-37/simulation_Rawdata___article_s1_p1_finite_low_attraction_V_0p2_seed_9210002----2026-09-12_10-54-37.h5,article_s1_p1_finite_low_attraction_V_0p2_seed_9210002,16000,11.19999960064888,2,0.1,3.57479989528656,4.369199872016907,1,simsv-interval-radius-graph-1.1,2.0,14853,1202236,28002,32356,4354,0.13456545926566943,28002.0,32356.0,4354.0,11753.0,11855.0,102.0,0.7912879552952266,0.798155254830674,0.006867299535447402,3.7705514037568166,4.356830269979128,0.5862788662223117,2324.0,2487.0,163.0,0.14421329024439508,0.15821719517942504,0.014003904935029954
builds/article_s1_p1_finite_low_attraction_V_0p2_seed_9210002----2026-09-12_10-54-37/simulation_Rawdata___article_s1_p1_finite_low_attraction_V_0p2_seed_9210002----2026-09-12_10-54-37.h5,article_s1_p1_finite_low_attraction_V_0p2_seed_9210002,16000,11.19999960064888,2,0.1,3.57479989528656,4.369199872016907,1,simsv-interval-radius-graph-1.1,4.0,14853,1281955,34416,40142,5726,0.14264361516616014,34416.0,40142.0,5726.0,11911.0,12148.0,237.0,0.8019255369285666,0.8178819093785767,0.015956372450010137,4.6342153100383765,5.405237999057429,0.7710226890190528,2127.0,2256.0,129.0,0.12879552952265536,0.1395004376220292,0.010704908099373855
builds/article_s1_p1_finite_low_attraction_V_0p2_seed_9210002----2026-09-12_10-54-37/simulation_Rawdata___article_s1_p1_finite_low_attraction_V_0p2_seed_9210002----2026-09-12_10-54-37.h5,article_s1_p1_finite_low_attraction_V_0p2_seed_9210002,16000,11.19999960064888,2,0.1,3.57479989528656,4.369199872016907,1,simsv-interval-radius-graph-1.1,6.0,14853,1365674,42754,51410,8656,0.168371912079362,42754.0,51410.0,8656.0,12194.0,12296.0,102.0,0.8209789268161314,0.8278462263515788,0.006867299535447402,5.75695145761799,6.922507237595099,1.165555779977109,1896.0,2066.0,170.0,0.11028075136336093,0.1242173298323571,0.013936578468996166
builds/article_s1_p1_finite_low_attraction_V_0p2_seed_9210002----2026-09-12_10-54-37/simulation_Rawdata___article_s1_p1_finite_low_attraction_V_0p2_seed_9210002----2026-09-12_10-54-37.h5,article_s1_p1_finite_low_attraction_V_0p2_seed_9210002,24000,16.79999940097332,3,0.0,3.9719998836517334,3.9719998836517334,1,simsv-interval-radius-graph-1.1,2.0,14853,1693246,37934,37934,0,0.0,37934.0,37934.0,0.0,12990.0,12990.0,0.0,0.8745707937790346,0.8745707937790346,0.0,5.107924325052178,5.107924325052178,0.0,1611.0,1611.0,0.0,0.10388473709015014,0.10388473709015014,0.0
builds/article_s1_p1_finite_low_attraction_V_0p2_seed_9210002----2026-09-12_10-54-37/simulation_Rawdata___article_s1_p1_finite_low_attraction_V_0p2_seed_9210002----2026-09-12_10-54-37.h5,article_s1_p1_finite_low_attraction_V_0p2_seed_9210002,24000,16.79999940097332,3,0.025,3.87269988656044,4.071299880743027,1,simsv-interval-radius-graph-1.1,2.0,14853,1693246,37214,38684,1470,0.038000206803846553,37214.0,38684.0,1470.0,12984.0,12996.0,12.0,0.8741668349828318,0.8749747525752374,0.0008079175924056159,5.010974213963509,5.208914024102874,0.19793981013936524,1601.0,1624.0,23.0,0.10300949303171077,0.1050966134787585,0.00208712044704773
builds/article_s1_p1_finite_low_attraction_V_0p2_seed_9210002----2026-09-12_10-54-37/simulation_Rawdata___article_s1_p1_finite_low_attraction_V_0p2_seed_9210002----2026-09-12_10-54-37.h5,article_s1_p1_finite_low_attraction_V_0p2_seed_9210002,24000,16.79999940097332,3,0.05,3.7733998894691467,4.17059987783432,1,simsv-interval-radius-graph-1.1,2.0,14853,1693246,36576,39413,2837,0.0719813259584401,36576.0,39413.0,2837.0,12977.0,12999.0,22.0,0.8736955497205952,0.8751767319733387,0.0014811822527435181,4.925065643304383,5.307076011580152,0.3820103682757692,1596.0,1633.0,37.0,0.10260553423550797,0.10583720460513028,0.003231670369622311
builds/article_s1_p1_finite_low_attraction_V_0p2_seed_9210002----2026-09-12_10-54-37/simulation_Rawdata___article_s1_p1_finite_low_attraction_V_0p2_seed_9210002----2026-09-12_10-54-37.h5,article_s1_p1_finite_low_attraction_V_0p2_seed_9210002,24000,16.79999940097332,3,0.1,3.57479989528656,4.369199872016907,1,simsv-interval-radius-graph-1.1,0.0,14853,1591499,15744,31757,16013,0.5042352867084422,15744.0,31757.0,16013.0,11900.0,12862.0,962.0,0.8011849458021948,0.8659530061267084,0.06476806032451365,2.1199757624722277,4.276173163670639,2.156197401198411,1767.0,2808.0,1041.0,0.11546488924796337,0.18864875782670168,0.0731838685787383
builds/article_s1_p1_finite_low_attraction_V_0p2_seed_9210002----2026-09-12_10-54-37/simulation_Rawdata___article_s1_p1_finite_low_attraction_V_0p2_seed_9210002----2026-09-12_10-54-37.h5,article_s1_p1_finite_low_attraction_V_0p2_seed_9210002,24000,16.79999940097332,3,0.1,3.57479989528656,4.369199872016907,1,simsv-interval-radius-graph-1.1,2.0,14853,1693246,35135,40901,5766,0.14097454829955258,35135.0,40901.0,5766.0,12962.0,13017.0,55.0,0.8726856527300882,0.8763886083619471,0.003702955631858851,4.7310307681949775,5.507439574496734,0.7764088063017569,1573.0,1656.0,83.0,0.10085504611862924,0.10752036625597522,0.006665320137345984
builds/article_s1_p1_finite_low_attraction_V_0p2_seed_9210002----2026-09-12_10-54-37/simulation_Rawdata___article_s1_p1_finite_low_attraction_V_0p2_seed_9210002----2026-09-12_10-54-37.h5,article_s1_p1_finite_low_attraction_V_0p2_seed_9210002,24000,16.79999940097332,3,0.1,3.57479989528656,4.369199872016907,1,simsv-interval-radius-graph-1.1,4.0,14853,1799584,43782,51496,7714,0.14979804256641294,43782.0,51496.0,7714.0,13054.0,13122.0,68.0,0.8788796876051976,0.8834578872954959,0.004578199690298268,5.895374671783478,6.934087389752912,1.0387127179694335,1435.0,1534.0,99.0,0.09008281155322156,0.09822931394331112,0.008146502390089558
builds/article_s1_p1_finite_low_attraction_V_0p2_seed_9210002----2026-09-12_10-54-37/simulation_Rawdata___article_s1_p1_finite_low_attraction_V_0p2_seed_9210002----2026-09-12_10-54-37.h5,article_s1_p1_finite_low_attraction_V_0p2_seed_9210002,24000,16.79999940097332,3,0.1,3.57479989528656,4.369199872016907,1,simsv-interval-radius-graph-1.1,6.0,14853,1909680,55381,67798,12417,0.18314699548659252,55381.0,67798.0,12417.0,13163.0,13223.0,60.0,0.8862182724028815,0.8902578603649094,0.004039587962027857,7.457214030835521,9.129199488318859,1.6719854574833377,1301.0,1388.0,87.0,0.07991651518211809,0.08705312058170067,0.0071366053995825796
builds/article_s1_p1_finite_low_attraction_V_0p2_seed_9210002----2026-09-12_10-54-37/simulation_Rawdata___article_s1_p1_finite_low_attraction_V_0p2_seed_9210002----2026-09-12_10-54-37.h5,article_s1_p1_finite_low_attraction_V_0p2_seed_9210002,32000,22.39999920129776,4,0.0,3.9719998836517334,3.9719998836517334,1,simsv-interval-radius-graph-1.1,2.0,14853,2351274,45287,45287,0,0.0,45287.0,45287.0,0.0,13732.0,13732.0,0.0,0.9245270315761126,0.9245270315761126,0.0,6.098027334545209,6.098027334545209,0.0,1069.0,1069.0,0.0,0.0701541776072174,0.0701541776072174,0.0
builds/article_s1_p1_finite_low_attraction_V_0p2_seed_9210002----2026-09-12_10-54-37/simulation_Rawdata___article_s1_p1_finite_low_attraction_V_0p2_seed_9210002----2026-09-12_10-54-37.h5,article_s1_p1_finite_low_attraction_V_0p2_seed_9210002,32000,22.39999920129776,4,0.025,3.87269988656044,4.071299880743027,1,simsv-interval-radius-graph-1.1,2.0,14853,2351274,44375,46150,1775,0.038461538461538464,44375.0,46150.0,1775.0,13728.0,13742.0,14.0,0.9242577257119774,0.9252002962364505,0.0009425705244731075,5.975223860499562,6.214232814919545,0.23900895441998316,1053.0,1074.0,21.0,0.06874032182050764,0.07055813640342018,0.0018178145829125386
builds/article_s1_p1_finite_low_attraction_V_0p2_seed_9210002----2026-09-12_10-54-37/simulation_Rawdata___article_s1_p1_finite_low_attraction_V_0p2_seed_9210002----2026-09-12_10-54-37.h5,article_s1_p1_finite_low_attraction_V_0p2_seed_9210002,32000,22.39999920129776,4,0.05,3.7733998894691467,4.17059987783432,1,simsv-interval-radius-graph-1.1,2.0,14853,2351274,43496,47053,3557,0.07559560495611332,43496.0,47053.0,3557.0,13718.0,13750.0,32.0,0.9235844610516394,0.9257389079647209,0.0021544469130815314,5.8568639332121455,6.335824412576584,0.47896047936443864,1045.0,1083.0,38.0,0.06820171009223726,0.07109674813169056,0.0028950380394533043
builds/article_s1_p1_finite_low_attraction_V_0p2_seed_9210002----2026-09-12_10-54-37/simulation_Rawdata___article_s1_p1_finite_low_attraction_V_0p2_seed_9210002----2026-09-12_10-54-37.h5,article_s1_p1_finite_low_attraction_V_0p2_seed_9210002,32000,22.39999920129776,4,0.1,3.57479989528656,4.369199872016907,1,simsv-interval-radius-graph-1.1,0.0,14853,2206220,17816,37558,19742,0.5256403429362586,17816.0,37558.0,19742.0,12725.0,13649.0,924.0,0.8567292802800781,0.9189389348953073,0.062209654615229204,2.398976637716286,5.057294822594762,2.6583181848784756,1152.0,2106.0,954.0,0.07580960075405642,0.14158755806907694,0.06577795731502052
builds/article_s1_p1_finite_low_attraction_V_0p2_seed_9210002----2026-09-12_10-54-37/simulation_Rawdata___article_s1_p1_finite_low_attraction_V_0p2_seed_9210002----2026-09-12_10-54-37.h5,article_s1_p1_finite_low_attraction_V_0p2_seed_9210002,32000,22.39999920129776,4,0.1,3.57479989528656,4.369199872016907,1,simsv-interval-radius-graph-1.1,2.0,14853,2351274,41707,48903,7196,0.14714843670122488,41707.0,48903.0,7196.0,13702.0,13764.0,62.0,0.9225072375950987,0.9266814784891941,0.00417424089409546,5.615969837743217,6.584932336901636,0.9689624991584189,1028.0,1100.0,72.0,0.0668551807715613,0.07230862452029893,0.00545344374873763
builds/article_s1_p1_finite_low_attraction_V_0p2_seed_9210002----2026-09-12_10-54-37/simulation_Rawdata___article_s1_p1_finite_low_attraction_V_0p2_seed_9210002----2026-09-12_10-54-37.h5,article_s1_p1_finite_low_attraction_V_0p2_seed_9210002,32000,22.39999920129776,4,0.1,3.57479989528656,4.369199872016907,1,simsv-interval-radius-graph-1.1,4.0,14853,2501241,52398,62280,9882,0.15867052023121386,52398.0,62280.0,9882.0,13791.0,13834.0,43.0,0.9284992930721067,0.93139433111156,0.002895038039453346,7.055544334477883,8.386184609169865,1.3306402746919819,936.0,994.0,58.0,0.05965124890594493,0.06436410152831078,0.00471285262236585
builds/article_s1_p1_finite_low_attraction_V_0p2_seed_9210002----2026-09-12_10-54-37/simulation_Rawdata___article_s1_p1_finite_low_attraction_V_0p2_seed_9210002----2026-09-12_10-54-37.h5,article_s1_p1_finite_low_attraction_V_0p2_seed_9210002,32000,22.39999920129776,4,0.1,3.57479989528656,4.369199872016907,1,simsv-interval-radius-graph-1.1,6.0,14853,2656818,67332,83753,16421,0.19606461858082697,67332.0,83753.0,16421.0,13859.0,13879.0,20.0,0.9330774927624049,0.9344240220830808,0.0013465293206759155,9.066451221975358,11.277587019457348,2.2111357974819903,877.0,911.0,34.0,0.05507304921564667,0.05796808725509998,0.0028950380394533043
builds/article_s1_p1_finite_low_attraction_V_0p2_seed_9210002----2026-09-12_10-54-37/simulation_Rawdata___article_s1_p1_finite_low_attraction_V_0p2_seed_9210002----2026-09-12_10-54-37.h5,article_s1_p1_finite_low_attraction_V_0p2_seed_9210002,40000,27.9999990016222,5,0.0,3.9719998836517334,3.9719998836517334,1,simsv-interval-radius-graph-1.1,2.0,14853,3212481,53477,53477,0,0.0,53477.0,53477.0,0.0,14230.0,14230.0,0.0,0.9580556116609439,0.9580556116609439,0.0,7.200834848178819,7.200834848178819,0.0,606.0,606.0,0.0,0.03978994142597455,0.03978994142597455,0.0
builds/article_s1_p1_finite_low_attraction_V_0p2_seed_9210002----2026-09-12_10-54-37/simulation_Rawdata___article_s1_p1_finite_low_attraction_V_0p2_seed_9210002----2026-09-12_10-54-37.h5,article_s1_p1_finite_low_attraction_V_0p2_seed_9210002,40000,27.9999990016222,5,0.025,3.87269988656044,4.071299880743027,1,simsv-interval-radius-graph-1.1,2.0,14853,3212481,52481,54482,2001,0.03672772658859807,52481.0,54482.0,2001.0,14227.0,14231.0,4.0,0.9578536322628425,0.9581229381269777,0.0002693058641352053,7.066720527839494,7.336161044906753,0.2694405170672587,605.0,611.0,6.0,0.039722614959940755,0.04026122668821114,0.0005386117282703828
builds/article_s1_p1_finite_low_attraction_V_0p2_seed_9210002----2026-09-12_10-54-37/simulation_Rawdata___article_s1_p1_finite_low_attraction_V_0p2_seed_9210002----2026-09-12_10-54-37.h5,article_s1_p1_finite_low_attraction_V_0p2_seed_9210002,40000,27.9999990016222,5,0.05,3.7733998894691467,4.17059987783432,1,simsv-interval-radius-graph-1.1,2.0,14853,3212481,51467,55617,4150,0.0746174730747793,51467.0,55617.0,4150.0,14222.0,14236.0,14.0,0.9575169999326736,0.9584595704571467,0.0009425705244731075,6.930182454722952,7.488992122803474,0.5588096680805217,600.0,616.0,16.0,0.03938598262977176,0.040597859018380124,0.0012118763886083614
builds/article_s1_p1_finite_low_attraction_V_0p2_seed_9210002----2026-09-12_10-54-37/simulation_Rawdata___article_s1_p1_finite_low_attraction_V_0p2_seed_9210002----2026-09-12_10-54-37.h5,article_s1_p1_finite_low_attraction_V_0p2_seed_9210002,40000,27.9999990016222,5,0.1,3.57479989528656,4.369199872016907,1,simsv-interval-radius-graph-1.1,0.0,14853,3002997,20546,44574,24028,0.5390586440525867,20546.0,44574.0,24028.0,13425.0,14180.0,755.0,0.9038578065037366,0.954689288359254,0.050831481855517446,2.766579142260823,6.002019793981014,3.2354406517201912,660.0,1425.0,765.0,0.043694876455934825,0.09580556116609439,0.05211068471015956
builds/article_s1_p1_finite_low_attraction_V_0p2_seed_9210002----2026-09-12_10-54-37/simulation_Rawdata___article_s1_p1_finite_low_attraction_V_0p2_seed_9210002----2026-09-12_10-54-37.h5,article_s1_p1_finite_low_attraction_V_0p2_seed_9210002,40000,27.9999990016222,5,0.1,3.57479989528656,4.369199872016907,1,simsv-interval-radius-graph-1.1,2.0,14853,3212481,49365,57814,8449,0.14614107309648183,49365.0,57814.0,8449.0,14217.0,14243.0,26.0,0.9571803676025046,0.9589308557193833,0.0017504881168787234,6.6471419915168655,7.784824614555982,1.1376826230391162,593.0,622.0,29.0,0.03891469736753518,0.04106914428061671,0.0021544469130815314
builds/article_s1_p1_finite_low_attraction_V_0p2_seed_9210002----2026-09-12_10-54-37/simulation_Rawdata___article_s1_p1_finite_low_attraction_V_0p2_seed_9210002----2026-09-12_10-54-37.h5,article_s1_p1_finite_low_attraction_V_0p2_seed_9210002,40000,27.9999990016222,5,0.1,3.57479989528656,4.369199872016907,1,simsv-interval-radius-graph-1.1,4.0,14853,3428451,62261,74178,11917,0.16065410229448085,62261.0,74178.0,11917.0,14265.0,14284.0,19.0,0.9604120379721268,0.961691240826769,0.0012792028546422252,8.38362620346058,9.98828519491012,1.60465899144954,555.0,575.0,20.0,0.03628896519221706,0.03770282097892682,0.0014138557867097584
builds/article_s1_p1_finite_low_attraction_V_0p2_seed_9210002----2026-09-12_10-54-37/simulation_Rawdata___article_s1_p1_finite_low_attraction_V_0p2_seed_9210002----2026-09-12_10-54-37.h5,article_s1_p1_finite_low_attraction_V_0p2_seed_9210002,40000,27.9999990016222,5,0.1,3.57479989528656,4.369199872016907,1,simsv-interval-radius-graph-1.1,6.0,14853,3651426,80577,101206,20629,0.20383178862913265,80577.0,101206.0,20629.0,14290.0,14298.0,8.0,0.9620951996229717,0.9626338113512422,0.0005386117282704106,10.849929307210665,13.627684642833097,2.777755335622432,535.0,548.0,13.0,0.03460580354137211,0.03575035346394668,0.001144549922574567
builds/article_s1_p1_main_I_0p075_H_reference_seed_9210001----2026-09-13_15-15-21/simulation_Rawdata___article_s1_p1_main_I_0p075_H_reference_seed_9210001----2026-09-13_15-15-21.h5,article_s1_p1_main_I_0p075_H_reference_seed_9210001,200,0.139999995008111,0,0.0,3.9719998836517334,3.9719998836517334,1,simsv-interval-radius-graph-1.1,2.0,7427,317955,4755,4755,0,0.0,4755.0,4755.0,0.0,602.0,602.0,0.0,0.08105560791705937,0.08105560791705937,0.0,1.2804631749023831,1.2804631749023831,0.0,3805.0,3805.0,0.0,0.4202235088191733,0.4202235088191733,0.0
builds/article_s1_p1_main_I_0p075_H_reference_seed_9210001----2026-09-13_15-15-21/simulation_Rawdata___article_s1_p1_main_I_0p075_H_reference_seed_9210001----2026-09-13_15-15-21.h5,article_s1_p1_main_I_0p075_H_reference_seed_9210001,200,0.139999995008111,0,0.025,3.87269988656044,4.071299880743027,1,simsv-interval-radius-graph-1.1,2.0,7427,317955,4682,4833,151,0.031243534036830126,4682.0,4833.0,151.0,600.0,602.0,2.0,0.08078632018311566,0.08105560791705937,0.0002692877339437183,1.2608051703244918,1.3014676181499933,0.040662447825501546,3758.0,3842.0,84.0,0.4105291503971994,0.426282482832907,0.01575333243570759
builds/article_s1_p1_main_I_0p075_H_reference_seed_9210001----2026-09-13_15-15-21/simulation_Rawdata___article_s1_p1_main_I_0p075_H_reference_seed_9210001----2026-09-13_15-15-21.h5,article_s1_p1_main_I_0p075_H_reference_seed_9210001,200,0.139999995008111,0,0.05,3.7733998894691467,4.17059987783432,1,simsv-interval-radius-graph-1.1,2.0,7427,317955,4622,4917,295,0.059995932479153954,4622.0,4917.0,295.0,600.0,608.0,8.0,0.08078632018311566,0.08186347111889053,0.0010771509357748732,1.2446479062878686,1.3240877878012656,0.07943988151339698,3713.0,3874.0,161.0,0.4028544499798034,0.4315335936448095,0.028679143665006068
builds/article_s1_p1_main_I_0p075_H_reference_seed_9210001----2026-09-13_15-15-21/simulation_Rawdata___article_s1_p1_main_I_0p075_H_reference_seed_9210001----2026-09-13_15-15-21.h5,article_s1_p1_main_I_0p075_H_reference_seed_9210001,200,0.139999995008111,0,0.1,3.57479989528656,4.369199872016907,1,simsv-interval-radius-graph-1.1,0.0,7427,291698,2477,4180,1703,0.40741626794258373,2477.0,4180.0,1703.0,335.0,584.0,249.0,0.04510569543557291,0.07863201831156591,0.033526322875993,0.6670257169785916,1.1256227278847448,0.45859701090615324,4106.0,5192.0,1086.0,0.4696378079978457,0.6882994479601454,0.2186616399622997
builds/article_s1_p1_main_I_0p075_H_reference_seed_9210001----2026-09-13_15-15-21/simulation_Rawdata___article_s1_p1_main_I_0p075_H_reference_seed_9210001----2026-09-13_15-15-21.h5,article_s1_p1_main_I_0p075_H_reference_seed_9210001,200,0.139999995008111,0,0.1,3.57479989528656,4.369199872016907,1,simsv-interval-radius-graph-1.1,2.0,7427,317955,4479,5065,586,0.11569595261599211,4479.0,5065.0,586.0,598.0,609.0,11.0,0.08051703244917194,0.08199811498586239,0.0014810825366904506,1.2061397603339168,1.363942372424936,0.1578026120910192,3639.0,3956.0,317.0,0.3892554194156456,0.447286926080517,0.05803150666487139
builds/article_s1_p1_main_I_0p075_H_reference_seed_9210001----2026-09-13_15-15-21/simulation_Rawdata___article_s1_p1_main_I_0p075_H_reference_seed_9210001----2026-09-13_15-15-21.h5,article_s1_p1_main_I_0p075_H_reference_seed_9210001,200,0.139999995008111,0,0.1,3.57479989528656,4.369199872016907,1,simsv-interval-radius-graph-1.1,4.0,7427,345685,5349,6181,832,0.1346060508008413,5349.0,6181.0,832.0,621.0,648.0,27.0,0.08361384138952471,0.08724922579776491,0.003635384408240197,1.440420088864952,1.6644674835061264,0.2240473946411743,3102.0,3510.0,408.0,0.30254476908576816,0.3685202639019793,0.06597549481621112
builds/article_s1_p1_main_I_0p075_H_reference_seed_9210001----2026-09-13_15-15-21/simulation_Rawdata___article_s1_p1_main_I_0p075_H_reference_seed_9210001----2026-09-13_15-15-21.h5,article_s1_p1_main_I_0p075_H_reference_seed_9210001,200,0.139999995008111,0,0.1,3.57479989528656,4.369199872016907,1,simsv-interval-radius-graph-1.1,6.0,7427,374894,6607,7778,1171,0.15055284134739008,6607.0,7778.0,1171.0,660.0,755.0,95.0,0.08886495220142722,0.10165611956375387,0.012791167362326647,1.7791840581661504,2.094519994614245,0.31533593644809477,2429.0,2937.0,508.0,0.21516089942103137,0.2823481890399892,0.06718728961895784
builds/article_s1_p1_main_I_0p075_H_reference_seed_9210001----2026-09-13_15-15-21/simulation_Rawdata___article_s1_p1_main_I_0p075_H_reference_seed_9210001----2026-09-13_15-15-21.h5,article_s1_p1_main_I_0p075_H_reference_seed_9210001,8000,5.59999980032444,1,0.0,3.9719998836517334,3.9719998836517334,1,simsv-interval-radius-graph-1.1,2.0,7427,435653,13274,13274,0,0.0,13274.0,13274.0,0.0,2540.0,2540.0,0.0,0.34199542210852296,0.34199542210852296,0.0,3.5745253803689243,3.5745253803689243,0.0,1402.0,1402.0,0.0,0.17153628652214892,0.17153628652214892,0.0
builds/article_s1_p1_main_I_0p075_H_reference_seed_9210001----2026-09-13_15-15-21/simulation_Rawdata___article_s1_p1_main_I_0p075_H_reference_seed_9210001----2026-09-13_15-15-21.h5,article_s1_p1_main_I_0p075_H_reference_seed_9210001,8000,5.59999980032444,1,0.025,3.87269988656044,4.071299880743027,1,simsv-interval-radius-graph-1.1,2.0,7427,435653,13061,13476,415,0.030795488275452657,13061.0,13476.0,415.0,2539.0,2541.0,2.0,0.3418607782415511,0.34213006597549483,0.00026928773394374605,3.5171670930389123,3.6289215026255555,0.11175440958664318,1395.0,1413.0,18.0,0.17032449171940217,0.17342130065975495,0.0030968089403527743
builds/article_s1_p1_main_I_0p075_H_reference_seed_9210001----2026-09-13_15-15-21/simulation_Rawdata___article_s1_p1_main_I_0p075_H_reference_seed_9210001----2026-09-13_15-15-21.h5,article_s1_p1_main_I_0p075_H_reference_seed_9210001,8000,5.59999980032444,1,0.05,3.7733998894691467,4.17059987783432,1,simsv-interval-radius-graph-1.1,2.0,7427,435653,12882,13660,778,0.05695461200585652,12882.0,13660.0,778.0,2536.0,2545.0,9.0,0.3414568466406355,0.34266864144338227,0.0012117948027467462,3.4689645886629865,3.6784704456712,0.20950585700821334,1381.0,1422.0,41.0,0.16803554598088058,0.17503702706341726,0.007001481082536676
builds/article_s1_p1_main_I_0p075_H_reference_seed_9210001----2026-09-13_15-15-21/simulation_Rawdata___article_s1_p1_main_I_0p075_H_reference_seed_9210001----2026-09-13_15-15-21.h5,article_s1_p1_main_I_0p075_H_reference_seed_9210001,8000,5.59999980032444,1,0.1,3.57479989528656,4.369199872016907,1,simsv-interval-radius-graph-1.1,0.0,7427,405608,6164,11570,5406,0.4672428694900605,6164.0,11570.0,5406.0,2031.0,2511.0,480.0,0.27346169381984653,0.33809074996633903,0.0646290561464925,1.659889592029083,3.115659081728827,1.4557694896997442,1526.0,2245.0,719.0,0.19119429110004038,0.30025582334724654,0.10906153224720616
builds/article_s1_p1_main_I_0p075_H_reference_seed_9210001----2026-09-13_15-15-21/simulation_Rawdata___article_s1_p1_main_I_0p075_H_reference_seed_9210001----2026-09-13_15-15-21.h5,article_s1_p1_main_I_0p075_H_reference_seed_9210001,8000,5.59999980032444,1,0.1,3.57479989528656,4.369199872016907,1,simsv-interval-radius-graph-1.1,2.0,7427,435653,12504,14089,1585,0.11249911278302221,12504.0,14089.0,1585.0,2531.0,2549.0,18.0,0.3407836273057762,0.3432072169112697,0.0024235896054934924,3.3671738252322605,3.7939948835330553,0.42682105830079475,1364.0,1447.0,83.0,0.16507338090749965,0.17948027467348862,0.01440689376598897
builds/article_s1_p1_main_I_0p075_H_reference_seed_9210001----2026-09-13_15-15-21/simulation_Rawdata___article_s1_p1_main_I_0p075_H_reference_seed_9210001----2026-09-13_15-15-21.h5,article_s1_p1_main_I_0p075_H_reference_seed_9210001,8000,5.59999980032444,1,0.1,3.57479989528656,4.369199872016907,1,simsv-interval-radius-graph-1.1,4.0,7427,467616,14874,16928,2054,0.1213374291115312,14874.0,16928.0,2054.0,3003.0,3029.0,26.0,0.4043355325164939,0.4078362730577622,0.00350074054126831,4.0053857546788745,4.558502760199273,0.5531170055203987,1235.0,1325.0,90.0,0.14339571832503029,0.15928369462770972,0.015887976302679435
builds/article_s1_p1_main_I_0p075_H_reference_seed_9210001----2026-09-13_15-15-21/simulation_Rawdata___article_s1_p1_main_I_0p075_H_reference_seed_9210001----2026-09-13_15-15-21.h5,article_s1_p1_main_I_0p075_H_reference_seed_9210001,8000,5.59999980032444,1,0.1,3.57479989528656,4.369199872016907,1,simsv-interval-radius-graph-1.1,6.0,7427,501650,17922,21220,3298,0.15541941564561734,17922.0,21220.0,3298.0,3037.0,5554.0,2517.0,0.4089134239935371,0.7478120371617073,0.3388986131681702,4.82617476773933,5.714285714285714,0.8881109465463846,1086.0,1205.0,119.0,0.12010232933889861,0.1386831829810152,0.01858085364211659
builds/article_s1_p1_main_I_0p075_H_reference_seed_9210001----2026-09-13_15-15-21/simulation_Rawdata___article_s1_p1_main_I_0p075_H_reference_seed_9210001----2026-09-13_15-15-21.h5,article_s1_p1_main_I_0p075_H_reference_seed_9210001,16000,11.19999960064888,2,0.0,3.9719998836517334,3.9719998836517334,1,simsv-interval-radius-graph-1.1,2.0,7427,667808,18277,18277,0,0.0,18277.0,18277.0,0.0,6556.0,6556.0,0.0,0.8827251918675104,0.8827251918675104,0.0,4.92177191328935,4.92177191328935,0.0,800.0,800.0,0.0,0.10192540729769758,0.10192540729769758,0.0
builds/article_s1_p1_main_I_0p075_H_reference_seed_9210001----2026-09-13_15-15-21/simulation_Rawdata___article_s1_p1_main_I_0p075_H_reference_seed_9210001----2026-09-13_15-15-21.h5,article_s1_p1_main_I_0p075_H_reference_seed_9210001,16000,11.19999960064888,2,0.025,3.87269988656044,4.071299880743027,1,simsv-interval-radius-graph-1.1,2.0,7427,667808,17994,18550,556,0.029973045822102425,17994.0,18550.0,556.0,6552.0,6559.0,7.0,0.882186616399623,0.883129123468426,0.0009425070688029447,4.845563484583277,4.995287464655985,0.14972398007270815,796.0,806.0,10.0,0.10138683182981015,0.10286791436650061,0.0014810825366904645
builds/article_s1_p1_main_I_0p075_H_reference_seed_9210001----2026-09-13_15-15-21/simulation_Rawdata___article_s1_p1_main_I_0p075_H_reference_seed_9210001----2026-09-13_15-15-21.h5,article_s1_p1_main_I_0p075_H_reference_seed_9210001,16000,11.19999960064888,2,0.05,3.7733998894691467,4.17059987783432,1,simsv-interval-radius-graph-1.1,2.0,7427,667808,17713,18834,1121,0.059520016990549006,17713.0,18834.0,1121.0,6551.0,6565.0,14.0,0.8820519725326511,0.8839369866702572,0.0018850141376061114,4.769893631345092,5.071765181096001,0.301871549750909,789.0,808.0,19.0,0.10030968089403527,0.10327184596741619,0.002962165073380915
builds/article_s1_p1_main_I_0p075_H_reference_seed_9210001----2026-09-13_15-15-21/simulation_Rawdata___article_s1_p1_main_I_0p075_H_reference_seed_9210001----2026-09-13_15-15-21.h5,article_s1_p1_main_I_0p075_H_reference_seed_9210001,16000,11.19999960064888,2,0.1,3.57479989528656,4.369199872016907,1,simsv-interval-radius-graph-1.1,0.0,7427,625892,7889,15635,7746,0.4954269267668692,7889.0,15635.0,7746.0,5917.0,6482.0,565.0,0.7966877608724923,0.8727615457115928,0.07607378483910054,2.124410933081998,4.210313720210045,2.0859027871280467,884.0,1489.0,605.0,0.1141779991921368,0.20021543018715499,0.08603743099501819
builds/article_s1_p1_main_I_0p075_H_reference_seed_9210001----2026-09-13_15-15-21/simulation_Rawdata___article_s1_p1_main_I_0p075_H_reference_seed_9210001----2026-09-13_15-15-21.h5,article_s1_p1_main_I_0p075_H_reference_seed_9210001,16000,11.19999960064888,2,0.1,3.57479989528656,4.369199872016907,1,simsv-interval-radius-graph-1.1,2.0,7427,667808,17124,19388,2264,0.11677326181142975,17124.0,19388.0,2264.0,6542.0,6572.0,30.0,0.8808401777299044,0.8848794937390602,0.004039316009155747,4.611283156052242,5.220950585700821,0.6096674296485798,780.0,819.0,39.0,0.09882859835734482,0.10502221623805036,0.006193617880705535
builds/article_s1_p1_main_I_0p075_H_reference_seed_9210001----2026-09-13_15-15-21/simulation_Rawdata___article_s1_p1_main_I_0p075_H_reference_seed_9210001----2026-09-13_15-15-21.h5,article_s1_p1_main_I_0p075_H_reference_seed_9210001,16000,11.19999960064888,2,0.1,3.57479989528656,4.369199872016907,1,simsv-interval-radius-graph-1.1,4.0,7427,711887,20560,23672,3112,0.13146333220682663,20560.0,23672.0,3112.0,6591.0,6610.0,19.0,0.8874377272115255,0.8899959606839909,0.002558233472465421,5.53655580988286,6.374579237915713,0.8380234280328525,727.0,759.0,32.0,0.0906153224720614,0.09586643328396391,0.005251110811902507
builds/article_s1_p1_main_I_0p075_H_reference_seed_9210001----2026-09-13_15-15-21/simulation_Rawdata___article_s1_p1_main_I_0p075_H_reference_seed_9210001----2026-09-13_15-15-21.h5,article_s1_p1_main_I_0p075_H_reference_seed_9210001,16000,11.19999960064888,2,0.1,3.57479989528656,4.369199872016907,1,simsv-interval-radius-graph-1.1,6.0,7427,758167,25265,30604,5339,0.17445431969677166,25265.0,30604.0,5339.0,6620.0,6642.0,22.0,0.8913423993537094,0.8943045644270904,0.0029621650733809846,6.803554598088057,8.241281809613572,1.4377272115255142,673.0,713.0,40.0,0.08199811498586239,0.0885956644674835,0.006597549481621112
builds/article_s1_p1_main_I_0p075_H_reference_seed_9210001----2026-09-13_15-15-21/simulation_Rawdata___article_s1_p1_main_I_0p075_H_reference_seed_9210001----2026-09-13_15-15-21.h5,article_s1_p1_main_I_0p075_H_reference_seed_9210001,24000,16.79999940097332,3,0.0,3.9719998836517334,3.9719998836517334,1,simsv-interval-radius-graph-1.1,2.0,7427,1021872,22944,22944,0,0.0,22944.0,22944.0,0.0,6881.0,6881.0,0.0,0.9264844486333648,0.9264844486333648,0.0,6.178537767604686,6.178537767604686,0.0,531.0,531.0,0.0,0.06961087922445133,0.06961087922445133,0.0
builds/article_s1_p1_main_I_0p075_H_reference_seed_9210001----2026-09-13_15-15-21/simulation_Rawdata___article_s1_p1_main_I_0p075_H_reference_seed_9210001----2026-09-13_15-15-21.h5,article_s1_p1_main_I_0p075_H_reference_seed_9210001,24000,16.79999940097332,3,0.025,3.87269988656044,4.071299880743027,1,simsv-interval-radius-graph-1.1,2.0,7427,1021872,22600,23325,725,0.031082529474812434,22600.0,23325.0,725.0,6879.0,6882.0,3.0,0.926215160899421,0.9266190925003366,0.00040393160091556357,6.085902787128046,6.281136394237243,0.19523360710919668,529.0,534.0,5.0,0.06920694762353574,0.07014945469233877,0.0009425070688030279
builds/article_s1_p1_main_I_0p075_H_reference_seed_9210001----2026-09-13_15-15-21/simulation_Rawdata___article_s1_p1_main_I_0p075_H_reference_seed_9210001----2026-09-13_15-15-21.h5,article_s1_p1_main_I_0p075_H_reference_seed_9210001,24000,16.79999940097332,3,0.05,3.7733998894691467,4.17059987783432,1,simsv-interval-radius-graph-1.1,2.0,7427,1021872,22239,23716,1477,0.06227863046044864,22239.0,23716.0,1477.0,6877.0,6884.0,7.0,0.9259458731654773,0.9268883802342803,0.0009425070688030557,5.988689915174364,6.386427898209236,0.3977379830348724,527.0,537.0,10.0,0.06893765988959202,0.0706880301602262,0.0017503702706341828
builds/article_s1_p1_main_I_0p075_H_reference_seed_9210001----2026-09-13_15-15-21/simulation_Rawdata___article_s1_p1_main_I_0p075_H_reference_seed_9210001----2026-09-13_15-15-21.h5,article_s1_p1_main_I_0p075_H_reference_seed_9210001,24000,16.79999940097332,3,0.1,3.57479989528656,4.369199872016907,1,simsv-interval-radius-graph-1.1,0.0,7427,954912,9503,19700,10197,0.5176142131979695,9503.0,19700.0,10197.0,6367.0,6832.0,465.0,0.857277501009829,0.9198868991517436,0.06260939814191457,2.5590413356671604,5.304968358691261,2.745927023024101,580.0,1061.0,481.0,0.07620842870607245,0.142722498990171,0.06651407028409856
builds/article_s1_p1_main_I_0p075_H_reference_seed_9210001----2026-09-13_15-15-21/simulation_Rawdata___article_s1_p1_main_I_0p075_H_reference_seed_9210001----2026-09-13_15-15-21.h5,article_s1_p1_main_I_0p075_H_reference_seed_9210001,24000,16.79999940097332,3,0.1,3.57479989528656,4.369199872016907,1,simsv-interval-radius-graph-1.1,2.0,7427,1021872,21547,24476,2929,0.11966824644549763,21547.0,24476.0,2929.0,6869.0,6887.0,18.0,0.9248687222297024,0.9272923118351959,0.0024235896054934924,5.802342803285311,6.591086576006463,0.7887437727211521,524.0,544.0,20.0,0.06853372828867645,0.07149589336205736,0.002962165073380915
builds/article_s1_p1_main_I_0p075_H_reference_seed_9210001----2026-09-13_15-15-21/simulation_Rawdata___article_s1_p1_main_I_0p075_H_reference_seed_9210001----2026-09-13_15-15-21.h5,article_s1_p1_main_I_0p075_H_reference_seed_9210001,24000,16.79999940097332,3,0.1,3.57479989528656,4.369199872016907,1,simsv-interval-radius-graph-1.1,4.0,7427,1091721,26168,30496,4328,0.1419202518363064,26168.0,30496.0,4328.0,6897.0,6909.0,12.0,0.9286387505049145,0.9302544769085768,0.0016157264036622543,7.046721421839235,8.21219873434765,1.1654773125084148,494.0,513.0,19.0,0.06355190521071766,0.06691800188501414,0.0033660966742964787
builds/article_s1_p1_main_I_0p075_H_reference_seed_9210001----2026-09-13_15-15-21/simulation_Rawdata___article_s1_p1_main_I_0p075_H_reference_seed_9210001----2026-09-13_15-15-21.h5,article_s1_p1_main_I_0p075_H_reference_seed_9210001,24000,16.79999940097332,3,0.1,3.57479989528656,4.369199872016907,1,simsv-interval-radius-graph-1.1,6.0,7427,1164006,32732,40356,7624,0.1889186242442264,32732.0,40356.0,7624.0,6914.0,6927.0,13.0,0.9309276962434361,0.9326780665140703,0.0017503702706341828,8.814326107445806,10.86737579103272,2.053049683586913,469.0,488.0,19.0,0.05951258920156187,0.06260939814191463,0.0030968089403527604
builds/article_s1_p1_main_I_0p075_H_reference_seed_9210001----2026-09-13_15-15-21/simulation_Rawdata___article_s1_p1_main_I_0p075_H_reference_seed_9210001----2026-09-13_15-15-21.h5,article_s1_p1_main_I_0p075_H_reference_seed_9210001,32000,22.39999920129776,4,0.0,3.9719998836517334,3.9719998836517334,1,simsv-interval-radius-graph-1.1,2.0,7427,1664190,29642,29642,0,0.0,29642.0,29642.0,0.0,7133.0,7133.0,0.0,0.9604147031102733,0.9604147031102733,0.0,7.982227009559715,7.982227009559715,0.0,292.0,292.0,0.0,0.03877743368789552,0.03877743368789552,0.0
builds/article_s1_p1_main_I_0p075_H_reference_seed_9210001----2026-09-13_15-15-21/simulation_Rawdata___article_s1_p1_main_I_0p075_H_reference_seed_9210001----2026-09-13_15-15-21.h5,article_s1_p1_main_I_0p075_H_reference_seed_9210001,32000,22.39999920129776,4,0.025,3.87269988656044,4.071299880743027,1,simsv-interval-radius-graph-1.1,2.0,7427,1664190,29192,30140,948,0.03145321831453218,29192.0,30140.0,948.0,7132.0,7133.0,1.0,0.9602800592433015,0.9604147031102733,0.00013464386697181752,7.861047529285041,8.116332301063686,0.25528477177864506,292.0,293.0,1.0,0.03877743368789552,0.03891207755486738,0.00013464386697185915
builds/article_s1_p1_main_I_0p075_H_reference_seed_9210001----2026-09-13_15-15-21/simulation_Rawdata___article_s1_p1_main_I_0p075_H_reference_seed_9210001----2026-09-13_15-15-21.h5,article_s1_p1_main_I_0p075_H_reference_seed_9210001,32000,22.39999920129776,4,0.05,3.7733998894691467,4.17059987783432,1,simsv-interval-radius-graph-1.1,2.0,7427,1664190,28711,30669,1958,0.06384296846979035,28711.0,30669.0,1958.0,7130.0,7134.0,4.0,0.9600107715093578,0.9605493469772451,0.0005385754678873811,7.731520129258112,8.258785512319914,0.5272653830618017,291.0,295.0,4.0,0.03864278982092366,0.039181365288811096,0.0005385754678874366
builds/article_s1_p1_main_I_0p075_H_reference_seed_9210001----2026-09-13_15-15-21/simulation_Rawdata___article_s1_p1_main_I_0p075_H_reference_seed_9210001----2026-09-13_15-15-21.h5,article_s1_p1_main_I_0p075_H_reference_seed_9210001,32000,22.39999920129776,4,0.1,3.57479989528656,4.369199872016907,1,simsv-interval-radius-graph-1.1,0.0,7427,1545228,11555,25273,13718,0.5427927036758596,11555.0,25273.0,13718.0,6760.0,7114.0,354.0,0.9101925407297697,0.957856469637808,0.04766392890803828,3.1116197657196714,6.8057088999596065,3.694089134239935,314.0,668.0,354.0,0.042143530362192004,0.08980745927023025,0.04766392890803824
builds/article_s1_p1_main_I_0p075_H_reference_seed_9210001----2026-09-13_15-15-21/simulation_Rawdata___article_s1_p1_main_I_0p075_H_reference_seed_9210001----2026-09-13_15-15-21.h5,article_s1_p1_main_I_0p075_H_reference_seed_9210001,32000,22.39999920129776,4,0.1,3.57479989528656,4.369199872016907,1,simsv-interval-radius-graph-1.1,2.0,7427,1664190,27747,31752,4005,0.12613378684807255,27747.0,31752.0,4005.0,7128.0,7134.0,6.0,0.959741483775414,0.9605493469772451,0.0008078632018311271,7.471926753736367,8.55042412818096,1.0784973744445931,291.0,298.0,7.0,0.03864278982092366,0.03971994075669853,0.0010771509357748732
builds/article_s1_p1_main_I_0p075_H_reference_seed_9210001----2026-09-13_15-15-21/simulation_Rawdata___article_s1_p1_main_I_0p075_H_reference_seed_9210001----2026-09-13_15-15-21.h5,article_s1_p1_main_I_0p075_H_reference_seed_9210001,32000,22.39999920129776,4,0.1,3.57479989528656,4.369199872016907,1,simsv-interval-radius-graph-1.1,4.0,7427,1788347,34102,40393,6291,0.15574480726858614,34102.0,40393.0,6291.0,7134.0,7137.0,3.0,0.9605493469772451,0.9609532785781608,0.0004039316009156746,9.1832503029487,10.877339437188636,1.6940891342399365,283.0,291.0,8.0,0.03689241955028948,0.03864278982092366,0.0017503702706341759
builds/article_s1_p1_main_I_0p075_H_reference_seed_9210001----2026-09-13_15-15-21/simulation_Rawdata___article_s1_p1_main_I_0p075_H_reference_seed_9210001----2026-09-13_15-15-21.h5,article_s1_p1_main_I_0p075_H_reference_seed_9210001,32000,22.39999920129776,4,0.1,3.57479989528656,4.369199872016907,1,simsv-interval-radius-graph-1.1,6.0,7427,1917011,43893,55117,11224,0.20363953045339914,43893.0,55117.0,11224.0,7137.0,7142.0,5.0,0.9609532785781608,0.96162649791302,0.0006732193348591986,11.819846505991652,14.842332031775953,3.022485525784301,274.0,283.0,9.0,0.035142049279655314,0.03689241955028948,0.001750370270634169
builds/article_s1_p1_main_I_0p075_H_reference_seed_9210001----2026-09-13_15-15-21/simulation_Rawdata___article_s1_p1_main_I_0p075_H_reference_seed_9210001----2026-09-13_15-15-21.h5,article_s1_p1_main_I_0p075_H_reference_seed_9210001,40000,27.9999990016222,5,0.0,3.9719998836517334,3.9719998836517334,1,simsv-interval-radius-graph-1.1,2.0,7427,2384196,36159,36159,0,0.0,36159.0,36159.0,0.0,7252.0,7252.0,0.0,0.9764373232799246,0.9764373232799246,0.0,9.73717517167093,9.73717517167093,0.0,174.0,174.0,0.0,0.023024101252187963,0.023024101252187963,0.0
builds/article_s1_p1_main_I_0p075_H_reference_seed_9210001----2026-09-13_15-15-21/simulation_Rawdata___article_s1_p1_main_I_0p075_H_reference_seed_9210001----2026-09-13_15-15-21.h5,article_s1_p1_main_I_0p075_H_reference_seed_9210001,40000,27.9999990016222,5,0.025,3.87269988656044,4.071299880743027,1,simsv-interval-radius-graph-1.1,2.0,7427,2384196,35554,36769,1215,0.033044140444396096,35554.0,36769.0,1215.0,7252.0,7252.0,0.0,0.9764373232799246,0.9764373232799246,0.0,9.57425609263498,9.9014406893766,0.3271845967416187,174.0,175.0,1.0,0.023024101252187963,0.02329338898613168,0.0002692877339437183
builds/article_s1_p1_main_I_0p075_H_reference_seed_9210001----2026-09-13_15-15-21/simulation_Rawdata___article_s1_p1_main_I_0p075_H_reference_seed_9210001----2026-09-13_15-15-21.h5,article_s1_p1_main_I_0p075_H_reference_seed_9210001,40000,27.9999990016222,5,0.05,3.7733998894691467,4.17059987783432,1,simsv-interval-radius-graph-1.1,2.0,7427,2384196,34901,37447,2546,0.06798942505407643,34901.0,37447.0,2546.0,7252.0,7252.0,0.0,0.9764373232799246,0.9764373232799246,0.0,9.398411202369733,10.08401777299044,0.685606570620708,174.0,175.0,1.0,0.023024101252187963,0.02329338898613168,0.0002692877339437183
builds/article_s1_p1_main_I_0p075_H_reference_seed_9210001----2026-09-13_15-15-21/simulation_Rawdata___article_s1_p1_main_I_0p075_H_reference_seed_9210001----2026-09-13_15-15-21.h5,article_s1_p1_main_I_0p075_H_reference_seed_9210001,40000,27.9999990016222,5,0.1,3.57479989528656,4.369199872016907,1,simsv-interval-radius-graph-1.1,0.0,7427,2205816,13014,30631,17617,0.5751362998269727,13014.0,30631.0,17617.0,7066.0,7251.0,185.0,0.9513935640231588,0.9763026794129528,0.024909115389794012,3.5045105695435574,8.248552578430052,4.744042008886495,176.0,362.0,186.0,0.02342803285310354,0.04860643597684126,0.025178403123737716
builds/article_s1_p1_main_I_0p075_H_reference_seed_9210001----2026-09-13_15-15-21/simulation_Rawdata___article_s1_p1_main_I_0p075_H_reference_seed_9210001----2026-09-13_15-15-21.h5,article_s1_p1_main_I_0p075_H_reference_seed_9210001,40000,27.9999990016222,5,0.1,3.57479989528656,4.369199872016907,1,simsv-interval-radius-graph-1.1,2.0,7427,2384196,33669,38873,5204,0.1338718390656754,33669.0,38873.0,5204.0,7252.0,7252.0,0.0,0.9764373232799246,0.9764373232799246,0.0,9.06664871415107,10.468022081594183,1.4013733674431137,174.0,175.0,1.0,0.023024101252187963,0.02329338898613168,0.0002692877339437183
builds/article_s1_p1_main_I_0p075_H_reference_seed_9210001----2026-09-13_15-15-21/simulation_Rawdata___article_s1_p1_main_I_0p075_H_reference_seed_9210001----2026-09-13_15-15-21.h5,article_s1_p1_main_I_0p075_H_reference_seed_9210001,40000,27.9999990016222,5,0.1,3.57479989528656,4.369199872016907,1,simsv-interval-radius-graph-1.1,4.0,7427,2569840,41917,50159,8242,0.16431747044398812,41917.0,50159.0,8242.0,7253.0,7254.0,1.0,0.9765719671468964,0.9767066110138684,0.00013464386697192854,11.287733943718864,13.507203446882995,2.219469503164131,171.0,173.0,2.0,0.022485525784300527,0.022889457385216104,0.00040393160091557745
builds/article_s1_p1_main_I_0p075_H_reference_seed_9210001----2026-09-13_15-15-21/simulation_Rawdata___article_s1_p1_main_I_0p075_H_reference_seed_9210001----2026-09-13_15-15-21.h5,article_s1_p1_main_I_0p075_H_reference_seed_9210001,40000,27.9999990016222,5,0.1,3.57479989528656,4.369199872016907,1,simsv-interval-radius-graph-1.1,6.0,7427,2764357,54801,69855,15054,0.2155035430534679,54801.0,69855.0,15054.0,7254.0,7255.0,1.0,0.9767066110138684,0.9768412548808402,0.00013464386697181752,14.757237107849738,18.81109465463848,4.053857546788743,169.0,171.0,2.0,0.022081594183384946,0.022485525784300527,0.0004039316009155809
builds/article_s1_p1_main_I_0p075_H_reference_seed_9210003----2026-09-14_14-49-39/simulation_Rawdata___article_s1_p1_main_I_0p075_H_reference_seed_9210003----2026-09-14_14-49-39.h5,article_s1_p1_main_I_0p075_H_reference_seed_9210003,200,0.139999995008111,0,0.0,3.9719998836517334,3.9719998836517334,1,simsv-interval-radius-graph-1.1,2.0,7427,298664,4806,4806,0,0.0,4806.0,4806.0,0.0,300.0,300.0,0.0,0.04039316009155783,0.04039316009155783,0.0,1.2941968493335128,1.2941968493335128,0.0,3798.0,3798.0,0.0,0.4188770701494547,0.4188770701494547,0.0
builds/article_s1_p1_main_I_0p075_H_reference_seed_9210003----2026-09-14_14-49-39/simulation_Rawdata___article_s1_p1_main_I_0p075_H_reference_seed_9210003----2026-09-14_14-49-39.h5,article_s1_p1_main_I_0p075_H_reference_seed_9210003,200,0.139999995008111,0,0.025,3.87269988656044,4.071299880743027,1,simsv-interval-radius-graph-1.1,2.0,7427,298664,4747,4887,140,0.02864743196234909,4747.0,4887.0,140.0,299.0,316.0,17.0,0.04025851622458597,0.04254746196310758,0.0022889457385216125,1.2783088730308334,1.316009155782954,0.03770028275212067,3754.0,3831.0,77.0,0.41174094519994614,0.4254746196310758,0.013733674431129661
builds/article_s1_p1_main_I_0p075_H_reference_seed_9210003----2026-09-14_14-49-39/simulation_Rawdata___article_s1_p1_main_I_0p075_H_reference_seed_9210003----2026-09-14_14-49-39.h5,article_s1_p1_main_I_0p075_H_reference_seed_9210003,200,0.139999995008111,0,0.05,3.7733998894691467,4.17059987783432,1,simsv-interval-radius-graph-1.1,2.0,7427,298664,4672,4969,297,0.05977057758100222,4672.0,4969.0,297.0,298.0,318.0,20.0,0.04012387235761411,0.0428167496970513,0.00269287733943719,1.2581122929850546,1.338090749966339,0.07997845698128447,3705.0,3870.0,165.0,0.404200888649522,0.43261074458058435,0.028409855931062322
builds/article_s1_p1_main_I_0p075_H_reference_seed_9210003----2026-09-14_14-49-39/simulation_Rawdata___article_s1_p1_main_I_0p075_H_reference_seed_9210003----2026-09-14_14-49-39.h5,article_s1_p1_main_I_0p075_H_reference_seed_9210003,200,0.139999995008111,0,0.1,3.57479989528656,4.369199872016907,1,simsv-interval-radius-graph-1.1,0.0,7427,273474,2544,4251,1707,0.4015525758645025,2544.0,4251.0,1707.0,218.0,251.0,33.0,0.029352362999865357,0.033795610609936716,0.004443247610071359,0.6850679951528208,1.144742156994749,0.4596741618419281,4089.0,5128.0,1039.0,0.46856065706207084,0.680086172074862,0.21152551501279115
builds/article_s1_p1_main_I_0p075_H_reference_seed_9210003----2026-09-14_14-49-39/simulation_Rawdata___article_s1_p1_main_I_0p075_H_reference_seed_9210003----2026-09-14_14-49-39.h5,article_s1_p1_main_I_0p075_H_reference_seed_9210003,200,0.139999995008111,0,0.1,3.57479989528656,4.369199872016907,1,simsv-interval-radius-graph-1.1,2.0,7427,298664,4528,5120,592,0.115625,4528.0,5120.0,592.0,297.0,323.0,26.0,0.03998922849064225,0.043489969031910596,0.003500740541268345,1.2193348592971591,1.3787531977918406,0.15941833849468146,3635.0,3950.0,315.0,0.3928908038238858,0.4467483506126296,0.05385754678874377
builds/article_s1_p1_main_I_0p075_H_reference_seed_9210003----2026-09-14_14-49-39/simulation_Rawdata___article_s1_p1_main_I_0p075_H_reference_seed_9210003----2026-09-14_14-49-39.h5,article_s1_p1_main_I_0p075_H_reference_seed_9210003,200,0.139999995008111,0,0.1,3.57479989528656,4.369199872016907,1,simsv-interval-radius-graph-1.1,4.0,7427,325389,5468,6286,818,0.130130448615972,5468.0,6286.0,818.0,592.0,622.0,30.0,0.07970916924734078,0.08374848525649657,0.004039316009155788,1.4724653292042547,1.6927426955702167,0.22027736636596207,3083.0,3470.0,387.0,0.3049683586912616,0.3686549077689511,0.0636865490776895
builds/article_s1_p1_main_I_0p075_H_reference_seed_9210003----2026-09-14_14-49-39/simulation_Rawdata___article_s1_p1_main_I_0p075_H_reference_seed_9210003----2026-09-14_14-49-39.h5,article_s1_p1_main_I_0p075_H_reference_seed_9210003,200,0.139999995008111,0,0.1,3.57479989528656,4.369199872016907,1,simsv-interval-radius-graph-1.1,6.0,7427,353373,6654,7799,1145,0.14681369406334147,6654.0,7799.0,1145.0,1189.0,1399.0,210.0,0.16009155782954088,0.18836676989363135,0.028275212064090477,1.7918405816615053,2.1001750370270633,0.30833445536555804,2456.0,2937.0,481.0,0.22081594183384948,0.28584892958125757,0.0650329877474081
builds/article_s1_p1_main_I_0p075_H_reference_seed_9210003----2026-09-14_14-49-39/simulation_Rawdata___article_s1_p1_main_I_0p075_H_reference_seed_9210003----2026-09-14_14-49-39.h5,article_s1_p1_main_I_0p075_H_reference_seed_9210003,8000,5.59999980032444,1,0.0,3.9719998836517334,3.9719998836517334,1,simsv-interval-radius-graph-1.1,2.0,7427,417580,13642,13642,0,0.0,13642.0,13642.0,0.0,4586.0,4586.0,0.0,0.6174767739329473,0.6174767739329473,0.0,3.6736232664602126,3.6736232664602126,0.0,1318.0,1318.0,0.0,0.15820654369193482,0.15820654369193482,0.0
builds/article_s1_p1_main_I_0p075_H_reference_seed_9210003----2026-09-14_14-49-39/simulation_Rawdata___article_s1_p1_main_I_0p075_H_reference_seed_9210003----2026-09-14_14-49-39.h5,article_s1_p1_main_I_0p075_H_reference_seed_9210003,8000,5.59999980032444,1,0.025,3.87269988656044,4.071299880743027,1,simsv-interval-radius-graph-1.1,2.0,7427,417580,13462,13850,388,0.028014440433212995,13462.0,13850.0,388.0,4584.0,4666.0,82.0,0.6172074861990037,0.6282482832906962,0.011040797091692478,3.6251514743503432,3.729635115120506,0.10448364077016281,1309.0,1323.0,14.0,0.15672546115524438,0.15928369462770972,0.0025582334724653377
builds/article_s1_p1_main_I_0p075_H_reference_seed_9210003----2026-09-14_14-49-39/simulation_Rawdata___article_s1_p1_main_I_0p075_H_reference_seed_9210003----2026-09-14_14-49-39.h5,article_s1_p1_main_I_0p075_H_reference_seed_9210003,8000,5.59999980032444,1,0.05,3.7733998894691467,4.17059987783432,1,simsv-interval-radius-graph-1.1,2.0,7427,417580,13273,14034,761,0.054225452472566625,13273.0,14034.0,761.0,4582.0,4669.0,87.0,0.6169381984650599,0.6286522148916117,0.011714016426551788,3.5742560926349807,3.7791840581661504,0.20492796553116976,1301.0,1329.0,28.0,0.1553790224855258,0.16049548943045644,0.005116466944930648
builds/article_s1_p1_main_I_0p075_H_reference_seed_9210003----2026-09-14_14-49-39/simulation_Rawdata___article_s1_p1_main_I_0p075_H_reference_seed_9210003----2026-09-14_14-49-39.h5,article_s1_p1_main_I_0p075_H_reference_seed_9210003,8000,5.59999980032444,1,0.1,3.57479989528656,4.369199872016907,1,simsv-interval-radius-graph-1.1,0.0,7427,389072,6297,11867,5570,0.46936883795399004,6297.0,11867.0,5570.0,2869.0,4334.0,1465.0,0.3862932543422647,0.5835465194560387,0.19725326511377406,1.6957048606435976,3.1956375387101117,1.499932678066514,1436.0,2191.0,755.0,0.17692204120102328,0.2923118351959068,0.11538979399488353
builds/article_s1_p1_main_I_0p075_H_reference_seed_9210003----2026-09-14_14-49-39/simulation_Rawdata___article_s1_p1_main_I_0p075_H_reference_seed_9210003----2026-09-14_14-49-39.h5,article_s1_p1_main_I_0p075_H_reference_seed_9210003,8000,5.59999980032444,1,0.1,3.57479989528656,4.369199872016907,1,simsv-interval-radius-graph-1.1,2.0,7427,417580,12876,14433,1557,0.10787778008729994,12876.0,14433.0,1557.0,4570.0,4673.0,103.0,0.6153224720613976,0.6291907903594991,0.013868318298101534,3.4673488622593243,3.8866298640096946,0.4192810017503703,1280.0,1358.0,78.0,0.15147435034334186,0.16534266864144337,0.013868318298101506
builds/article_s1_p1_main_I_0p075_H_reference_seed_9210003----2026-09-14_14-49-39/simulation_Rawdata___article_s1_p1_main_I_0p075_H_reference_seed_9210003----2026-09-14_14-49-39.h5,article_s1_p1_main_I_0p075_H_reference_seed_9210003,8000,5.59999980032444,1,0.1,3.57479989528656,4.369199872016907,1,simsv-interval-radius-graph-1.1,4.0,7427,447876,15241,17299,2058,0.1189664142435979,15241.0,17299.0,2058.0,4681.0,5094.0,413.0,0.630267941295274,0.6858758583546519,0.055607917059377954,4.10421435303622,4.658408509492393,0.5541941564561732,1167.0,1249.0,82.0,0.1327588528342534,0.14635788339841121,0.013599030564157816
builds/article_s1_p1_main_I_0p075_H_reference_seed_9210003----2026-09-14_14-49-39/simulation_Rawdata___article_s1_p1_main_I_0p075_H_reference_seed_9210003----2026-09-14_14-49-39.h5,article_s1_p1_main_I_0p075_H_reference_seed_9210003,8000,5.59999980032444,1,0.1,3.57479989528656,4.369199872016907,1,simsv-interval-radius-graph-1.1,6.0,7427,479851,18235,21523,3288,0.15276680760117084,18235.0,21523.0,3288.0,5112.0,5345.0,233.0,0.6882994479601454,0.7196714689645887,0.03137202100444325,4.910461828463713,5.795879897670661,0.8854180692069473,1024.0,1121.0,97.0,0.1105426147838966,0.12494950854988555,0.014406893765988957
builds/article_s1_p1_main_I_0p075_H_reference_seed_9210003----2026-09-14_14-49-39/simulation_Rawdata___article_s1_p1_main_I_0p075_H_reference_seed_9210003----2026-09-14_14-49-39.h5,article_s1_p1_main_I_0p075_H_reference_seed_9210003,16000,11.19999960064888,2,0.0,3.9719998836517334,3.9719998836517334,1,simsv-interval-radius-graph-1.1,2.0,7427,606945,18034,18034,0,0.0,18034.0,18034.0,0.0,6402.0,6402.0,0.0,0.8619900363538441,0.8619900363538441,0.0,4.856334993941026,4.856334993941026,0.0,754.0,754.0,0.0,0.09451999461424532,0.09451999461424532,0.0
builds/article_s1_p1_main_I_0p075_H_reference_seed_9210003----2026-09-14_14-49-39/simulation_Rawdata___article_s1_p1_main_I_0p075_H_reference_seed_9210003----2026-09-14_14-49-39.h5,article_s1_p1_main_I_0p075_H_reference_seed_9210003,16000,11.19999960064888,2,0.025,3.87269988656044,4.071299880743027,1,simsv-interval-radius-graph-1.1,2.0,7427,606945,17756,18321,565,0.030838928006113202,17756.0,18321.0,565.0,6400.0,6405.0,5.0,0.8617207486199003,0.8623939679547596,0.0006732193348593096,4.781473003904672,4.933620573582873,0.15214756967820087,751.0,758.0,7.0,0.09411606301332974,0.09519321394910461,0.0010771509357748732
builds/article_s1_p1_main_I_0p075_H_reference_seed_9210003----2026-09-14_14-49-39/simulation_Rawdata___article_s1_p1_main_I_0p075_H_reference_seed_9210003----2026-09-14_14-49-39.h5,article_s1_p1_main_I_0p075_H_reference_seed_9210003,16000,11.19999960064888,2,0.05,3.7733998894691467,4.17059987783432,1,simsv-interval-radius-graph-1.1,2.0,7427,606945,17486,18622,1136,0.06100311459563957,17486.0,18622.0,1136.0,6399.0,6407.0,8.0,0.8615861047529285,0.8626632556887034,0.0010771509357748732,4.708765315739868,5.014676181499933,0.3059108657600653,747.0,762.0,15.0,0.09344284367847044,0.09573178941699205,0.0022889457385216055
builds/article_s1_p1_main_I_0p075_H_reference_seed_9210003----2026-09-14_14-49-39/simulation_Rawdata___article_s1_p1_main_I_0p075_H_reference_seed_9210003----2026-09-14_14-49-39.h5,article_s1_p1_main_I_0p075_H_reference_seed_9210003,16000,11.19999960064888,2,0.1,3.57479989528656,4.369199872016907,1,simsv-interval-radius-graph-1.1,0.0,7427,568727,7835,15495,7660,0.49435301710229107,7835.0,15495.0,7660.0,5787.0,6329.0,542.0,0.7791840581661506,0.8521610340648983,0.07297697589874774,2.1098693954490373,4.172613437457924,2.062744042008887,850.0,1473.0,623.0,0.10865760064629056,0.1977918405816615,0.08913423993537094
builds/article_s1_p1_main_I_0p075_H_reference_seed_9210003----2026-09-14_14-49-39/simulation_Rawdata___article_s1_p1_main_I_0p075_H_reference_seed_9210003----2026-09-14_14-49-39.h5,article_s1_p1_main_I_0p075_H_reference_seed_9210003,16000,11.19999960064888,2,0.1,3.57479989528656,4.369199872016907,1,simsv-interval-radius-graph-1.1,2.0,7427,606945,16937,19186,2249,0.11722089023246117,16937.0,19186.0,2249.0,6390.0,6412.0,22.0,0.8603743099501817,0.8633364750235627,0.0029621650733809846,4.560926349804767,5.16655446344419,0.6056281136394235,737.0,778.0,41.0,0.09155782954086442,0.09869395449037296,0.007136124949508549
builds/article_s1_p1_main_I_0p075_H_reference_seed_9210003----2026-09-14_14-49-39/simulation_Rawdata___article_s1_p1_main_I_0p075_H_reference_seed_9210003----2026-09-14_14-49-39.h5,article_s1_p1_main_I_0p075_H_reference_seed_9210003,16000,11.19999960064888,2,0.1,3.57479989528656,4.369199872016907,1,simsv-interval-radius-graph-1.1,4.0,7427,646426,20293,23475,3182,0.13554845580404687,20293.0,23475.0,3182.0,6427.0,6512.0,85.0,0.8653561330281405,0.8768008617207487,0.011444728692608153,5.464655984919887,6.321529554328801,0.856873569408914,676.0,717.0,41.0,0.08213275885283425,0.08899959606839908,0.0068668372155648305
builds/article_s1_p1_main_I_0p075_H_reference_seed_9210003----2026-09-14_14-49-39/simulation_Rawdata___article_s1_p1_main_I_0p075_H_reference_seed_9210003----2026-09-14_14-49-39.h5,article_s1_p1_main_I_0p075_H_reference_seed_9210003,16000,11.19999960064888,2,0.1,3.57479989528656,4.369199872016907,1,simsv-interval-radius-graph-1.1,6.0,7427,687759,25035,30315,5280,0.17417120237506184,25035.0,30315.0,5280.0,6519.0,6529.0,10.0,0.8777433687895516,0.8790898074592702,0.0013464386697186193,6.741618419281002,8.163457654503837,1.4218392352228353,634.0,666.0,32.0,0.07445805843543826,0.0806516763161438,0.006193617880705535
builds/article_s1_p1_main_I_0p075_H_reference_seed_9210003----2026-09-14_14-49-39/simulation_Rawdata___article_s1_p1_main_I_0p075_H_reference_seed_9210003----2026-09-14_14-49-39.h5,article_s1_p1_main_I_0p075_H_reference_seed_9210003,24000,16.79999940097332,3,0.0,3.9719998836517334,3.9719998836517334,1,simsv-interval-radius-graph-1.1,2.0,7427,909458,22201,22201,0,0.0,22201.0,22201.0,0.0,6858.0,6858.0,0.0,0.923387639693012,0.923387639693012,0.0,5.978456981284502,5.978456981284502,0.0,511.0,511.0,0.0,0.06664871415107042,0.06664871415107042,0.0
builds/article_s1_p1_main_I_0p075_H_reference_seed_9210003----2026-09-14_14-49-39/simulation_Rawdata___article_s1_p1_main_I_0p075_H_reference_seed_9210003----2026-09-14_14-49-39.h5,article_s1_p1_main_I_0p075_H_reference_seed_9210003,24000,16.79999940097332,3,0.025,3.87269988656044,4.071299880743027,1,simsv-interval-radius-graph-1.1,2.0,7427,909458,21838,22564,726,0.032175146250664775,21838.0,22564.0,726.0,6856.0,6860.0,4.0,0.9231183519590682,0.9236569274269557,0.0005385754678874921,5.880705533862932,6.076208428706073,0.19550289484314032,509.0,514.0,5.0,0.0663794264171267,0.06718728961895785,0.0008078632018311549
builds/article_s1_p1_main_I_0p075_H_reference_seed_9210003----2026-09-14_14-49-39/simulation_Rawdata___article_s1_p1_main_I_0p075_H_reference_seed_9210003----2026-09-14_14-49-39.h5,article_s1_p1_main_I_0p075_H_reference_seed_9210003,24000,16.79999940097332,3,0.05,3.7733998894691467,4.17059987783432,1,simsv-interval-radius-graph-1.1,2.0,7427,909458,21521,22926,1405,0.0612841315536945,21521.0,22926.0,1405.0,6856.0,6864.0,8.0,0.9231183519590682,0.9241955028948431,0.0010771509357748732,5.795341322202773,6.173690588393699,0.37834926619092535,504.0,514.0,10.0,0.06557156321529554,0.06718728961895785,0.0016157264036623098
builds/article_s1_p1_main_I_0p075_H_reference_seed_9210003----2026-09-14_14-49-39/simulation_Rawdata___article_s1_p1_main_I_0p075_H_reference_seed_9210003----2026-09-14_14-49-39.h5,article_s1_p1_main_I_0p075_H_reference_seed_9210003,24000,16.79999940097332,3,0.1,3.57479989528656,4.369199872016907,1,simsv-interval-radius-graph-1.1,0.0,7427,849687,9232,19038,9806,0.5150751129320307,9232.0,19038.0,9806.0,6280.0,6807.0,527.0,0.8455634845832772,0.9165208024774472,0.07095731789416992,2.4860643597684127,5.12669987882052,2.640635519052107,565.0,1093.0,528.0,0.07391948296755083,0.14676181499932678,0.07284233203177595
builds/article_s1_p1_main_I_0p075_H_reference_seed_9210003----2026-09-14_14-49-39/simulation_Rawdata___article_s1_p1_main_I_0p075_H_reference_seed_9210003----2026-09-14_14-49-39.h5,article_s1_p1_main_I_0p075_H_reference_seed_9210003,24000,16.79999940097332,3,0.1,3.57479989528656,4.369199872016907,1,simsv-interval-radius-graph-1.1,2.0,7427,909458,20820,23681,2861,0.1208141548076517,20820.0,23681.0,2861.0,6848.0,6864.0,16.0,0.9220412010232933,0.9241955028948431,0.0021543018715497464,5.606570620708227,6.377002827521206,0.7704322068129796,502.0,522.0,20.0,0.06516763161437997,0.06826444055473273,0.0030968089403527604
builds/article_s1_p1_main_I_0p075_H_reference_seed_9210003----2026-09-14_14-49-39/simulation_Rawdata___article_s1_p1_main_I_0p075_H_reference_seed_9210003----2026-09-14_14-49-39.h5,article_s1_p1_main_I_0p075_H_reference_seed_9210003,24000,16.79999940097332,3,0.1,3.57479989528656,4.369199872016907,1,simsv-interval-radius-graph-1.1,4.0,7427,971481,25224,29458,4234,0.14373005635141559,25224.0,29458.0,4234.0,6873.0,6883.0,10.0,0.9254072976975899,0.9267537363673085,0.0013464386697186193,6.792513800996365,7.93267806651407,1.1401642655177051,475.0,491.0,16.0,0.06058974013733674,0.0634172613437458,0.002827521206409056
builds/article_s1_p1_main_I_0p075_H_reference_seed_9210003----2026-09-14_14-49-39/simulation_Rawdata___article_s1_p1_main_I_0p075_H_reference_seed_9210003----2026-09-14_14-49-39.h5,article_s1_p1_main_I_0p075_H_reference_seed_9210003,24000,16.79999940097332,3,0.1,3.57479989528656,4.369199872016907,1,simsv-interval-radius-graph-1.1,6.0,7427,1035911,31691,38751,7060,0.18218884673943897,31691.0,38751.0,7060.0,6894.0,6909.0,15.0,0.928234818903999,0.9302544769085768,0.002019658004577818,8.533997576410394,10.43516897805305,1.9011714016426549,442.0,460.0,18.0,0.05547327319240609,0.05830079439881514,0.002827521206409049
builds/article_s1_p1_main_I_0p075_H_reference_seed_9210003----2026-09-14_14-49-39/simulation_Rawdata___article_s1_p1_main_I_0p075_H_reference_seed_9210003----2026-09-14_14-49-39.h5,article_s1_p1_main_I_0p075_H_reference_seed_9210003,32000,22.39999920129776,4,0.0,3.9719998836517334,3.9719998836517334,1,simsv-interval-radius-graph-1.1,2.0,7427,1474202,28395,28395,0,0.0,28395.0,28395.0,0.0,7114.0,7114.0,0.0,0.957856469637808,0.957856469637808,0.0,7.646425205331897,7.646425205331897,0.0,309.0,309.0,0.0,0.040797091692473406,0.040797091692473406,0.0
builds/article_s1_p1_main_I_0p075_H_reference_seed_9210003----2026-09-14_14-49-39/simulation_Rawdata___article_s1_p1_main_I_0p075_H_reference_seed_9210003----2026-09-14_14-49-39.h5,article_s1_p1_main_I_0p075_H_reference_seed_9210003,32000,22.39999920129776,4,0.025,3.87269988656044,4.071299880743027,1,simsv-interval-radius-graph-1.1,2.0,7427,1474202,27949,28862,913,0.031633289446330815,27949.0,28862.0,913.0,7114.0,7115.0,1.0,0.957856469637808,0.9579911135047798,0.00013464386697181752,7.5263228759929985,7.772182577083614,0.24585970109061517,308.0,309.0,1.0,0.040662447825501546,0.040797091692473406,0.00013464386697185915
builds/article_s1_p1_main_I_0p075_H_reference_seed_9210003----2026-09-14_14-49-39/simulation_Rawdata___article_s1_p1_main_I_0p075_H_reference_seed_9210003----2026-09-14_14-49-39.h5,article_s1_p1_main_I_0p075_H_reference_seed_9210003,32000,22.39999920129776,4,0.05,3.7733998894691467,4.17059987783432,1,simsv-interval-radius-graph-1.1,2.0,7427,1474202,27487,29322,1835,0.06258099720346498,27487.0,29322.0,1835.0,7113.0,7115.0,2.0,0.9577218257708361,0.9579911135047798,0.00026928773394374605,7.401911942911,7.896054934697725,0.49414299178672483,308.0,310.0,2.0,0.040662447825501546,0.040931735559445265,0.0002692877339437183
builds/article_s1_p1_main_I_0p075_H_reference_seed_9210003----2026-09-14_14-49-39/simulation_Rawdata___article_s1_p1_main_I_0p075_H_reference_seed_9210003----2026-09-14_14-49-39.h5,article_s1_p1_main_I_0p075_H_reference_seed_9210003,32000,22.39999920129776,4,0.1,3.57479989528656,4.369199872016907,1,simsv-interval-radius-graph-1.1,0.0,7427,1367735,11309,24223,12914,0.5331296701482062,11309.0,24223.0,12914.0,6727.0,7096.0,369.0,0.9057492931196984,0.9554328800323145,0.049683586912616096,3.0453749831695167,6.522956779318702,3.477581796149185,328.0,701.0,373.0,0.043489969031910596,0.0942507068803016,0.050760737848391004
builds/article_s1_p1_main_I_0p075_H_reference_seed_9210003----2026-09-14_14-49-39/simulation_Rawdata___article_s1_p1_main_I_0p075_H_reference_seed_9210003----2026-09-14_14-49-39.h5,article_s1_p1_main_I_0p075_H_reference_seed_9210003,32000,22.39999920129776,4,0.1,3.57479989528656,4.369199872016907,1,simsv-interval-radius-graph-1.1,2.0,7427,1474202,26586,30308,3722,0.12280585983898641,26586.0,30308.0,3722.0,7113.0,7118.0,5.0,0.9577218257708361,0.9583950451056954,0.0006732193348593096,7.159283694627709,8.16157264036623,1.0022889457385213,305.0,311.0,6.0,0.04025851622458597,0.04120102329338898,0.000942507068803014
builds/article_s1_p1_main_I_0p075_H_reference_seed_9210003----2026-09-14_14-49-39/simulation_Rawdata___article_s1_p1_main_I_0p075_H_reference_seed_9210003----2026-09-14_14-49-39.h5,article_s1_p1_main_I_0p075_H_reference_seed_9210003,32000,22.39999920129776,4,0.1,3.57479989528656,4.369199872016907,1,simsv-interval-radius-graph-1.1,4.0,7427,1584724,32564,38257,5693,0.148809368220195,32564.0,38257.0,5693.0,7124.0,7127.0,3.0,0.9592029083075266,0.9596068399084422,0.00040393160091556357,8.769085768143261,10.302140837484853,1.5330550693415912,291.0,297.0,6.0,0.0378349266190925,0.03904672142183924,0.0012117948027467393
builds/article_s1_p1_main_I_0p075_H_reference_seed_9210003----2026-09-14_14-49-39/simulation_Rawdata___article_s1_p1_main_I_0p075_H_reference_seed_9210003----2026-09-14_14-49-39.h5,article_s1_p1_main_I_0p075_H_reference_seed_9210003,32000,22.39999920129776,4,0.1,3.57479989528656,4.369199872016907,1,simsv-interval-radius-graph-1.1,6.0,7427,1699624,41469,51895,10426,0.20090567492051256,41469.0,51895.0,10426.0,7132.0,7135.0,3.0,0.9602800592433015,0.9606839908442171,0.00040393160091556357,11.167093038912078,13.974686953009291,2.807593914097213,278.0,285.0,7.0,0.03541133701359903,0.03689241955028948,0.0014810825366904506
builds/article_s1_p1_main_I_0p075_H_reference_seed_9210003----2026-09-14_14-49-39/simulation_Rawdata___article_s1_p1_main_I_0p075_H_reference_seed_9210003----2026-09-14_14-49-39.h5,article_s1_p1_main_I_0p075_H_reference_seed_9210003,40000,27.9999990016222,5,0.0,3.9719998836517334,3.9719998836517334,1,simsv-interval-radius-graph-1.1,2.0,7427,2325227,36398,36398,0,0.0,36398.0,36398.0,0.0,7256.0,7256.0,0.0,0.976975898747812,0.976975898747812,0.0,9.80153494008348,9.80153494008348,0.0,170.0,170.0,0.0,0.022485525784300527,0.022485525784300527,0.0
builds/article_s1_p1_main_I_0p075_H_reference_seed_9210003----2026-09-14_14-49-39/simulation_Rawdata___article_s1_p1_main_I_0p075_H_reference_seed_9210003----2026-09-14_14-49-39.h5,article_s1_p1_main_I_0p075_H_reference_seed_9210003,40000,27.9999990016222,5,0.025,3.87269988656044,4.071299880743027,1,simsv-interval-radius-graph-1.1,2.0,7427,2325227,35737,37063,1326,0.03577692037881445,35737.0,37063.0,1326.0,7256.0,7256.0,0.0,0.976975898747812,0.976975898747812,0.0,9.623535747946681,9.980611283156053,0.35707553520937196,170.0,170.0,0.0,0.022485525784300527,0.022485525784300527,0.0
builds/article_s1_p1_main_I_0p075_H_reference_seed_9210003----2026-09-14_14-49-39/simulation_Rawdata___article_s1_p1_main_I_0p075_H_reference_seed_9210003----2026-09-14_14-49-39.h5,article_s1_p1_main_I_0p075_H_reference_seed_9210003,40000,27.9999990016222,5,0.05,3.7733998894691467,4.17059987783432,1,simsv-interval-radius-graph-1.1,2.0,7427,2325227,35091,37733,2642,0.07001828638062174,35091.0,37733.0,2642.0,7256.0,7256.0,0.0,0.976975898747812,0.976975898747812,0.0,9.44957587181904,10.161034064898343,0.711458193079304,170.0,171.0,1.0,0.022485525784300527,0.022754813518244245,0.0002692877339437183
builds/article_s1_p1_main_I_0p075_H_reference_seed_9210003----2026-09-14_14-49-39/simulation_Rawdata___article_s1_p1_main_I_0p075_H_reference_seed_9210003----2026-09-14_14-49-39.h5,article_s1_p1_main_I_0p075_H_reference_seed_9210003,40000,27.9999990016222,5,0.1,3.57479989528656,4.369199872016907,1,simsv-interval-radius-graph-1.1,0.0,7427,2145769,13033,30901,17868,0.5782337141192841,13033.0,30901.0,17868.0,7066.0,7254.0,188.0,0.9513935640231588,0.9767066110138684,0.025313046990709576,3.509627036488488,8.321260266594857,4.811633230106369,173.0,361.0,188.0,0.023024101252187963,0.04833714824289754,0.025313046990709576
builds/article_s1_p1_main_I_0p075_H_reference_seed_9210003----2026-09-14_14-49-39/simulation_Rawdata___article_s1_p1_main_I_0p075_H_reference_seed_9210003----2026-09-14_14-49-39.h5,article_s1_p1_main_I_0p075_H_reference_seed_9210003,40000,27.9999990016222,5,0.1,3.57479989528656,4.369199872016907,1,simsv-interval-radius-graph-1.1,2.0,7427,2325227,33917,39119,5202,0.13297885937779597,33917.0,39119.0,5202.0,7256.0,7256.0,0.0,0.976975898747812,0.976975898747812,0.0,9.133432072169112,10.534266864144339,1.4008347919752264,170.0,171.0,1.0,0.022485525784300527,0.022754813518244245,0.0002692877339437183
builds/article_s1_p1_main_I_0p075_H_reference_seed_9210003----2026-09-14_14-49-39/simulation_Rawdata___article_s1_p1_main_I_0p075_H_reference_seed_9210003----2026-09-14_14-49-39.h5,article_s1_p1_main_I_0p075_H_reference_seed_9210003,40000,27.9999990016222,5,0.1,3.57479989528656,4.369199872016907,1,simsv-interval-radius-graph-1.1,4.0,7427,2512856,42081,50405,8324,0.16514234698938599,42081.0,50405.0,8324.0,7256.0,7257.0,1.0,0.976975898747812,0.9771105426147839,0.00013464386697192854,11.331897132085633,13.573448229433149,2.241551097347516,169.0,170.0,1.0,0.022350881917328664,0.022485525784300527,0.00013464386697186262
builds/article_s1_p1_main_I_0p075_H_reference_seed_9210003----2026-09-14_14-49-39/simulation_Rawdata___article_s1_p1_main_I_0p075_H_reference_seed_9210003----2026-09-14_14-49-39.h5,article_s1_p1_main_I_0p075_H_reference_seed_9210003,40000,27.9999990016222,5,0.1,3.57479989528656,4.369199872016907,1,simsv-interval-radius-graph-1.1,6.0,7427,2707534,55279,70770,15491,0.2188921859545005,55279.0,70770.0,15491.0,7258.0,7258.0,0.0,0.9772451864817557,0.9772451864817557,0.0,14.885956644674835,19.057492931196983,4.171536286522148,167.0,167.0,0.0,0.022081594183384946,0.022081594183384946,0.0
builds/article_s1_p1_main_I_0p075_H_weak_seed_9210003----2026-09-15_12-18-39/simulation_Rawdata___article_s1_p1_main_I_0p075_H_weak_seed_9210003----2026-09-15_12-18-39.h5,article_s1_p1_main_I_0p075_H_weak_seed_9210003,200,0.139999995008111,0,0.0,3.9719998836517334,3.9719998836517334,1,simsv-interval-radius-graph-1.1,2.0,7427,298504,4473,4473,0,0.0,4473.0,4473.0,0.0,309.0,309.0,0.0,0.04160495489430457,0.04160495489430457,0.0,1.2045240339302545,1.2045240339302545,0.0,3985.0,3985.0,0.0,0.45428840716305374,0.45428840716305374,0.0
builds/article_s1_p1_main_I_0p075_H_weak_seed_9210003----2026-09-15_12-18-39/simulation_Rawdata___article_s1_p1_main_I_0p075_H_weak_seed_9210003----2026-09-15_12-18-39.h5,article_s1_p1_main_I_0p075_H_weak_seed_9210003,200,0.139999995008111,0,0.025,3.87269988656044,4.071299880743027,1,simsv-interval-radius-graph-1.1,2.0,7427,298504,4403,4548,145,0.031882145998240984,4403.0,4548.0,145.0,307.0,309.0,2.0,0.04133566716036084,0.04160495489430457,0.00026928773394372524,1.185673892554194,1.2247206139760334,0.03904672142183929,3946.0,4027.0,81.0,0.4471522822135452,0.4623670391813653,0.015214756967820098
builds/article_s1_p1_main_I_0p075_H_weak_seed_9210003----2026-09-15_12-18-39/simulation_Rawdata___article_s1_p1_main_I_0p075_H_weak_seed_9210003----2026-09-15_12-18-39.h5,article_s1_p1_main_I_0p075_H_weak_seed_9210003,200,0.139999995008111,0,0.05,3.7733998894691467,4.17059987783432,1,simsv-interval-radius-graph-1.1,2.0,7427,298504,4346,4615,269,0.05828819068255688,4346.0,4615.0,269.0,307.0,310.0,3.0,0.04133566716036084,0.04173959876127643,0.0004039316009155844,1.1703244917194022,1.2427628921502625,0.07243840043086025,3905.0,4058.0,153.0,0.44028544499798034,0.4681567254611552,0.027871280463174886
builds/article_s1_p1_main_I_0p075_H_weak_seed_9210003----2026-09-15_12-18-39/simulation_Rawdata___article_s1_p1_main_I_0p075_H_weak_seed_9210003----2026-09-15_12-18-39.h5,article_s1_p1_main_I_0p075_H_weak_seed_9210003,200,0.139999995008111,0,0.1,3.57479989528656,4.369199872016907,1,simsv-interval-radius-graph-1.1,0.0,7427,273342,2406,3865,1459,0.377490297542044,2406.0,3865.0,1459.0,208.0,251.0,43.0,0.028005924330146762,0.033795610609936716,0.005789686279789954,0.6479062878685876,1.0407970916924734,0.39289080382388575,4330.0,5239.0,909.0,0.5136663524976437,0.6944930658408509,0.1808267133432072
builds/article_s1_p1_main_I_0p075_H_weak_seed_9210003----2026-09-15_12-18-39/simulation_Rawdata___article_s1_p1_main_I_0p075_H_weak_seed_9210003----2026-09-15_12-18-39.h5,article_s1_p1_main_I_0p075_H_weak_seed_9210003,200,0.139999995008111,0,0.1,3.57479989528656,4.369199872016907,1,simsv-interval-radius-graph-1.1,2.0,7427,298504,4190,4802,612,0.12744689712619742,4190.0,4802.0,612.0,306.0,313.0,7.0,0.04120102329338898,0.042143530362192004,0.000942507068803021,1.128315605224182,1.293119698397738,0.16480409317355593,3801.0,4159.0,358.0,0.4203581526861451,0.48794937390601856,0.06759122121987343
builds/article_s1_p1_main_I_0p075_H_weak_seed_9210003----2026-09-15_12-18-39/simulation_Rawdata___article_s1_p1_main_I_0p075_H_weak_seed_9210003----2026-09-15_12-18-39.h5,article_s1_p1_main_I_0p075_H_weak_seed_9210003,200,0.139999995008111,0,0.1,3.57479989528656,4.369199872016907,1,simsv-interval-radius-graph-1.1,4.0,7427,325338,5119,5982,863,0.1442661317285189,5119.0,5982.0,863.0,542.0,926.0,384.0,0.07297697589874781,0.12468022081594184,0.051703244917194024,1.378483910057897,1.6108792244513261,0.2323953143934292,3186.0,3637.0,451.0,0.32274134913154706,0.3945065302275481,0.07176518109600105
builds/article_s1_p1_main_I_0p075_H_weak_seed_9210003----2026-09-15_12-18-39/simulation_Rawdata___article_s1_p1_main_I_0p075_H_weak_seed_9210003----2026-09-15_12-18-39.h5,article_s1_p1_main_I_0p075_H_weak_seed_9210003,200,0.139999995008111,0,0.1,3.57479989528656,4.369199872016907,1,simsv-interval-radius-graph-1.1,6.0,7427,353260,6420,7579,1159,0.15292254914896425,6420.0,7579.0,1159.0,1051.0,1345.0,294.0,0.14151070418742426,0.18109600107715093,0.03958529688972667,1.7288272519186751,2.0409317355594454,0.31210448364077026,2477.0,3008.0,531.0,0.22674027198061128,0.30025582334724654,0.07351555136663526
builds/article_s1_p1_main_I_0p075_H_weak_seed_9210003----2026-09-15_12-18-39/simulation_Rawdata___article_s1_p1_main_I_0p075_H_weak_seed_9210003----2026-09-15_12-18-39.h5,article_s1_p1_main_I_0p075_H_weak_seed_9210003,8000,5.59999980032444,1,0.0,3.9719998836517334,3.9719998836517334,1,simsv-interval-radius-graph-1.1,2.0,7427,402975,10963,10963,0,0.0,10963.0,10963.0,0.0,3064.0,3064.0,0.0,0.4125488084017773,0.4125488084017773,0.0,2.9522014272249897,2.9522014272249897,0.0,1699.0,1699.0,0.0,0.2081594183384947,0.2081594183384947,0.0
builds/article_s1_p1_main_I_0p075_H_weak_seed_9210003----2026-09-15_12-18-39/simulation_Rawdata___article_s1_p1_main_I_0p075_H_weak_seed_9210003----2026-09-15_12-18-39.h5,article_s1_p1_main_I_0p075_H_weak_seed_9210003,8000,5.59999980032444,1,0.025,3.87269988656044,4.071299880743027,1,simsv-interval-radius-graph-1.1,2.0,7427,402975,10801,11125,324,0.029123595505617977,10801.0,11125.0,324.0,3061.0,3069.0,8.0,0.4121448768008617,0.4132220277366366,0.0010771509357748732,2.9085768143261075,2.9958260401238723,0.08724922579776484,1686.0,1712.0,26.0,0.20600511646694494,0.21031372021004444,0.004308603743099493
builds/article_s1_p1_main_I_0p075_H_weak_seed_9210003----2026-09-15_12-18-39/simulation_Rawdata___article_s1_p1_main_I_0p075_H_weak_seed_9210003----2026-09-15_12-18-39.h5,article_s1_p1_main_I_0p075_H_weak_seed_9210003,8000,5.59999980032444,1,0.05,3.7733998894691467,4.17059987783432,1,simsv-interval-radius-graph-1.1,2.0,7427,402975,10591,11292,701,0.06207934821112292,10591.0,11292.0,701.0,3058.0,3070.0,12.0,0.41174094519994614,0.41335667160360845,0.0016157264036623098,2.8520263901979264,3.0407970916924736,0.18877070149454722,1669.0,1732.0,63.0,0.20290830752659217,0.21354517301736906,0.010636865490776887
builds/article_s1_p1_main_I_0p075_H_weak_seed_9210003----2026-09-15_12-18-39/simulation_Rawdata___article_s1_p1_main_I_0p075_H_weak_seed_9210003----2026-09-15_12-18-39.h5,article_s1_p1_main_I_0p075_H_weak_seed_9210003,8000,5.59999980032444,1,0.1,3.57479989528656,4.369199872016907,1,simsv-interval-radius-graph-1.1,0.0,7427,373713,5340,9303,3963,0.4259916156078684,5340.0,9303.0,3963.0,2439.0,2958.0,519.0,0.3283963915443652,0.3982765585027602,0.06988016695839505,1.4379964992594587,2.5051837888784165,1.0671872896189578,1905.0,2697.0,792.0,0.23724249360441632,0.360172344149724,0.12292985054530767
builds/article_s1_p1_main_I_0p075_H_weak_seed_9210003----2026-09-15_12-18-39/simulation_Rawdata___article_s1_p1_main_I_0p075_H_weak_seed_9210003----2026-09-15_12-18-39.h5,article_s1_p1_main_I_0p075_H_weak_seed_9210003,8000,5.59999980032444,1,0.1,3.57479989528656,4.369199872016907,1,simsv-interval-radius-graph-1.1,2.0,7427,402975,10230,11660,1430,0.12264150943396226,10230.0,11660.0,1430.0,3040.0,3083.0,43.0,0.40931735559445265,0.41510704187424263,0.005789686279789985,2.754813518244244,3.139894977783762,0.385081459539518,1635.0,1775.0,140.0,0.19752255284771777,0.219334859297159,0.021812306449441238
builds/article_s1_p1_main_I_0p075_H_weak_seed_9210003----2026-09-15_12-18-39/simulation_Rawdata___article_s1_p1_main_I_0p075_H_weak_seed_9210003----2026-09-15_12-18-39.h5,article_s1_p1_main_I_0p075_H_weak_seed_9210003,8000,5.59999980032444,1,0.1,3.57479989528656,4.369199872016907,1,simsv-interval-radius-graph-1.1,4.0,7427,433724,12444,14344,1900,0.1324595649749024,12444.0,14344.0,1900.0,3110.0,3138.0,28.0,0.4187424262824828,0.42251245455769487,0.003770028275212056,3.3510165611956375,3.8626632556887035,0.511646694493066,1433.0,1565.0,132.0,0.16480409317355593,0.1875589066918002,0.022754813518244266
builds/article_s1_p1_main_I_0p075_H_weak_seed_9210003----2026-09-15_12-18-39/simulation_Rawdata___article_s1_p1_main_I_0p075_H_weak_seed_9210003----2026-09-15_12-18-39.h5,article_s1_p1_main_I_0p075_H_weak_seed_9210003,8000,5.59999980032444,1,0.1,3.57479989528656,4.369199872016907,1,simsv-interval-radius-graph-1.1,6.0,7427,466098,15174,17751,2577,0.14517491972283253,15174.0,17751.0,2577.0,3155.0,3250.0,95.0,0.4248014002962165,0.43759256765854315,0.01279116736232666,4.08617207486199,4.780126565234953,0.6939544903729633,1229.0,1382.0,153.0,0.13423993537094386,0.15780261209101926,0.023562676720075393
builds/article_s1_p1_main_I_0p075_H_weak_seed_9210003----2026-09-15_12-18-39/simulation_Rawdata___article_s1_p1_main_I_0p075_H_weak_seed_9210003----2026-09-15_12-18-39.h5,article_s1_p1_main_I_0p075_H_weak_seed_9210003,16000,11.19999960064888,2,0.0,3.9719998836517334,3.9719998836517334,1,simsv-interval-radius-graph-1.1,2.0,7427,563088,14602,14602,0,0.0,14602.0,14602.0,0.0,5846.0,5846.0,0.0,0.7871280463174902,0.7871280463174902,0.0,3.9321394910461827,3.9321394910461827,0.0,1136.0,1136.0,0.0,0.14420358152686144,0.14420358152686144,0.0
builds/article_s1_p1_main_I_0p075_H_weak_seed_9210003----2026-09-15_12-18-39/simulation_Rawdata___article_s1_p1_main_I_0p075_H_weak_seed_9210003----2026-09-15_12-18-39.h5,article_s1_p1_main_I_0p075_H_weak_seed_9210003,16000,11.19999960064888,2,0.025,3.87269988656044,4.071299880743027,1,simsv-interval-radius-graph-1.1,2.0,7427,563088,14349,14870,521,0.03503698722259583,14349.0,14870.0,521.0,5840.0,5852.0,12.0,0.7863201831156591,0.7879359095193214,0.0016157264036622543,3.864009694358422,4.0043086037431,0.14029890938467782,1126.0,1148.0,22.0,0.14285714285714285,0.1460885956644675,0.0032314528073246473
builds/article_s1_p1_main_I_0p075_H_weak_seed_9210003----2026-09-15_12-18-39/simulation_Rawdata___article_s1_p1_main_I_0p075_H_weak_seed_9210003----2026-09-15_12-18-39.h5,article_s1_p1_main_I_0p075_H_weak_seed_9210003,16000,11.19999960064888,2,0.05,3.7733998894691467,4.17059987783432,1,simsv-interval-radius-graph-1.1,2.0,7427,563088,14091,15124,1033,0.06830203649828087,14091.0,15124.0,1033.0,5835.0,5857.0,22.0,0.7856469637807998,0.7886091288541807,0.0029621650733808735,3.7945334590009425,4.072707688164804,0.27817422916386114,1118.0,1158.0,40.0,0.14164534805439613,0.1477043220681298,0.006058974013733676
builds/article_s1_p1_main_I_0p075_H_weak_seed_9210003----2026-09-15_12-18-39/simulation_Rawdata___article_s1_p1_main_I_0p075_H_weak_seed_9210003----2026-09-15_12-18-39.h5,article_s1_p1_main_I_0p075_H_weak_seed_9210003,16000,11.19999960064888,2,0.1,3.57479989528656,4.369199872016907,1,simsv-interval-radius-graph-1.1,0.0,7427,524764,6546,12270,5724,0.4665036674816626,6546.0,12270.0,5724.0,5137.0,5729.0,592.0,0.6916655446344419,0.7713747138817827,0.07970916924734084,1.7627575063955836,3.3041604954894304,1.5414029890938468,1279.0,2006.0,727.0,0.16386158610475293,0.269153090076747,0.10529150397199405
builds/article_s1_p1_main_I_0p075_H_weak_seed_9210003----2026-09-15_12-18-39/simulation_Rawdata___article_s1_p1_main_I_0p075_H_weak_seed_9210003----2026-09-15_12-18-39.h5,article_s1_p1_main_I_0p075_H_weak_seed_9210003,16000,11.19999960064888,2,0.1,3.57479989528656,4.369199872016907,1,simsv-interval-radius-graph-1.1,2.0,7427,563088,13565,15654,2089,0.13344831991823175,13565.0,15654.0,2089.0,5820.0,5871.0,51.0,0.7836273057762219,0.7904941429917868,0.006866837215564914,3.6528881109465465,4.2154301871549755,0.562542076208429,1093.0,1176.0,83.0,0.13747138817826848,0.15026255554059512,0.012791167362326633
builds/article_s1_p1_main_I_0p075_H_weak_seed_9210003----2026-09-15_12-18-39/simulation_Rawdata___article_s1_p1_main_I_0p075_H_weak_seed_9210003----2026-09-15_12-18-39.h5,article_s1_p1_main_I_0p075_H_weak_seed_9210003,16000,11.19999960064888,2,0.1,3.57479989528656,4.369199872016907,1,simsv-interval-radius-graph-1.1,4.0,7427,603480,16729,19527,2798,0.14328877963844933,16729.0,19527.0,2798.0,5905.0,6014.0,109.0,0.7950720344688299,0.8097482159687627,0.014676181499932772,4.504914501144473,5.258381580718998,0.7534670795745253,966.0,1055.0,89.0,0.11727480813248957,0.13168170189847853,0.014406893765988957
builds/article_s1_p1_main_I_0p075_H_weak_seed_9210003----2026-09-15_12-18-39/simulation_Rawdata___article_s1_p1_main_I_0p075_H_weak_seed_9210003----2026-09-15_12-18-39.h5,article_s1_p1_main_I_0p075_H_weak_seed_9210003,16000,11.19999960064888,2,0.1,3.57479989528656,4.369199872016907,1,simsv-interval-radius-graph-1.1,6.0,7427,645756,20826,24921,4095,0.1643192488262911,20826.0,24921.0,4095.0,6069.0,6129.0,60.0,0.8171536286522149,0.8252322606705265,0.008078632018311604,5.608186347111889,6.710919617611418,1.1027332704995283,849.0,934.0,85.0,0.10017503702706342,0.11323549212333378,0.013060455096270365
builds/article_s1_p1_main_I_0p075_H_weak_seed_9210003----2026-09-15_12-18-39/simulation_Rawdata___article_s1_p1_main_I_0p075_H_weak_seed_9210003----2026-09-15_12-18-39.h5,article_s1_p1_main_I_0p075_H_weak_seed_9210003,24000,16.79999940097332,3,0.0,3.9719998836517334,3.9719998836517334,1,simsv-interval-radius-graph-1.1,2.0,7427,868610,18882,18882,0,0.0,18882.0,18882.0,0.0,6672.0,6672.0,0.0,0.8983438804362461,0.8983438804362461,0.0,5.084690992325299,5.084690992325299,0.0,731.0,731.0,0.0,0.0949239262151609,0.0949239262151609,0.0
builds/article_s1_p1_main_I_0p075_H_weak_seed_9210003----2026-09-15_12-18-39/simulation_Rawdata___article_s1_p1_main_I_0p075_H_weak_seed_9210003----2026-09-15_12-18-39.h5,article_s1_p1_main_I_0p075_H_weak_seed_9210003,24000,16.79999940097332,3,0.025,3.87269988656044,4.071299880743027,1,simsv-interval-radius-graph-1.1,2.0,7427,868610,18537,19226,689,0.03583688754811193,18537.0,19226.0,689.0,6665.0,6677.0,12.0,0.8974013733674431,0.8990170997711054,0.0016157264036623653,4.991786724114717,5.177325972801939,0.18553924868722227,724.0,740.0,16.0,0.09371213141241416,0.09640500875185136,0.002692877339437197
builds/article_s1_p1_main_I_0p075_H_weak_seed_9210003----2026-09-15_12-18-39/simulation_Rawdata___article_s1_p1_main_I_0p075_H_weak_seed_9210003----2026-09-15_12-18-39.h5,article_s1_p1_main_I_0p075_H_weak_seed_9210003,24000,16.79999940097332,3,0.05,3.7733998894691467,4.17059987783432,1,simsv-interval-radius-graph-1.1,2.0,7427,868610,18183,19579,1396,0.07130088359977527,18183.0,19579.0,1396.0,6662.0,6680.0,18.0,0.8969974417665275,0.899421031372021,0.0024235896054934924,4.89645886629864,5.272384542884072,0.37592567658543175,720.0,743.0,23.0,0.09303891207755487,0.09680894035276694,0.00377002827521207
builds/article_s1_p1_main_I_0p075_H_weak_seed_9210003----2026-09-15_12-18-39/simulation_Rawdata___article_s1_p1_main_I_0p075_H_weak_seed_9210003----2026-09-15_12-18-39.h5,article_s1_p1_main_I_0p075_H_weak_seed_9210003,24000,16.79999940097332,3,0.1,3.57479989528656,4.369199872016907,1,simsv-interval-radius-graph-1.1,0.0,7427,809323,7855,15704,7849,0.49980896586856854,7855.0,15704.0,7849.0,5950.0,6579.0,629.0,0.8011310084825636,0.8858220008078632,0.08469099232529964,2.1152551501279118,4.228894573852161,2.113639423724249,819.0,1470.0,651.0,0.10731116197657196,0.19765719671468965,0.09034603473811768
builds/article_s1_p1_main_I_0p075_H_weak_seed_9210003----2026-09-15_12-18-39/simulation_Rawdata___article_s1_p1_main_I_0p075_H_weak_seed_9210003----2026-09-15_12-18-39.h5,article_s1_p1_main_I_0p075_H_weak_seed_9210003,24000,16.79999940097332,3,0.1,3.57479989528656,4.369199872016907,1,simsv-interval-radius-graph-1.1,2.0,7427,868610,17545,20331,2786,0.13703211843982097,17545.0,20331.0,2786.0,6657.0,6690.0,33.0,0.8963242224316682,0.9007674700417396,0.004443247610071421,4.7246532920425475,5.474888918809748,0.7502356267672008,709.0,750.0,41.0,0.09155782954086442,0.09802073515551367,0.006462905614649253
builds/article_s1_p1_main_I_0p075_H_weak_seed_9210003----2026-09-15_12-18-39/simulation_Rawdata___article_s1_p1_main_I_0p075_H_weak_seed_9210003----2026-09-15_12-18-39.h5,article_s1_p1_main_I_0p075_H_weak_seed_9210003,24000,16.79999940097332,3,0.1,3.57479989528656,4.369199872016907,1,simsv-interval-radius-graph-1.1,4.0,7427,929660,21863,25762,3899,0.15134694511295707,21863.0,25762.0,3899.0,6695.0,6740.0,45.0,0.9014406893765989,0.9074996633903326,0.006058974013733676,5.887437727211526,6.937390601858086,1.0499528746465598,646.0,704.0,58.0,0.08132489565100309,0.09088461020600512,0.009559714555002027
builds/article_s1_p1_main_I_0p075_H_weak_seed_9210003----2026-09-15_12-18-39/simulation_Rawdata___article_s1_p1_main_I_0p075_H_weak_seed_9210003----2026-09-15_12-18-39.h5,article_s1_p1_main_I_0p075_H_weak_seed_9210003,24000,16.79999940097332,3,0.1,3.57479989528656,4.369199872016907,1,simsv-interval-radius-graph-1.1,6.0,7427,993407,27750,33705,5955,0.17668001780151313,27750.0,33705.0,5955.0,6750.0,6767.0,17.0,0.9088461020600511,0.9111350477985728,0.002288945738521675,7.472734616938198,9.076343072573044,1.6036084556348458,609.0,634.0,25.0,0.07553520937121314,0.07943988151339706,0.0039046721421839292
builds/article_s1_p1_main_I_0p075_H_weak_seed_9210003----2026-09-15_12-18-39/simulation_Rawdata___article_s1_p1_main_I_0p075_H_weak_seed_9210003----2026-09-15_12-18-39.h5,article_s1_p1_main_I_0p075_H_weak_seed_9210003,32000,22.39999920129776,4,0.0,3.9719998836517334,3.9719998836517334,1,simsv-interval-radius-graph-1.1,2.0,7427,1444286,25476,25476,0,0.0,25476.0,25476.0,0.0,6983.0,6983.0,0.0,0.9402181230644944,0.9402181230644944,0.0,6.860374309950182,6.860374309950182,0.0,439.0,439.0,0.0,0.05816615053184328,0.05816615053184328,0.0
builds/article_s1_p1_main_I_0p075_H_weak_seed_9210003----2026-09-15_12-18-39/simulation_Rawdata___article_s1_p1_main_I_0p075_H_weak_seed_9210003----2026-09-15_12-18-39.h5,article_s1_p1_main_I_0p075_H_weak_seed_9210003,32000,22.39999920129776,4,0.025,3.87269988656044,4.071299880743027,1,simsv-interval-radius-graph-1.1,2.0,7427,1444286,25047,25996,949,0.03650561624865364,25047.0,25996.0,949.0,6981.0,6984.0,3.0,0.9399488353305507,0.9403527669314663,0.00040393160091556357,6.744849872088326,7.000403931600916,0.2555540595125896,438.0,442.0,4.0,0.05803150666487142,0.058704725999730714,0.0006732193348592957
builds/article_s1_p1_main_I_0p075_H_weak_seed_9210003----2026-09-15_12-18-39/simulation_Rawdata___article_s1_p1_main_I_0p075_H_weak_seed_9210003----2026-09-15_12-18-39.h5,article_s1_p1_main_I_0p075_H_weak_seed_9210003,32000,22.39999920129776,4,0.05,3.7733998894691467,4.17059987783432,1,simsv-interval-radius-graph-1.1,2.0,7427,1444286,24560,26496,1936,0.07306763285024155,24560.0,26496.0,1936.0,6981.0,6985.0,4.0,0.9399488353305507,0.9404874107984381,0.0005385754678873811,6.613706745657735,7.135047798572775,0.52134105291504,437.0,442.0,5.0,0.05789686279789955,0.058704725999730714,0.0008078632018311618
builds/article_s1_p1_main_I_0p075_H_weak_seed_9210003----2026-09-15_12-18-39/simulation_Rawdata___article_s1_p1_main_I_0p075_H_weak_seed_9210003----2026-09-15_12-18-39.h5,article_s1_p1_main_I_0p075_H_weak_seed_9210003,32000,22.39999920129776,4,0.1,3.57479989528656,4.369199872016907,1,simsv-interval-radius-graph-1.1,0.0,7427,1337881,10037,21231,11194,0.5272478922330555,10037.0,21231.0,11194.0,6505.0,6945.0,440.0,0.8758583546519456,0.9351016561195638,0.05924330146761814,2.7028409855931064,5.717247879359095,3.014406893765989,474.0,923.0,449.0,0.06260939814191463,0.1241416453480544,0.06153224720613977
builds/article_s1_p1_main_I_0p075_H_weak_seed_9210003----2026-09-15_12-18-39/simulation_Rawdata___article_s1_p1_main_I_0p075_H_weak_seed_9210003----2026-09-15_12-18-39.h5,article_s1_p1_main_I_0p075_H_weak_seed_9210003,32000,22.39999920129776,4,0.1,3.57479989528656,4.369199872016907,1,simsv-interval-radius-graph-1.1,2.0,7427,1444286,23627,27566,3939,0.14289341942973227,23627.0,27566.0,3939.0,6978.0,6990.0,12.0,0.9395449037296351,0.9411606301332974,0.0016157264036623653,6.3624612898882456,7.423185673892554,1.0607243840043088,431.0,445.0,14.0,0.05695435572909654,0.05910865760064629,0.0021543018715497533
builds/article_s1_p1_main_I_0p075_H_weak_seed_9210003----2026-09-15_12-18-39/simulation_Rawdata___article_s1_p1_main_I_0p075_H_weak_seed_9210003----2026-09-15_12-18-39.h5,article_s1_p1_main_I_0p075_H_weak_seed_9210003,32000,22.39999920129776,4,0.1,3.57479989528656,4.369199872016907,1,simsv-interval-radius-graph-1.1,4.0,7427,1555226,29753,35397,5644,0.15944854083679408,29753.0,35397.0,5644.0,6998.0,7003.0,5.0,0.9422377810690723,0.9429110004039316,0.0006732193348593096,8.012117948027468,9.531977918405817,1.5198599703783486,413.0,420.0,7.0,0.05399219065571563,0.05520398545846237,0.0012117948027467393
builds/article_s1_p1_main_I_0p075_H_weak_seed_9210003----2026-09-15_12-18-39/simulation_Rawdata___article_s1_p1_main_I_0p075_H_weak_seed_9210003----2026-09-15_12-18-39.h5,article_s1_p1_main_I_0p075_H_weak_seed_9210003,32000,22.39999920129776,4,0.1,3.57479989528656,4.369199872016907,1,simsv-interval-radius-graph-1.1,6.0,7427,1669824,38473,47949,9476,0.19762664497695467,38473.0,47949.0,9476.0,7006.0,7010.0,4.0,0.9433149320048472,0.9438535074727347,0.0005385754678874921,10.360306988016696,12.912077554867375,2.5517705668506796,400.0,409.0,9.0,0.051433957183250306,0.053318971320856334,0.001885014137606028
builds/article_s1_p1_main_I_0p075_H_weak_seed_9210003----2026-09-15_12-18-39/simulation_Rawdata___article_s1_p1_main_I_0p075_H_weak_seed_9210003----2026-09-15_12-18-39.h5,article_s1_p1_main_I_0p075_H_weak_seed_9210003,40000,27.9999990016222,5,0.0,3.9719998836517334,3.9719998836517334,1,simsv-interval-radius-graph-1.1,2.0,7427,2351306,34569,34569,0,0.0,34569.0,34569.0,0.0,7169.0,7169.0,0.0,0.9652618823212603,0.9652618823212603,0.0,9.309007674700418,9.309007674700418,0.0,258.0,258.0,0.0,0.03446882994479601,0.03446882994479601,0.0
builds/article_s1_p1_main_I_0p075_H_weak_seed_9210003----2026-09-15_12-18-39/simulation_Rawdata___article_s1_p1_main_I_0p075_H_weak_seed_9210003----2026-09-15_12-18-39.h5,article_s1_p1_main_I_0p075_H_weak_seed_9210003,40000,27.9999990016222,5,0.025,3.87269988656044,4.071299880743027,1,simsv-interval-radius-graph-1.1,2.0,7427,2351306,33855,35262,1407,0.03990131019227497,33855.0,35262.0,1407.0,7169.0,7169.0,0.0,0.9652618823212603,0.9652618823212603,0.0,9.116736232664602,9.495624074323414,0.3788878416588126,257.0,258.0,1.0,0.03419954221085229,0.03446882994479601,0.0002692877339437183
builds/article_s1_p1_main_I_0p075_H_weak_seed_9210003----2026-09-15_12-18-39/simulation_Rawdata___article_s1_p1_main_I_0p075_H_weak_seed_9210003----2026-09-15_12-18-39.h5,article_s1_p1_main_I_0p075_H_weak_seed_9210003,40000,27.9999990016222,5,0.05,3.7733998894691467,4.17059987783432,1,simsv-interval-radius-graph-1.1,2.0,7427,2351306,33206,35993,2787,0.07743172283499569,33206.0,35993.0,2787.0,7168.0,7169.0,1.0,0.9651272384542884,0.9652618823212603,0.00013464386697192854,8.941968493335128,9.692473407836273,0.7505049145011444,257.0,259.0,2.0,0.03419954221085229,0.03460347381176787,0.00040393160091557745
builds/article_s1_p1_main_I_0p075_H_weak_seed_9210003----2026-09-15_12-18-39/simulation_Rawdata___article_s1_p1_main_I_0p075_H_weak_seed_9210003----2026-09-15_12-18-39.h5,article_s1_p1_main_I_0p075_H_weak_seed_9210003,40000,27.9999990016222,5,0.1,3.57479989528656,4.369199872016907,1,simsv-interval-radius-graph-1.1,0.0,7427,2169977,11980,28602,16622,0.5811481714565415,11980.0,28602.0,16622.0,6900.0,7160.0,260.0,0.9290426821058301,0.9640500875185135,0.035007405412683434,3.2260670526457518,7.702167766258247,4.476100713612496,267.0,525.0,258.0,0.03568062474754275,0.07028409855931063,0.03460347381176788
builds/article_s1_p1_main_I_0p075_H_weak_seed_9210003----2026-09-15_12-18-39/simulation_Rawdata___article_s1_p1_main_I_0p075_H_weak_seed_9210003----2026-09-15_12-18-39.h5,article_s1_p1_main_I_0p075_H_weak_seed_9210003,40000,27.9999990016222,5,0.1,3.57479989528656,4.369199872016907,1,simsv-interval-radius-graph-1.1,2.0,7427,2351306,31858,37535,5677,0.15124550419608365,31858.0,37535.0,5677.0,7167.0,7171.0,4.0,0.9649925945873166,0.965531170055204,0.0005385754678873811,8.578968627978995,10.107715093577488,1.528746465598493,254.0,260.0,6.0,0.03366096674296486,0.03473811767873973,0.0010771509357748732
builds/article_s1_p1_main_I_0p075_H_weak_seed_9210003----2026-09-15_12-18-39/simulation_Rawdata___article_s1_p1_main_I_0p075_H_weak_seed_9210003----2026-09-15_12-18-39.h5,article_s1_p1_main_I_0p075_H_weak_seed_9210003,40000,27.9999990016222,5,0.1,3.57479989528656,4.369199872016907,1,simsv-interval-radius-graph-1.1,4.0,7427,2540216,40676,49193,8517,0.17313438903909092,40676.0,49193.0,8517.0,7173.0,7175.0,2.0,0.9658004577891477,0.9660697455230914,0.00026928773394374605,10.95354786589471,13.247071495893362,2.293523629998653,250.0,252.0,2.0,0.03312239127507742,0.03339167900902114,0.0002692877339437183
builds/article_s1_p1_main_I_0p075_H_weak_seed_9210003----2026-09-15_12-18-39/simulation_Rawdata___article_s1_p1_main_I_0p075_H_weak_seed_9210003----2026-09-15_12-18-39.h5,article_s1_p1_main_I_0p075_H_weak_seed_9210003,40000,27.9999990016222,5,0.1,3.57479989528656,4.369199872016907,1,simsv-interval-radius-graph-1.1,6.0,7427,2736962,53743,68809,15066,0.21895391591216265,53743.0,68809.0,15066.0,7178.0,7183.0,5.0,0.966473677124007,0.9671468964588663,0.0006732193348593096,14.472330685337283,18.52941968493335,4.057088999596068,240.0,246.0,6.0,0.03150666487141511,0.032449171940218124,0.000942507068803014
builds/article_s1_p1_main_I_0p15_H_reference_seed_9210001----2026-09-16_07-20-35/simulation_Rawdata___article_s1_p1_main_I_0p15_H_reference_seed_9210001----2026-09-16_07-20-35.h5,article_s1_p1_main_I_0p15_H_reference_seed_9210001,200,0.139999995008111,0,0.0,3.9719998836517334,3.9719998836517334,1,simsv-interval-radius-graph-1.1,2.0,7427,317813,4792,4792,0,0.0,4792.0,4792.0,0.0,599.0,599.0,0.0,0.0806516763161438,0.0806516763161438,0.0,1.2904268210583008,1.2904268210583008,0.0,3765.0,3765.0,0.0,0.40648983438804365,0.40648983438804365,0.0
builds/article_s1_p1_main_I_0p15_H_reference_seed_9210001----2026-09-16_07-20-35/simulation_Rawdata___article_s1_p1_main_I_0p15_H_reference_seed_9210001----2026-09-16_07-20-35.h5,article_s1_p1_main_I_0p15_H_reference_seed_9210001,200,0.139999995008111,0,0.025,3.87269988656044,4.071299880743027,1,simsv-interval-radius-graph-1.1,2.0,7427,317813,4723,4868,145,0.02978635990139688,4723.0,4868.0,145.0,599.0,602.0,3.0,0.0806516763161438,0.08105560791705937,0.00040393160091557745,1.2718459674161842,1.3108926888380235,0.03904672142183929,3726.0,3803.0,77.0,0.40002692877339435,0.4148377541402989,0.014810825366904534
builds/article_s1_p1_main_I_0p15_H_reference_seed_9210001----2026-09-16_07-20-35/simulation_Rawdata___article_s1_p1_main_I_0p15_H_reference_seed_9210001----2026-09-16_07-20-35.h5,article_s1_p1_main_I_0p15_H_reference_seed_9210001,200,0.139999995008111,0,0.05,3.7733998894691467,4.17059987783432,1,simsv-interval-radius-graph-1.1,2.0,7427,317813,4654,4940,286,0.05789473684210526,4654.0,4940.0,286.0,596.0,603.0,7.0,0.08024774471522822,0.08119025178403123,0.000942507068803014,1.2532651137740676,1.3302814056819712,0.0770162919079036,3685.0,3835.0,150.0,0.3932947354248014,0.4202235088191733,0.026928773394371885
builds/article_s1_p1_main_I_0p15_H_reference_seed_9210001----2026-09-16_07-20-35/simulation_Rawdata___article_s1_p1_main_I_0p15_H_reference_seed_9210001----2026-09-16_07-20-35.h5,article_s1_p1_main_I_0p15_H_reference_seed_9210001,200,0.139999995008111,0,0.1,3.57479989528656,4.369199872016907,1,simsv-interval-radius-graph-1.1,0.0,7427,291637,2454,4209,1755,0.41696364932287955,2454.0,4209.0,1755.0,347.0,575.0,228.0,0.04672142183923522,0.07742022350881918,0.030698801669583956,0.6608320990978861,1.1334320721691127,0.4725999730712266,4081.0,5213.0,1132.0,0.4623670391813653,0.6916655446344419,0.22929850545307656
builds/article_s1_p1_main_I_0p15_H_reference_seed_9210001----2026-09-16_07-20-35/simulation_Rawdata___article_s1_p1_main_I_0p15_H_reference_seed_9210001----2026-09-16_07-20-35.h5,article_s1_p1_main_I_0p15_H_reference_seed_9210001,200,0.139999995008111,0,0.1,3.57479989528656,4.369199872016907,1,simsv-interval-radius-graph-1.1,2.0,7427,317813,4522,5095,573,0.11246319921491658,4522.0,5095.0,573.0,591.0,609.0,18.0,0.07957452538036892,0.08199811498586239,0.0024235896054934647,1.2177191328934966,1.3720210044432477,0.15430187154975106,3601.0,3905.0,304.0,0.378349266190925,0.43328396391544366,0.054934697724518644
builds/article_s1_p1_main_I_0p15_H_reference_seed_9210001----2026-09-16_07-20-35/simulation_Rawdata___article_s1_p1_main_I_0p15_H_reference_seed_9210001----2026-09-16_07-20-35.h5,article_s1_p1_main_I_0p15_H_reference_seed_9210001,200,0.139999995008111,0,0.1,3.57479989528656,4.369199872016907,1,simsv-interval-radius-graph-1.1,4.0,7427,345732,5372,6216,844,0.13577863577863578,5372.0,6216.0,844.0,620.0,637.0,17.0,0.08347919752255285,0.08576814326107446,0.0022889457385216055,1.4466137067456577,1.6738925541941565,0.2272788474484988,3062.0,3483.0,421.0,0.2933889861316817,0.360172344149724,0.0667833580180423
builds/article_s1_p1_main_I_0p15_H_reference_seed_9210001----2026-09-16_07-20-35/simulation_Rawdata___article_s1_p1_main_I_0p15_H_reference_seed_9210001----2026-09-16_07-20-35.h5,article_s1_p1_main_I_0p15_H_reference_seed_9210001,200,0.139999995008111,0,0.1,3.57479989528656,4.369199872016907,1,simsv-interval-radius-graph-1.1,6.0,7427,374720,6631,7820,1189,0.1520460358056266,6631.0,7820.0,1189.0,647.0,771.0,124.0,0.08711458193079305,0.10381042143530363,0.016695839504510576,1.7856469637807997,2.1058300794398814,0.32018311565908175,2416.0,2918.0,502.0,0.21381446075131277,0.27601992729231184,0.062205466540999066
builds/article_s1_p1_main_I_0p15_H_reference_seed_9210001----2026-09-16_07-20-35/simulation_Rawdata___article_s1_p1_main_I_0p15_H_reference_seed_9210001----2026-09-16_07-20-35.h5,article_s1_p1_main_I_0p15_H_reference_seed_9210001,8000,5.59999980032444,1,0.0,3.9719998836517334,3.9719998836517334,1,simsv-interval-radius-graph-1.1,2.0,7427,439800,13950,13950,0,0.0,13950.0,13950.0,0.0,4843.0,4843.0,0.0,0.6520802477447152,0.6520802477447152,0.0,3.756563888514878,3.756563888514878,0.0,1373.0,1373.0,0.0,0.16817018984785242,0.16817018984785242,0.0
builds/article_s1_p1_main_I_0p15_H_reference_seed_9210001----2026-09-16_07-20-35/simulation_Rawdata___article_s1_p1_main_I_0p15_H_reference_seed_9210001----2026-09-16_07-20-35.h5,article_s1_p1_main_I_0p15_H_reference_seed_9210001,8000,5.59999980032444,1,0.025,3.87269988656044,4.071299880743027,1,simsv-interval-radius-graph-1.1,2.0,7427,439800,13765,14137,372,0.026313927990379855,13765.0,14137.0,372.0,4840.0,4845.0,5.0,0.6516763161437996,0.6523495354786589,0.0006732193348593096,3.70674565773529,3.8069206947623537,0.10017503702706376,1367.0,1384.0,17.0,0.16736232664602127,0.17032449171940217,0.0029621650733809013
builds/article_s1_p1_main_I_0p15_H_reference_seed_9210001----2026-09-16_07-20-35/simulation_Rawdata___article_s1_p1_main_I_0p15_H_reference_seed_9210001----2026-09-16_07-20-35.h5,article_s1_p1_main_I_0p15_H_reference_seed_9210001,8000,5.59999980032444,1,0.05,3.7733998894691467,4.17059987783432,1,simsv-interval-radius-graph-1.1,2.0,7427,439800,13567,14371,804,0.05594600236587572,13567.0,14371.0,804.0,4836.0,4848.0,12.0,0.6511377406759122,0.6527534670795745,0.0016157264036622543,3.653426686414434,3.869934024505184,0.21650733809075007,1355.0,1393.0,38.0,0.16507338090749965,0.17180557425609264,0.006732193348592985
builds/article_s1_p1_main_I_0p15_H_reference_seed_9210001----2026-09-16_07-20-35/simulation_Rawdata___article_s1_p1_main_I_0p15_H_reference_seed_9210001----2026-09-16_07-20-35.h5,article_s1_p1_main_I_0p15_H_reference_seed_9210001,8000,5.59999980032444,1,0.1,3.57479989528656,4.369199872016907,1,simsv-interval-radius-graph-1.1,0.0,7427,410090,6278,12113,5835,0.48171386114092296,6278.0,12113.0,5835.0,2177.0,4788.0,2611.0,0.293119698397738,0.644674835061263,0.351555136663525,1.690588393698667,3.261882321260267,1.5712939275615998,1471.0,2223.0,752.0,0.18338494681567255,0.2976975898747812,0.11431264305910863
builds/article_s1_p1_main_I_0p15_H_reference_seed_9210001----2026-09-16_07-20-35/simulation_Rawdata___article_s1_p1_main_I_0p15_H_reference_seed_9210001----2026-09-16_07-20-35.h5,article_s1_p1_main_I_0p15_H_reference_seed_9210001,8000,5.59999980032444,1,0.1,3.57479989528656,4.369199872016907,1,simsv-interval-radius-graph-1.1,2.0,7427,439800,13175,14814,1639,0.11063858512218172,13175.0,14814.0,1639.0,4830.0,4859.0,29.0,0.6503298774740811,0.6542345496162649,0.003904672142183818,3.547865894708496,3.989228490642251,0.44136259593375504,1331.0,1407.0,76.0,0.16076477716440016,0.17436380772855797,0.013599030564157816
builds/article_s1_p1_main_I_0p15_H_reference_seed_9210001----2026-09-16_07-20-35/simulation_Rawdata___article_s1_p1_main_I_0p15_H_reference_seed_9210001----2026-09-16_07-20-35.h5,article_s1_p1_main_I_0p15_H_reference_seed_9210001,8000,5.59999980032444,1,0.1,3.57479989528656,4.369199872016907,1,simsv-interval-radius-graph-1.1,4.0,7427,471703,15608,17823,2215,0.12427761880715929,15608.0,17823.0,2215.0,4874.0,4909.0,35.0,0.6562542076208429,0.6609667429648579,0.004712535344015056,4.203042951393564,4.799515282078901,0.5964723306853372,1205.0,1291.0,86.0,0.13854853911404336,0.15443651541672276,0.015887976302679407
builds/article_s1_p1_main_I_0p15_H_reference_seed_9210001----2026-09-16_07-20-35/simulation_Rawdata___article_s1_p1_main_I_0p15_H_reference_seed_9210001----2026-09-16_07-20-35.h5,article_s1_p1_main_I_0p15_H_reference_seed_9210001,8000,5.59999980032444,1,0.1,3.57479989528656,4.369199872016907,1,simsv-interval-radius-graph-1.1,6.0,7427,504979,18826,22363,3537,0.15816303715959398,18826.0,22363.0,3537.0,4928.0,5523.0,595.0,0.6635249764373233,0.7436380772855796,0.08011310084825629,5.069610879224451,6.022081594183385,0.9524707149589338,1066.0,1171.0,105.0,0.1161976571967147,0.13329742830214084,0.01709977110542614
builds/article_s1_p1_main_I_0p15_H_reference_seed_9210001----2026-09-16_07-20-35/simulation_Rawdata___article_s1_p1_main_I_0p15_H_reference_seed_9210001----2026-09-16_07-20-35.h5,article_s1_p1_main_I_0p15_H_reference_seed_9210001,16000,11.19999960064888,2,0.0,3.9719998836517334,3.9719998836517334,1,simsv-interval-radius-graph-1.1,2.0,7427,674012,19006,19006,0,0.0,19006.0,19006.0,0.0,6583.0,6583.0,0.0,0.8863605762757506,0.8863605762757506,0.0,5.118082671334321,5.118082671334321,0.0,772.0,772.0,0.0,0.09734751582065437,0.09734751582065437,0.0
builds/article_s1_p1_main_I_0p15_H_reference_seed_9210001----2026-09-16_07-20-35/simulation_Rawdata___article_s1_p1_main_I_0p15_H_reference_seed_9210001----2026-09-16_07-20-35.h5,article_s1_p1_main_I_0p15_H_reference_seed_9210001,16000,11.19999960064888,2,0.025,3.87269988656044,4.071299880743027,1,simsv-interval-radius-graph-1.1,2.0,7427,674012,18728,19321,593,0.030691993168055483,18728.0,19321.0,593.0,6580.0,6591.0,11.0,0.885956644674835,0.8874377272115255,0.0014810825366904368,5.043220681297967,5.2029083075265925,0.1596876262286253,766.0,775.0,9.0,0.09680894035276694,0.09775144742156995,0.000942507068803014
builds/article_s1_p1_main_I_0p15_H_reference_seed_9210001----2026-09-16_07-20-35/simulation_Rawdata___article_s1_p1_main_I_0p15_H_reference_seed_9210001----2026-09-16_07-20-35.h5,article_s1_p1_main_I_0p15_H_reference_seed_9210001,16000,11.19999960064888,2,0.05,3.7733998894691467,4.17059987783432,1,simsv-interval-radius-graph-1.1,2.0,7427,674012,18432,19589,1157,0.05906376027362295,18432.0,19589.0,1157.0,6578.0,6592.0,14.0,0.8856873569408913,0.8875723710784974,0.0018850141376061114,4.963511512050626,5.275077420223509,0.31156590817288254,764.0,779.0,15.0,0.09640500875185136,0.0985593106234011,0.0021543018715497464
builds/article_s1_p1_main_I_0p15_H_reference_seed_9210001----2026-09-16_07-20-35/simulation_Rawdata___article_s1_p1_main_I_0p15_H_reference_seed_9210001----2026-09-16_07-20-35.h5,article_s1_p1_main_I_0p15_H_reference_seed_9210001,16000,11.19999960064888,2,0.1,3.57479989528656,4.369199872016907,1,simsv-interval-radius-graph-1.1,0.0,7427,631918,7995,16291,8296,0.509238229697379,7995.0,16291.0,8296.0,5991.0,6528.0,537.0,0.8066514070284099,0.8789551635922984,0.07230375656388854,2.152955432880032,4.386966473677124,2.234011040797092,837.0,1417.0,580.0,0.1071765181096001,0.1905210717651811,0.083344553655581
builds/article_s1_p1_main_I_0p15_H_reference_seed_9210001----2026-09-16_07-20-35/simulation_Rawdata___article_s1_p1_main_I_0p15_H_reference_seed_9210001----2026-09-16_07-20-35.h5,article_s1_p1_main_I_0p15_H_reference_seed_9210001,16000,11.19999960064888,2,0.1,3.57479989528656,4.369199872016907,1,simsv-interval-radius-graph-1.1,2.0,7427,674012,17817,20228,2411,0.11919122009096302,17817.0,20228.0,2411.0,6571.0,6597.0,26.0,0.8847448498720883,0.8882455904133567,0.0035007405412683656,4.797899555675239,5.447152282213545,0.6492527265383057,756.0,790.0,34.0,0.09505857008213275,0.10057896862797899,0.005520398545846239
builds/article_s1_p1_main_I_0p15_H_reference_seed_9210001----2026-09-16_07-20-35/simulation_Rawdata___article_s1_p1_main_I_0p15_H_reference_seed_9210001----2026-09-16_07-20-35.h5,article_s1_p1_main_I_0p15_H_reference_seed_9210001,16000,11.19999960064888,2,0.1,3.57479989528656,4.369199872016907,1,simsv-interval-radius-graph-1.1,4.0,7427,717786,21413,24822,3409,0.13733784545967287,21413.0,24822.0,3409.0,6613.0,6624.0,11.0,0.8903998922849065,0.8918809748215969,0.0014810825366904368,5.766258246936852,6.68426013195099,0.9180018850141378,714.0,737.0,23.0,0.08819173286656792,0.09236569274269557,0.0041739598761276475
builds/article_s1_p1_main_I_0p15_H_reference_seed_9210001----2026-09-16_07-20-35/simulation_Rawdata___article_s1_p1_main_I_0p15_H_reference_seed_9210001----2026-09-16_07-20-35.h5,article_s1_p1_main_I_0p15_H_reference_seed_9210001,16000,11.19999960064888,2,0.1,3.57479989528656,4.369199872016907,1,simsv-interval-radius-graph-1.1,6.0,7427,763947,26538,32323,5785,0.17897472388082789,26538.0,32323.0,5785.0,6640.0,6659.0,19.0,0.8940352766931466,0.896593510165612,0.00255823347246531,7.146357883398411,8.704187424262825,1.5578295408644136,662.0,693.0,31.0,0.07943988151339706,0.08482563619227144,0.00538575467887438
builds/article_s1_p1_main_I_0p15_H_reference_seed_9210001----2026-09-16_07-20-35/simulation_Rawdata___article_s1_p1_main_I_0p15_H_reference_seed_9210001----2026-09-16_07-20-35.h5,article_s1_p1_main_I_0p15_H_reference_seed_9210001,24000,16.79999940097332,3,0.0,3.9719998836517334,3.9719998836517334,1,simsv-interval-radius-graph-1.1,2.0,7427,1047363,23650,23650,0,0.0,23650.0,23650.0,0.0,6908.0,6908.0,0.0,0.930119833041605,0.930119833041605,0.0,6.368654907768951,6.368654907768951,0.0,508.0,508.0,0.0,0.06664871415107042,0.06664871415107042,0.0
builds/article_s1_p1_main_I_0p15_H_reference_seed_9210001----2026-09-16_07-20-35/simulation_Rawdata___article_s1_p1_main_I_0p15_H_reference_seed_9210001----2026-09-16_07-20-35.h5,article_s1_p1_main_I_0p15_H_reference_seed_9210001,24000,16.79999940097332,3,0.025,3.87269988656044,4.071299880743027,1,simsv-interval-radius-graph-1.1,2.0,7427,1047363,23233,24058,825,0.0342921273588827,23233.0,24058.0,825.0,6906.0,6911.0,5.0,0.9298505453076612,0.9305237646425205,0.0006732193348593096,6.2563619227144205,6.478524303217989,0.22216238050356818,505.0,511.0,6.0,0.06624478255015484,0.06718728961895785,0.000942507068803014
builds/article_s1_p1_main_I_0p15_H_reference_seed_9210001----2026-09-16_07-20-35/simulation_Rawdata___article_s1_p1_main_I_0p15_H_reference_seed_9210001----2026-09-16_07-20-35.h5,article_s1_p1_main_I_0p15_H_reference_seed_9210001,24000,16.79999940097332,3,0.05,3.7733998894691467,4.17059987783432,1,simsv-interval-radius-graph-1.1,2.0,7427,1047363,22851,24426,1575,0.06448047162859248,22851.0,24426.0,1575.0,6904.0,6912.0,8.0,0.9295812575737176,0.9306584085094924,0.0010771509357748732,6.15349400834792,6.577622189309277,0.4241281809613566,503.0,513.0,10.0,0.06584085094923926,0.06745657735290157,0.0016157264036623098
builds/article_s1_p1_main_I_0p15_H_reference_seed_9210001----2026-09-16_07-20-35/simulation_Rawdata___article_s1_p1_main_I_0p15_H_reference_seed_9210001----2026-09-16_07-20-35.h5,article_s1_p1_main_I_0p15_H_reference_seed_9210001,24000,16.79999940097332,3,0.1,3.57479989528656,4.369199872016907,1,simsv-interval-radius-graph-1.1,0.0,7427,979454,9605,20159,10554,0.5235378739024753,9605.0,20159.0,10554.0,6451.0,6861.0,410.0,0.8685875858354652,0.9237915712939275,0.05520398545846228,2.5865086845294196,5.428571428571429,2.842062744042009,557.0,977.0,420.0,0.07351555136663525,0.1314124141645348,0.05789686279789956
builds/article_s1_p1_main_I_0p15_H_reference_seed_9210001----2026-09-16_07-20-35/simulation_Rawdata___article_s1_p1_main_I_0p15_H_reference_seed_9210001----2026-09-16_07-20-35.h5,article_s1_p1_main_I_0p15_H_reference_seed_9210001,24000,16.79999940097332,3,0.1,3.57479989528656,4.369199872016907,1,simsv-interval-radius-graph-1.1,2.0,7427,1047363,22044,25242,3198,0.126693605894937,22044.0,25242.0,3198.0,6895.0,6913.0,18.0,0.9283694627709708,0.9307930523764643,0.0024235896054934924,5.936178807055339,6.797360980207351,0.8611821731520122,500.0,523.0,23.0,0.06516763161437997,0.06893765988959202,0.003770028275212056
builds/article_s1_p1_main_I_0p15_H_reference_seed_9210001----2026-09-16_07-20-35/simulation_Rawdata___article_s1_p1_main_I_0p15_H_reference_seed_9210001----2026-09-16_07-20-35.h5,article_s1_p1_main_I_0p15_H_reference_seed_9210001,24000,16.79999940097332,3,0.1,3.57479989528656,4.369199872016907,1,simsv-interval-radius-graph-1.1,4.0,7427,1116947,26879,31409,4530,0.14422617721035372,26879.0,31409.0,4530.0,6922.0,6930.0,8.0,0.932004847179211,0.9330819981149858,0.0010771509357748732,7.238185000673219,8.458058435438266,1.2198734347650468,472.0,489.0,17.0,0.060320452403393024,0.06368654907768952,0.0033660966742964926
builds/article_s1_p1_main_I_0p15_H_reference_seed_9210001----2026-09-16_07-20-35/simulation_Rawdata___article_s1_p1_main_I_0p15_H_reference_seed_9210001----2026-09-16_07-20-35.h5,article_s1_p1_main_I_0p15_H_reference_seed_9210001,24000,16.79999940097332,3,0.1,3.57479989528656,4.369199872016907,1,simsv-interval-radius-graph-1.1,6.0,7427,1189345,33861,41920,8059,0.19224713740458016,33861.0,41920.0,8059.0,6936.0,6944.0,8.0,0.9338898613168171,0.9349670122525919,0.0010771509357748732,9.118351959068264,11.288541806920694,2.1701898478524306,449.0,465.0,16.0,0.05628113639423724,0.05924330146761815,0.0029621650733809082
builds/article_s1_p1_main_I_0p15_H_reference_seed_9210001----2026-09-16_07-20-35/simulation_Rawdata___article_s1_p1_main_I_0p15_H_reference_seed_9210001----2026-09-16_07-20-35.h5,article_s1_p1_main_I_0p15_H_reference_seed_9210001,32000,22.39999920129776,4,0.0,3.9719998836517334,3.9719998836517334,1,simsv-interval-radius-graph-1.1,2.0,7427,1655842,29398,29398,0,0.0,29398.0,29398.0,0.0,7090.0,7090.0,0.0,0.9546250168304834,0.9546250168304834,0.0,7.916520802477447,7.916520802477447,0.0,328.0,328.0,0.0,0.04268210583007944,0.04268210583007944,0.0
builds/article_s1_p1_main_I_0p15_H_reference_seed_9210001----2026-09-16_07-20-35/simulation_Rawdata___article_s1_p1_main_I_0p15_H_reference_seed_9210001----2026-09-16_07-20-35.h5,article_s1_p1_main_I_0p15_H_reference_seed_9210001,32000,22.39999920129776,4,0.025,3.87269988656044,4.071299880743027,1,simsv-interval-radius-graph-1.1,2.0,7427,1655842,28873,29900,1027,0.03434782608695652,28873.0,29900.0,1027.0,7090.0,7091.0,1.0,0.9546250168304834,0.9547596606974552,0.00013464386697181752,7.775144742156995,8.051703244917194,0.27655850276019933,327.0,328.0,1.0,0.04254746196310758,0.04268210583007944,0.00013464386697185915
builds/article_s1_p1_main_I_0p15_H_reference_seed_9210001----2026-09-16_07-20-35/simulation_Rawdata___article_s1_p1_main_I_0p15_H_reference_seed_9210001----2026-09-16_07-20-35.h5,article_s1_p1_main_I_0p15_H_reference_seed_9210001,32000,22.39999920129776,4,0.05,3.7733998894691467,4.17059987783432,1,simsv-interval-radius-graph-1.1,2.0,7427,1655842,28348,30408,2060,0.06774533017626941,28348.0,30408.0,2060.0,7089.0,7091.0,2.0,0.9544903729635115,0.9547596606974552,0.00026928773394374605,7.633768681836543,8.188501413760603,0.5547327319240605,327.0,330.0,3.0,0.04254746196310758,0.04308603743099502,0.0005385754678874366
builds/article_s1_p1_main_I_0p15_H_reference_seed_9210001----2026-09-16_07-20-35/simulation_Rawdata___article_s1_p1_main_I_0p15_H_reference_seed_9210001----2026-09-16_07-20-35.h5,article_s1_p1_main_I_0p15_H_reference_seed_9210001,32000,22.39999920129776,4,0.1,3.57479989528656,4.369199872016907,1,simsv-interval-radius-graph-1.1,0.0,7427,1537150,11462,24900,13438,0.5396787148594377,11462.0,24900.0,13438.0,6795.0,7081.0,286.0,0.9149050760737848,0.9534132220277366,0.0385081459539518,3.0865760064629058,6.7052645751985995,3.618688568735694,340.0,633.0,293.0,0.04470176383465733,0.08509492392621516,0.040393160091557835
builds/article_s1_p1_main_I_0p15_H_reference_seed_9210001----2026-09-16_07-20-35/simulation_Rawdata___article_s1_p1_main_I_0p15_H_reference_seed_9210001----2026-09-16_07-20-35.h5,article_s1_p1_main_I_0p15_H_reference_seed_9210001,32000,22.39999920129776,4,0.1,3.57479989528656,4.369199872016907,1,simsv-interval-radius-graph-1.1,2.0,7427,1655842,27380,31470,4090,0.1299650460756276,27380.0,31470.0,4090.0,7089.0,7092.0,3.0,0.9544903729635115,0.9548943045644271,0.0004039316009156746,7.373098155379022,8.474484987208832,1.1013868318298101,324.0,331.0,7.0,0.042008886495220145,0.043355325164938736,0.0013464386697185915
builds/article_s1_p1_main_I_0p15_H_reference_seed_9210001----2026-09-16_07-20-35/simulation_Rawdata___article_s1_p1_main_I_0p15_H_reference_seed_9210001----2026-09-16_07-20-35.h5,article_s1_p1_main_I_0p15_H_reference_seed_9210001,32000,22.39999920129776,4,0.1,3.57479989528656,4.369199872016907,1,simsv-interval-radius-graph-1.1,4.0,7427,1778732,33738,39897,6159,0.1543725092112189,33738.0,39897.0,6159.0,7095.0,7097.0,2.0,0.9552982361653427,0.9555675238992863,0.00026928773394363503,9.085229567793187,10.74377272115255,1.6585431533593642,316.0,320.0,4.0,0.04052780395852969,0.04133566716036084,0.0008078632018311549
builds/article_s1_p1_main_I_0p15_H_reference_seed_9210001----2026-09-16_07-20-35/simulation_Rawdata___article_s1_p1_main_I_0p15_H_reference_seed_9210001----2026-09-16_07-20-35.h5,article_s1_p1_main_I_0p15_H_reference_seed_9210001,32000,22.39999920129776,4,0.1,3.57479989528656,4.369199872016907,1,simsv-interval-radius-graph-1.1,6.0,7427,1906532,43544,54655,11111,0.20329338578355136,43544.0,54655.0,11111.0,7100.0,7106.0,6.0,0.955971455500202,0.9567793187020331,0.0008078632018311271,11.725865086845294,14.717921098693955,2.9920560118486605,303.0,311.0,8.0,0.03823885822000808,0.03958529688972667,0.0013464386697185915
builds/article_s1_p1_main_I_0p15_H_reference_seed_9210001----2026-09-16_07-20-35/simulation_Rawdata___article_s1_p1_main_I_0p15_H_reference_seed_9210001----2026-09-16_07-20-35.h5,article_s1_p1_main_I_0p15_H_reference_seed_9210001,40000,27.9999990016222,5,0.0,3.9719998836517334,3.9719998836517334,1,simsv-interval-radius-graph-1.1,2.0,7427,2428403,35807,35807,0,0.0,35807.0,35807.0,0.0,7240.0,7240.0,0.0,0.9748215968762622,0.9748215968762622,0.0,9.64238588932274,9.64238588932274,0.0,186.0,186.0,0.0,0.024639827655850276,0.024639827655850276,0.0
builds/article_s1_p1_main_I_0p15_H_reference_seed_9210001----2026-09-16_07-20-35/simulation_Rawdata___article_s1_p1_main_I_0p15_H_reference_seed_9210001----2026-09-16_07-20-35.h5,article_s1_p1_main_I_0p15_H_reference_seed_9210001,40000,27.9999990016222,5,0.025,3.87269988656044,4.071299880743027,1,simsv-interval-radius-graph-1.1,2.0,7427,2428403,35185,36472,1287,0.035287343715727136,35185.0,36472.0,1287.0,7240.0,7240.0,0.0,0.9748215968762622,0.9748215968762622,0.0,9.474888918809748,9.821462232395314,0.34657331358556576,186.0,186.0,0.0,0.024639827655850276,0.024639827655850276,0.0
builds/article_s1_p1_main_I_0p15_H_reference_seed_9210001----2026-09-16_07-20-35/simulation_Rawdata___article_s1_p1_main_I_0p15_H_reference_seed_9210001----2026-09-16_07-20-35.h5,article_s1_p1_main_I_0p15_H_reference_seed_9210001,40000,27.9999990016222,5,0.05,3.7733998894691467,4.17059987783432,1,simsv-interval-radius-graph-1.1,2.0,7427,2428403,34597,37139,2542,0.0684455693475861,34597.0,37139.0,2542.0,7240.0,7241.0,1.0,0.9748215968762622,0.9749562407432342,0.00013464386697192854,9.316547731250841,10.001077150935775,0.6845294196849334,185.0,186.0,1.0,0.024505183788878417,0.024639827655850276,0.00013464386697185915
builds/article_s1_p1_main_I_0p15_H_reference_seed_9210001----2026-09-16_07-20-35/simulation_Rawdata___article_s1_p1_main_I_0p15_H_reference_seed_9210001----2026-09-16_07-20-35.h5,article_s1_p1_main_I_0p15_H_reference_seed_9210001,40000,27.9999990016222,5,0.1,3.57479989528656,4.369199872016907,1,simsv-interval-radius-graph-1.1,0.0,7427,2245829,12862,30455,17593,0.5776719750451486,12862.0,30455.0,17593.0,7040.0,7238.0,198.0,0.9478928234818904,0.9745523091423186,0.026659485660428195,3.463578833984112,8.201157937255958,4.737579103271846,188.0,388.0,200.0,0.024909115389793995,0.0521071765181096,0.027198061128315607
builds/article_s1_p1_main_I_0p15_H_reference_seed_9210001----2026-09-16_07-20-35/simulation_Rawdata___article_s1_p1_main_I_0p15_H_reference_seed_9210001----2026-09-16_07-20-35.h5,article_s1_p1_main_I_0p15_H_reference_seed_9210001,40000,27.9999990016222,5,0.1,3.57479989528656,4.369199872016907,1,simsv-interval-radius-graph-1.1,2.0,7427,2428403,33398,38475,5077,0.1319558154645874,33398.0,38475.0,5077.0,7240.0,7241.0,1.0,0.9748215968762622,0.9749562407432342,0.00013464386697192854,8.993671738252322,10.360845563484583,1.3671738252322605,185.0,186.0,1.0,0.024505183788878417,0.024639827655850276,0.00013464386697185915
builds/article_s1_p1_main_I_0p15_H_reference_seed_9210001----2026-09-16_07-20-35/simulation_Rawdata___article_s1_p1_main_I_0p15_H_reference_seed_9210001----2026-09-16_07-20-35.h5,article_s1_p1_main_I_0p15_H_reference_seed_9210001,40000,27.9999990016222,5,0.1,3.57479989528656,4.369199872016907,1,simsv-interval-radius-graph-1.1,4.0,7427,2618672,41453,49686,8233,0.16570059976653384,41453.0,49686.0,8233.0,7242.0,7243.0,1.0,0.975090884610206,0.9752255284771779,0.00013464386697192854,11.162784435168978,13.379830348727616,2.2170459135586373,180.0,184.0,4.0,0.02342803285310354,0.024370539921906558,0.0009425070688030175
builds/article_s1_p1_main_I_0p15_H_reference_seed_9210001----2026-09-16_07-20-35/simulation_Rawdata___article_s1_p1_main_I_0p15_H_reference_seed_9210001----2026-09-16_07-20-35.h5,article_s1_p1_main_I_0p15_H_reference_seed_9210001,40000,27.9999990016222,5,0.1,3.57479989528656,4.369199872016907,1,simsv-interval-radius-graph-1.1,6.0,7427,2816563,54523,69864,15341,0.21958376273903585,54523.0,69864.0,15341.0,7244.0,7244.0,0.0,0.9753601723441497,0.9753601723441497,0.0,14.682375117813384,18.813518244243976,4.131143126430592,178.0,179.0,1.0,0.023024101252187963,0.02329338898613168,0.0002692877339437183
builds/article_s1_p1_main_I_0p15_H_reference_seed_9210003----2026-09-17_05-01-36/simulation_Rawdata___article_s1_p1_main_I_0p15_H_reference_seed_9210003----2026-09-17_05-01-36.h5,article_s1_p1_main_I_0p15_H_reference_seed_9210003,200,0.139999995008111,0,0.0,3.9719998836517334,3.9719998836517334,1,simsv-interval-radius-graph-1.1,2.0,7427,298557,4880,4880,0,0.0,4880.0,4880.0,0.0,326.0,326.0,0.0,0.04389390063282617,0.04389390063282617,0.0,1.314124141645348,1.314124141645348,0.0,3759.0,3759.0,0.0,0.40999057492931196,0.40999057492931196,0.0
builds/article_s1_p1_main_I_0p15_H_reference_seed_9210003----2026-09-17_05-01-36/simulation_Rawdata___article_s1_p1_main_I_0p15_H_reference_seed_9210003----2026-09-17_05-01-36.h5,article_s1_p1_main_I_0p15_H_reference_seed_9210003,200,0.139999995008111,0,0.025,3.87269988656044,4.071299880743027,1,simsv-interval-radius-graph-1.1,2.0,7427,298557,4805,4947,142,0.028704265211239133,4805.0,4947.0,142.0,326.0,326.0,0.0,0.04389390063282617,0.04389390063282617,0.0,1.2939275615995691,1.3321664198195773,0.038238858220008165,3717.0,3798.0,81.0,0.40339302544769085,0.4175306314797361,0.01413760603204528
builds/article_s1_p1_main_I_0p15_H_reference_seed_9210003----2026-09-17_05-01-36/simulation_Rawdata___article_s1_p1_main_I_0p15_H_reference_seed_9210003----2026-09-17_05-01-36.h5,article_s1_p1_main_I_0p15_H_reference_seed_9210003,200,0.139999995008111,0,0.05,3.7733998894691467,4.17059987783432,1,simsv-interval-radius-graph-1.1,2.0,7427,298557,4744,5009,265,0.05290477141145937,4744.0,5009.0,265.0,326.0,328.0,2.0,0.04389390063282617,0.04416318836676989,0.0002692877339437183,1.2775010098290023,1.3488622593240878,0.07136124949508549,3684.0,3825.0,141.0,0.3977379830348728,0.4218392352228356,0.02410125218796283
builds/article_s1_p1_main_I_0p15_H_reference_seed_9210003----2026-09-17_05-01-36/simulation_Rawdata___article_s1_p1_main_I_0p15_H_reference_seed_9210003----2026-09-17_05-01-36.h5,article_s1_p1_main_I_0p15_H_reference_seed_9210003,200,0.139999995008111,0,0.1,3.57479989528656,4.369199872016907,1,simsv-interval-radius-graph-1.1,0.0,7427,273493,2523,4296,1773,0.4127094972067039,2523.0,4296.0,1773.0,199.0,274.0,75.0,0.026794129527400026,0.03689241955028948,0.010098290022889457,0.6794129527400027,1.1568601050222163,0.47744715228221357,4073.0,5152.0,1079.0,0.4649252726538306,0.6833176248821866,0.218392352228356
builds/article_s1_p1_main_I_0p15_H_reference_seed_9210003----2026-09-17_05-01-36/simulation_Rawdata___article_s1_p1_main_I_0p15_H_reference_seed_9210003----2026-09-17_05-01-36.h5,article_s1_p1_main_I_0p15_H_reference_seed_9210003,200,0.139999995008111,0,0.1,3.57479989528656,4.369199872016907,1,simsv-interval-radius-graph-1.1,2.0,7427,298557,4594,5147,553,0.10744122789974743,4594.0,5147.0,553.0,323.0,335.0,12.0,0.043489969031910596,0.04510569543557291,0.0016157264036623167,1.2371078497374444,1.386023966608321,0.14891611687087658,3610.0,3921.0,311.0,0.38642789820923656,0.4410933081998115,0.054665409990574954
builds/article_s1_p1_main_I_0p15_H_reference_seed_9210003----2026-09-17_05-01-36/simulation_Rawdata___article_s1_p1_main_I_0p15_H_reference_seed_9210003----2026-09-17_05-01-36.h5,article_s1_p1_main_I_0p15_H_reference_seed_9210003,200,0.139999995008111,0,0.1,3.57479989528656,4.369199872016907,1,simsv-interval-radius-graph-1.1,4.0,7427,325382,5451,6328,877,0.13859039190897599,5451.0,6328.0,877.0,581.0,960.0,379.0,0.07822808671065033,0.12925811229298506,0.05103002558233473,1.4678874377272115,1.704052780395853,0.23616534266864142,3060.0,3482.0,422.0,0.29958260401238723,0.36663524976437323,0.067052645751986
builds/article_s1_p1_main_I_0p15_H_reference_seed_9210003----2026-09-17_05-01-36/simulation_Rawdata___article_s1_p1_main_I_0p15_H_reference_seed_9210003----2026-09-17_05-01-36.h5,article_s1_p1_main_I_0p15_H_reference_seed_9210003,200,0.139999995008111,0,0.1,3.57479989528656,4.369199872016907,1,simsv-interval-radius-graph-1.1,6.0,7427,353479,6704,7869,1165,0.1480493074088194,6704.0,7869.0,1165.0,1060.0,1399.0,339.0,0.142722498990171,0.18836676989363135,0.04564427090346035,1.8053049683586913,2.1190251784031235,0.3137202100444323,2437.0,2913.0,476.0,0.21718055742560927,0.2804631749023832,0.06328261747677394
builds/article_s1_p1_main_I_0p15_H_reference_seed_9210003----2026-09-17_05-01-36/simulation_Rawdata___article_s1_p1_main_I_0p15_H_reference_seed_9210003----2026-09-17_05-01-36.h5,article_s1_p1_main_I_0p15_H_reference_seed_9210003,8000,5.59999980032444,1,0.0,3.9719998836517334,3.9719998836517334,1,simsv-interval-radius-graph-1.1,2.0,7427,414573,13677,13677,0,0.0,13677.0,13677.0,0.0,4181.0,4181.0,0.0,0.5629460078093443,0.5629460078093443,0.0,3.683048337148243,3.683048337148243,0.0,1314.0,1314.0,0.0,0.1579372559579911,0.1579372559579911,0.0
builds/article_s1_p1_main_I_0p15_H_reference_seed_9210003----2026-09-17_05-01-36/simulation_Rawdata___article_s1_p1_main_I_0p15_H_reference_seed_9210003----2026-09-17_05-01-36.h5,article_s1_p1_main_I_0p15_H_reference_seed_9210003,8000,5.59999980032444,1,0.025,3.87269988656044,4.071299880743027,1,simsv-interval-radius-graph-1.1,2.0,7427,414573,13493,13879,386,0.027811802003026156,13493.0,13879.0,386.0,4177.0,4182.0,5.0,0.5624074323414568,0.5630806516763162,0.0006732193348593096,3.6334993941025986,3.737444459404874,0.10394506530227554,1305.0,1323.0,18.0,0.1565908172882725,0.15941833849468157,0.002827521206409056
builds/article_s1_p1_main_I_0p15_H_reference_seed_9210003----2026-09-17_05-01-36/simulation_Rawdata___article_s1_p1_main_I_0p15_H_reference_seed_9210003----2026-09-17_05-01-36.h5,article_s1_p1_main_I_0p15_H_reference_seed_9210003,8000,5.59999980032444,1,0.05,3.7733998894691467,4.17059987783432,1,simsv-interval-radius-graph-1.1,2.0,7427,414573,13307,14085,778,0.05523606673766418,13307.0,14085.0,778.0,4171.0,4188.0,17.0,0.5615995691396257,0.5638885148781473,0.002288945738521564,3.583411875589067,3.7929177325972803,0.20950585700821334,1294.0,1334.0,40.0,0.15470580315066648,0.16116870876531575,0.006462905614649267
builds/article_s1_p1_main_I_0p15_H_reference_seed_9210003----2026-09-17_05-01-36/simulation_Rawdata___article_s1_p1_main_I_0p15_H_reference_seed_9210003----2026-09-17_05-01-36.h5,article_s1_p1_main_I_0p15_H_reference_seed_9210003,8000,5.59999980032444,1,0.1,3.57479989528656,4.369199872016907,1,simsv-interval-radius-graph-1.1,0.0,7427,386053,6279,11869,5590,0.4709748083242059,6279.0,11869.0,5590.0,3681.0,4120.0,439.0,0.49562407432341454,0.5547327319240608,0.059108657600646264,1.6908576814326108,3.1961761141779994,1.5053184327453886,1451.0,2175.0,724.0,0.17934563080651678,0.2900228894573852,0.11067725865086842
builds/article_s1_p1_main_I_0p15_H_reference_seed_9210003----2026-09-17_05-01-36/simulation_Rawdata___article_s1_p1_main_I_0p15_H_reference_seed_9210003----2026-09-17_05-01-36.h5,article_s1_p1_main_I_0p15_H_reference_seed_9210003,8000,5.59999980032444,1,0.1,3.57479989528656,4.369199872016907,1,simsv-interval-radius-graph-1.1,2.0,7427,414573,12892,14521,1629,0.11218235658701191,12892.0,14521.0,1629.0,4161.0,4195.0,34.0,0.5602531304699071,0.5648310219469503,0.004577891477043239,3.4716574660024238,3.9103271845967416,0.4386697185943178,1266.0,1364.0,98.0,0.14985862393967955,0.1662851757102464,0.016426551770566844
builds/article_s1_p1_main_I_0p15_H_reference_seed_9210003----2026-09-17_05-01-36/simulation_Rawdata___article_s1_p1_main_I_0p15_H_reference_seed_9210003----2026-09-17_05-01-36.h5,article_s1_p1_main_I_0p15_H_reference_seed_9210003,8000,5.59999980032444,1,0.1,3.57479989528656,4.369199872016907,1,simsv-interval-radius-graph-1.1,4.0,7427,444466,15279,17396,2117,0.12169464244653944,15279.0,17396.0,2117.0,4215.0,4666.0,451.0,0.5675238992863875,0.6282482832906962,0.060724384004308685,4.11444728692608,4.684529419684933,0.570082132758853,1147.0,1229.0,82.0,0.13033526322875993,0.14420358152686144,0.013868318298101506
builds/article_s1_p1_main_I_0p15_H_reference_seed_9210003----2026-09-17_05-01-36/simulation_Rawdata___article_s1_p1_main_I_0p15_H_reference_seed_9210003----2026-09-17_05-01-36.h5,article_s1_p1_main_I_0p15_H_reference_seed_9210003,8000,5.59999980032444,1,0.1,3.57479989528656,4.369199872016907,1,simsv-interval-radius-graph-1.1,6.0,7427,476588,18345,21792,3447,0.1581773127753304,18345.0,21792.0,3447.0,4690.0,5115.0,425.0,0.6314797360980208,0.688703379561061,0.05722364346304021,4.940083479197522,5.868318298101522,0.9282348189039995,1010.0,1120.0,110.0,0.10960010771509358,0.12737309815537903,0.01777299044028545
builds/article_s1_p1_main_I_0p15_H_reference_seed_9210003----2026-09-17_05-01-36/simulation_Rawdata___article_s1_p1_main_I_0p15_H_reference_seed_9210003----2026-09-17_05-01-36.h5,article_s1_p1_main_I_0p15_H_reference_seed_9210003,16000,11.19999960064888,2,0.0,3.9719998836517334,3.9719998836517334,1,simsv-interval-radius-graph-1.1,2.0,7427,602588,18114,18114,0,0.0,18114.0,18114.0,0.0,6435.0,6435.0,0.0,0.8664332839639154,0.8664332839639154,0.0,4.877878012656524,4.877878012656524,0.0,774.0,774.0,0.0,0.09909788609128854,0.09909788609128854,0.0
builds/article_s1_p1_main_I_0p15_H_reference_seed_9210003----2026-09-17_05-01-36/simulation_Rawdata___article_s1_p1_main_I_0p15_H_reference_seed_9210003----2026-09-17_05-01-36.h5,article_s1_p1_main_I_0p15_H_reference_seed_9210003,16000,11.19999960064888,2,0.025,3.87269988656044,4.071299880743027,1,simsv-interval-radius-graph-1.1,2.0,7427,602588,17814,18393,579,0.0314793671505464,17814.0,18393.0,579.0,6432.0,6442.0,10.0,0.8660293523629998,0.8673757910327184,0.0013464386697186193,4.7970916924734075,4.953009290426821,0.15591759795341353,766.0,779.0,13.0,0.09802073515551367,0.0999057492931197,0.001885014137606028
builds/article_s1_p1_main_I_0p15_H_reference_seed_9210003----2026-09-17_05-01-36/simulation_Rawdata___article_s1_p1_main_I_0p15_H_reference_seed_9210003----2026-09-17_05-01-36.h5,article_s1_p1_main_I_0p15_H_reference_seed_9210003,16000,11.19999960064888,2,0.05,3.7733998894691467,4.17059987783432,1,simsv-interval-radius-graph-1.1,2.0,7427,602588,17562,18697,1135,0.06070492592394502,17562.0,18697.0,1135.0,6427.0,6447.0,20.0,0.8653561330281405,0.8680490103675778,0.0026928773394372385,4.729231183519591,5.034872761545712,0.3056415780261208,761.0,786.0,25.0,0.09734751582065437,0.10098290022889457,0.003635384408240197
builds/article_s1_p1_main_I_0p15_H_reference_seed_9210003----2026-09-17_05-01-36/simulation_Rawdata___article_s1_p1_main_I_0p15_H_reference_seed_9210003----2026-09-17_05-01-36.h5,article_s1_p1_main_I_0p15_H_reference_seed_9210003,16000,11.19999960064888,2,0.1,3.57479989528656,4.369199872016907,1,simsv-interval-radius-graph-1.1,0.0,7427,564118,7656,15508,7852,0.5063193190611297,7656.0,15508.0,7852.0,5789.0,6363.0,574.0,0.7794533459000943,0.8567389255419415,0.07728557964184724,2.0616668910731115,4.176114177999192,2.114447286926081,861.0,1498.0,637.0,0.11188905345361519,0.20129258112292986,0.08940352766931467
builds/article_s1_p1_main_I_0p15_H_reference_seed_9210003----2026-09-17_05-01-36/simulation_Rawdata___article_s1_p1_main_I_0p15_H_reference_seed_9210003----2026-09-17_05-01-36.h5,article_s1_p1_main_I_0p15_H_reference_seed_9210003,16000,11.19999960064888,2,0.1,3.57479989528656,4.369199872016907,1,simsv-interval-radius-graph-1.1,2.0,7427,602588,16987,19296,2309,0.11966210613598673,16987.0,19296.0,2309.0,6414.0,6460.0,46.0,0.8636057627575064,0.8697993806382119,0.006193617880705493,4.574390736501952,5.196176114177999,0.6217853776760469,742.0,803.0,61.0,0.09451999461424532,0.10367577756833177,0.00915578295408645
builds/article_s1_p1_main_I_0p15_H_reference_seed_9210003----2026-09-17_05-01-36/simulation_Rawdata___article_s1_p1_main_I_0p15_H_reference_seed_9210003----2026-09-17_05-01-36.h5,article_s1_p1_main_I_0p15_H_reference_seed_9210003,16000,11.19999960064888,2,0.1,3.57479989528656,4.369199872016907,1,simsv-interval-radius-graph-1.1,4.0,7427,642537,20407,23577,3170,0.13445306866861773,20407.0,23577.0,3170.0,6469.0,6498.0,29.0,0.8710111754409586,0.8749158475831426,0.0039046721421839292,5.495354786589471,6.348996903191059,0.8536421166015886,682.0,730.0,48.0,0.08442170459135587,0.09250033660966743,0.008078632018311563
builds/article_s1_p1_main_I_0p15_H_reference_seed_9210003----2026-09-17_05-01-36/simulation_Rawdata___article_s1_p1_main_I_0p15_H_reference_seed_9210003----2026-09-17_05-01-36.h5,article_s1_p1_main_I_0p15_H_reference_seed_9210003,16000,11.19999960064888,2,0.1,3.57479989528656,4.369199872016907,1,simsv-interval-radius-graph-1.1,6.0,7427,684191,25175,30475,5300,0.17391304347826086,25175.0,30475.0,5300.0,6545.0,6571.0,26.0,0.88124410933082,0.8847448498720883,0.0035007405412683656,6.779318702033122,8.206543691934833,1.4272249899017107,622.0,659.0,37.0,0.07472734616938198,0.08092096405008752,0.006193617880705535
builds/article_s1_p1_main_I_0p15_H_reference_seed_9210003----2026-09-17_05-01-36/simulation_Rawdata___article_s1_p1_main_I_0p15_H_reference_seed_9210003----2026-09-17_05-01-36.h5,article_s1_p1_main_I_0p15_H_reference_seed_9210003,24000,16.79999940097332,3,0.0,3.9719998836517334,3.9719998836517334,1,simsv-interval-radius-graph-1.1,2.0,7427,921267,22542,22542,0,0.0,22542.0,22542.0,0.0,6942.0,6942.0,0.0,0.9346977245186482,0.9346977245186482,0.0,6.070284098559311,6.070284098559311,0.0,471.0,471.0,0.0,0.061262959472196045,0.061262959472196045,0.0
builds/article_s1_p1_main_I_0p15_H_reference_seed_9210003----2026-09-17_05-01-36/simulation_Rawdata___article_s1_p1_main_I_0p15_H_reference_seed_9210003----2026-09-17_05-01-36.h5,article_s1_p1_main_I_0p15_H_reference_seed_9210003,24000,16.79999940097332,3,0.025,3.87269988656044,4.071299880743027,1,simsv-interval-radius-graph-1.1,2.0,7427,921267,22189,22902,713,0.031132652170116147,22189.0,22902.0,713.0,6940.0,6943.0,3.0,0.9344284367847044,0.93483236838562,0.00040393160091556357,5.975225528477178,6.16722768277905,0.19200215430187217,470.0,474.0,4.0,0.06112831560522418,0.06180153494008348,0.0006732193348593027
builds/article_s1_p1_main_I_0p15_H_reference_seed_9210003----2026-09-17_05-01-36/simulation_Rawdata___article_s1_p1_main_I_0p15_H_reference_seed_9210003----2026-09-17_05-01-36.h5,article_s1_p1_main_I_0p15_H_reference_seed_9210003,24000,16.79999940097332,3,0.05,3.7733998894691467,4.17059987783432,1,simsv-interval-radius-graph-1.1,2.0,7427,921267,21844,23240,1396,0.06006884681583477,21844.0,23240.0,1396.0,6939.0,6945.0,6.0,0.9342937929177326,0.9351016561195638,0.0008078632018311271,5.882321260266595,6.258246936852027,0.37592567658543175,468.0,476.0,8.0,0.06085902787128046,0.06220546654099906,0.0013464386697185984
builds/article_s1_p1_main_I_0p15_H_reference_seed_9210003----2026-09-17_05-01-36/simulation_Rawdata___article_s1_p1_main_I_0p15_H_reference_seed_9210003----2026-09-17_05-01-36.h5,article_s1_p1_main_I_0p15_H_reference_seed_9210003,24000,16.79999940097332,3,0.1,3.57479989528656,4.369199872016907,1,simsv-interval-radius-graph-1.1,0.0,7427,860413,9114,19198,10084,0.525263048234191,9114.0,19198.0,10084.0,6409.0,6902.0,493.0,0.8629325434226471,0.9293119698397738,0.06637942641712669,2.4542884071630535,5.169785916251515,2.715497509088461,511.0,1019.0,508.0,0.06664871415107042,0.1370674565773529,0.07041874242628247
builds/article_s1_p1_main_I_0p15_H_reference_seed_9210003----2026-09-17_05-01-36/simulation_Rawdata___article_s1_p1_main_I_0p15_H_reference_seed_9210003----2026-09-17_05-01-36.h5,article_s1_p1_main_I_0p15_H_reference_seed_9210003,24000,16.79999940097332,3,0.1,3.57479989528656,4.369199872016907,1,simsv-interval-radius-graph-1.1,2.0,7427,921267,21095,24001,2906,0.1210782884046498,21095.0,24001.0,2906.0,6938.0,6952.0,14.0,0.9341591490507607,0.9360441631883668,0.0018850141376061114,5.680624747542749,6.463174902383196,0.7825501548404468,460.0,477.0,17.0,0.05964723306853373,0.06234011040797092,0.00269287733943719
builds/article_s1_p1_main_I_0p15_H_reference_seed_9210003----2026-09-17_05-01-36/simulation_Rawdata___article_s1_p1_main_I_0p15_H_reference_seed_9210003----2026-09-17_05-01-36.h5,article_s1_p1_main_I_0p15_H_reference_seed_9210003,24000,16.79999940097332,3,0.1,3.57479989528656,4.369199872016907,1,simsv-interval-radius-graph-1.1,4.0,7427,984763,25507,29737,4230,0.14224703231664257,25507.0,29737.0,4230.0,6960.0,6970.0,10.0,0.9371213141241417,0.9384677527938602,0.0013464386697185082,6.868722229702437,8.007809344284368,1.1390871145819315,438.0,451.0,13.0,0.05628113639423724,0.05830079439881514,0.002019658004577894
builds/article_s1_p1_main_I_0p15_H_reference_seed_9210003----2026-09-17_05-01-36/simulation_Rawdata___article_s1_p1_main_I_0p15_H_reference_seed_9210003----2026-09-17_05-01-36.h5,article_s1_p1_main_I_0p15_H_reference_seed_9210003,24000,16.79999940097332,3,0.1,3.57479989528656,4.369199872016907,1,simsv-interval-radius-graph-1.1,6.0,7427,1050494,32092,39665,7573,0.19092398840287408,32092.0,39665.0,7573.0,6976.0,6992.0,16.0,0.9392756159956914,0.9414299178672412,0.0021543018715497464,8.641981957721827,10.681297966877608,2.0393160091557814,403.0,429.0,26.0,0.05022216238050357,0.05493469772451865,0.004712535344015084
builds/article_s1_p1_main_I_0p15_H_reference_seed_9210003----2026-09-17_05-01-36/simulation_Rawdata___article_s1_p1_main_I_0p15_H_reference_seed_9210003----2026-09-17_05-01-36.h5,article_s1_p1_main_I_0p15_H_reference_seed_9210003,32000,22.39999920129776,4,0.0,3.9719998836517334,3.9719998836517334,1,simsv-interval-radius-graph-1.1,2.0,7427,1569613,29255,29255,0,0.0,29255.0,29255.0,0.0,7140.0,7140.0,0.0,0.9613572101790764,0.9613572101790764,0.0,7.878012656523495,7.878012656523495,0.0,285.0,285.0,0.0,0.0378349266190925,0.0378349266190925,0.0
builds/article_s1_p1_main_I_0p15_H_reference_seed_9210003----2026-09-17_05-01-36/simulation_Rawdata___article_s1_p1_main_I_0p15_H_reference_seed_9210003----2026-09-17_05-01-36.h5,article_s1_p1_main_I_0p15_H_reference_seed_9210003,32000,22.39999920129776,4,0.025,3.87269988656044,4.071299880743027,1,simsv-interval-radius-graph-1.1,2.0,7427,1569613,28752,29784,1032,0.0346494762288477,28752.0,29784.0,1032.0,7140.0,7140.0,0.0,0.9613572101790764,0.9613572101790764,0.0,7.742560926349805,8.020465867779723,0.2779049414299184,284.0,285.0,1.0,0.03756563888514878,0.0378349266190925,0.0002692877339437183
builds/article_s1_p1_main_I_0p15_H_reference_seed_9210003----2026-09-17_05-01-36/simulation_Rawdata___article_s1_p1_main_I_0p15_H_reference_seed_9210003----2026-09-17_05-01-36.h5,article_s1_p1_main_I_0p15_H_reference_seed_9210003,32000,22.39999920129776,4,0.05,3.7733998894691467,4.17059987783432,1,simsv-interval-radius-graph-1.1,2.0,7427,1569613,28292,30291,1999,0.06599319930012215,28292.0,30291.0,1999.0,7139.0,7140.0,1.0,0.9612225663121045,0.9613572101790764,0.00013464386697192854,7.618688568735694,8.156994748889188,0.5383061801534943,284.0,286.0,2.0,0.03756563888514878,0.037969570486064357,0.00040393160091557745
builds/article_s1_p1_main_I_0p15_H_reference_seed_9210003----2026-09-17_05-01-36/simulation_Rawdata___article_s1_p1_main_I_0p15_H_reference_seed_9210003----2026-09-17_05-01-36.h5,article_s1_p1_main_I_0p15_H_reference_seed_9210003,32000,22.39999920129776,4,0.1,3.57479989528656,4.369199872016907,1,simsv-interval-radius-graph-1.1,0.0,7427,1454539,11487,24954,13467,0.5396729983169031,11487.0,24954.0,13467.0,6790.0,7123.0,333.0,0.9142318567389256,0.9590682644405547,0.04483640770162911,3.0933081998114984,6.71980611283156,3.626497913020062,301.0,638.0,337.0,0.03985458462367039,0.08576814326107446,0.04591355863740407
builds/article_s1_p1_main_I_0p15_H_reference_seed_9210003----2026-09-17_05-01-36/simulation_Rawdata___article_s1_p1_main_I_0p15_H_reference_seed_9210003----2026-09-17_05-01-36.h5,article_s1_p1_main_I_0p15_H_reference_seed_9210003,32000,22.39999920129776,4,0.1,3.57479989528656,4.369199872016907,1,simsv-interval-radius-graph-1.1,2.0,7427,1569613,27319,31306,3987,0.12735577844502652,27319.0,31306.0,3987.0,7137.0,7140.0,3.0,0.9609532785781608,0.9613572101790764,0.00040393160091556357,7.356671603608456,8.430321798842062,1.073650195233606,284.0,287.0,3.0,0.03756563888514878,0.037969570486064357,0.00040393160091557745
builds/article_s1_p1_main_I_0p15_H_reference_seed_9210003----2026-09-17_05-01-36/simulation_Rawdata___article_s1_p1_main_I_0p15_H_reference_seed_9210003----2026-09-17_05-01-36.h5,article_s1_p1_main_I_0p15_H_reference_seed_9210003,32000,22.39999920129776,4,0.1,3.57479989528656,4.369199872016907,1,simsv-interval-radius-graph-1.1,4.0,7427,1689435,33570,39806,6236,0.1566598000301462,33570.0,39806.0,6236.0,7144.0,7145.0,1.0,0.9618957856469638,0.9620304295139357,0.00013464386697192854,9.039989228490642,10.719267537363674,1.679278308873032,278.0,281.0,3.0,0.036623131816345765,0.03729635115120506,0.0006732193348592957
builds/article_s1_p1_main_I_0p15_H_reference_seed_9210003----2026-09-17_05-01-36/simulation_Rawdata___article_s1_p1_main_I_0p15_H_reference_seed_9210003----2026-09-17_05-01-36.h5,article_s1_p1_main_I_0p15_H_reference_seed_9210003,32000,22.39999920129776,4,0.1,3.57479989528656,4.369199872016907,1,simsv-interval-radius-graph-1.1,6.0,7427,1814655,43292,54310,11018,0.20287239918983613,43292.0,54310.0,11018.0,7149.0,7154.0,5.0,0.9625690049818231,0.9632422243166824,0.0006732193348593096,11.658004577891477,14.625016830483371,2.9670122525918945,263.0,273.0,10.0,0.033930254476908575,0.03581526861451461,0.001885014137606035
builds/article_s1_p1_main_I_0p15_H_reference_seed_9210003----2026-09-17_05-01-36/simulation_Rawdata___article_s1_p1_main_I_0p15_H_reference_seed_9210003----2026-09-17_05-01-36.h5,article_s1_p1_main_I_0p15_H_reference_seed_9210003,40000,27.9999990016222,5,0.0,3.9719998836517334,3.9719998836517334,1,simsv-interval-radius-graph-1.1,2.0,7427,2360554,36462,36462,0,0.0,36462.0,36462.0,0.0,7257.0,7257.0,0.0,0.9771105426147839,0.9771105426147839,0.0,9.818769355055878,9.818769355055878,0.0,169.0,169.0,0.0,0.022350881917328664,0.022350881917328664,0.0
builds/article_s1_p1_main_I_0p15_H_reference_seed_9210003----2026-09-17_05-01-36/simulation_Rawdata___article_s1_p1_main_I_0p15_H_reference_seed_9210003----2026-09-17_05-01-36.h5,article_s1_p1_main_I_0p15_H_reference_seed_9210003,40000,27.9999990016222,5,0.025,3.87269988656044,4.071299880743027,1,simsv-interval-radius-graph-1.1,2.0,7427,2360554,35857,37112,1255,0.03381655529208881,35857.0,37112.0,1255.0,7257.0,7257.0,0.0,0.9771105426147839,0.9771105426147839,0.0,9.655850276019928,9.993806382119294,0.3379561060993659,169.0,169.0,0.0,0.022350881917328664,0.022350881917328664,0.0
builds/article_s1_p1_main_I_0p15_H_reference_seed_9210003----2026-09-17_05-01-36/simulation_Rawdata___article_s1_p1_main_I_0p15_H_reference_seed_9210003----2026-09-17_05-01-36.h5,article_s1_p1_main_I_0p15_H_reference_seed_9210003,40000,27.9999990016222,5,0.05,3.7733998894691467,4.17059987783432,1,simsv-interval-radius-graph-1.1,2.0,7427,2360554,35246,37809,2563,0.06778809278214182,35246.0,37809.0,2563.0,7257.0,7257.0,0.0,0.9771105426147839,0.9771105426147839,0.0,9.491315470580314,10.181499932678067,0.6901844620977524,169.0,169.0,0.0,0.022350881917328664,0.022350881917328664,0.0
builds/article_s1_p1_main_I_0p15_H_reference_seed_9210003----2026-09-17_05-01-36/simulation_Rawdata___article_s1_p1_main_I_0p15_H_reference_seed_9210003----2026-09-17_05-01-36.h5,article_s1_p1_main_I_0p15_H_reference_seed_9210003,40000,27.9999990016222,5,0.1,3.57479989528656,4.369199872016907,1,simsv-interval-radius-graph-1.1,0.0,7427,2179160,13072,31061,17989,0.5791507034544928,13072.0,31061.0,17989.0,7082.0,7254.0,172.0,0.9535478658947085,0.9767066110138684,0.02315874511915983,3.520129258112293,8.364346304025851,4.844217045913558,173.0,346.0,173.0,0.023024101252187963,0.046452134105291504,0.02342803285310354
builds/article_s1_p1_main_I_0p15_H_reference_seed_9210003----2026-09-17_05-01-36/simulation_Rawdata___article_s1_p1_main_I_0p15_H_reference_seed_9210003----2026-09-17_05-01-36.h5,article_s1_p1_main_I_0p15_H_reference_seed_9210003,40000,27.9999990016222,5,0.1,3.57479989528656,4.369199872016907,1,simsv-interval-radius-graph-1.1,2.0,7427,2360554,34001,39136,5135,0.1312091169255928,34001.0,39136.0,5135.0,7256.0,7257.0,1.0,0.976975898747812,0.9771105426147839,0.00013464386697192854,9.156052241820385,10.538844755621382,1.3827925138009967,169.0,170.0,1.0,0.022350881917328664,0.022485525784300527,0.00013464386697186262
builds/article_s1_p1_main_I_0p15_H_reference_seed_9210003----2026-09-17_05-01-36/simulation_Rawdata___article_s1_p1_main_I_0p15_H_reference_seed_9210003----2026-09-17_05-01-36.h5,article_s1_p1_main_I_0p15_H_reference_seed_9210003,40000,27.9999990016222,5,0.1,3.57479989528656,4.369199872016907,1,simsv-interval-radius-graph-1.1,4.0,7427,2549371,42138,50741,8603,0.16954730888236338,42138.0,50741.0,8603.0,7258.0,7259.0,1.0,0.9772451864817557,0.9773798303487277,0.00013464386697192854,11.347246532920426,13.663928908038239,2.3166823751178125,167.0,168.0,1.0,0.022081594183384946,0.022216238050356805,0.00013464386697185915
builds/article_s1_p1_main_I_0p15_H_reference_seed_9210003----2026-09-17_05-01-36/simulation_Rawdata___article_s1_p1_main_I_0p15_H_reference_seed_9210003----2026-09-17_05-01-36.h5,article_s1_p1_main_I_0p15_H_reference_seed_9210003,40000,27.9999990016222,5,0.1,3.57479989528656,4.369199872016907,1,simsv-interval-radius-graph-1.1,6.0,7427,2745546,55642,71434,15792,0.22107119858890725,55642.0,71434.0,15792.0,7259.0,7260.0,1.0,0.9773798303487277,0.9775144742156995,0.00013464386697181752,14.983708092096405,19.236299986535613,4.252591894439208,165.0,167.0,2.0,0.021677662582469368,0.022081594183384946,0.00040393160091557745
builds/article_s1_p1_main_I_0p15_H_weak_seed_9210003----2026-09-18_02-46-01/simulation_Rawdata___article_s1_p1_main_I_0p15_H_weak_seed_9210003----2026-09-18_02-46-01.h5,article_s1_p1_main_I_0p15_H_weak_seed_9210003,200,0.139999995008111,0,0.0,3.9719998836517334,3.9719998836517334,1,simsv-interval-radius-graph-1.1,2.0,7427,298477,4511,4511,0,0.0,4511.0,4511.0,0.0,330.0,330.0,0.0,0.04443247610071361,0.04443247610071361,0.0,1.2147569678201158,1.2147569678201158,0.0,3960.0,3960.0,0.0,0.44782550154840445,0.44782550154840445,0.0
builds/article_s1_p1_main_I_0p15_H_weak_seed_9210003----2026-09-18_02-46-01/simulation_Rawdata___article_s1_p1_main_I_0p15_H_weak_seed_9210003----2026-09-18_02-46-01.h5,article_s1_p1_main_I_0p15_H_weak_seed_9210003,200,0.139999995008111,0,0.025,3.87269988656044,4.071299880743027,1,simsv-interval-radius-graph-1.1,2.0,7427,298477,4435,4590,155,0.03376906318082789,4435.0,4590.0,155.0,328.0,331.0,3.0,0.04416318836676989,0.04456711996768547,0.00040393160091557745,1.194291100040393,1.2360306988016696,0.04173959876127653,3914.0,4004.0,90.0,0.439612225663121,0.45550020196580043,0.015887976302679407
builds/article_s1_p1_main_I_0p15_H_weak_seed_9210003----2026-09-18_02-46-01/simulation_Rawdata___article_s1_p1_main_I_0p15_H_weak_seed_9210003----2026-09-18_02-46-01.h5,article_s1_p1_main_I_0p15_H_weak_seed_9210003,200,0.139999995008111,0,0.05,3.7733998894691467,4.17059987783432,1,simsv-interval-radius-graph-1.1,2.0,7427,298477,4357,4655,298,0.0640171858216971,4357.0,4655.0,298.0,294.0,332.0,38.0,0.03958529688972667,0.04470176383465733,0.005116466944930655,1.173286656792783,1.2535344015080112,0.08024774471522811,3873.0,4045.0,172.0,0.4320721691126969,0.4622323953143934,0.030160226201696505
builds/article_s1_p1_main_I_0p15_H_weak_seed_9210003----2026-09-18_02-46-01/simulation_Rawdata___article_s1_p1_main_I_0p15_H_weak_seed_9210003----2026-09-18_02-46-01.h5,article_s1_p1_main_I_0p15_H_weak_seed_9210003,200,0.139999995008111,0,0.1,3.57479989528656,4.369199872016907,1,simsv-interval-radius-graph-1.1,0.0,7427,273466,2396,3925,1529,0.38955414012738854,2396.0,3925.0,1529.0,194.0,240.0,46.0,0.02612091019254073,0.032314528073246265,0.006193617880705535,0.6452134105291504,1.0569543557290966,0.4117409451999462,4288.0,5250.0,962.0,0.5046452134105291,0.696378079978457,0.19173286656792787
builds/article_s1_p1_main_I_0p15_H_weak_seed_9210003----2026-09-18_02-46-01/simulation_Rawdata___article_s1_p1_main_I_0p15_H_weak_seed_9210003----2026-09-18_02-46-01.h5,article_s1_p1_main_I_0p15_H_weak_seed_9210003,200,0.139999995008111,0,0.1,3.57479989528656,4.369199872016907,1,simsv-interval-radius-graph-1.1,2.0,7427,298477,4208,4832,624,0.1291390728476821,4208.0,4832.0,624.0,290.0,335.0,45.0,0.03904672142183924,0.04510569543557291,0.006058974013733676,1.133162784435169,1.3011983304160495,0.16803554598088044,3776.0,4139.0,363.0,0.4155109734751582,0.48081324895651,0.06530227548135181
builds/article_s1_p1_main_I_0p15_H_weak_seed_9210003----2026-09-18_02-46-01/simulation_Rawdata___article_s1_p1_main_I_0p15_H_weak_seed_9210003----2026-09-18_02-46-01.h5,article_s1_p1_main_I_0p15_H_weak_seed_9210003,200,0.139999995008111,0,0.1,3.57479989528656,4.369199872016907,1,simsv-interval-radius-graph-1.1,4.0,7427,325111,5168,6018,850,0.14124293785310735,5168.0,6018.0,850.0,604.0,812.0,208.0,0.08132489565100309,0.10933081998114987,0.028005924330146773,1.391679009021139,1.6205735828733001,0.22889457385216105,3178.0,3614.0,436.0,0.319913827925138,0.3903325703514205,0.07041874242628249
builds/article_s1_p1_main_I_0p15_H_weak_seed_9210003----2026-09-18_02-46-01/simulation_Rawdata___article_s1_p1_main_I_0p15_H_weak_seed_9210003----2026-09-18_02-46-01.h5,article_s1_p1_main_I_0p15_H_weak_seed_9210003,200,0.139999995008111,0,0.1,3.57479989528656,4.369199872016907,1,simsv-interval-radius-graph-1.1,6.0,7427,353212,6440,7652,1212,0.15838996340825928,6440.0,7652.0,1212.0,1193.0,1338.0,145.0,0.1606301332974283,0.18015349400834793,0.01952336071091962,1.7342130065975494,2.0605897401373365,0.32637673353978713,2461.0,3003.0,542.0,0.22391275077420222,0.2972936582738656,0.07338090749966339
builds/article_s1_p1_main_I_0p15_H_weak_seed_9210003----2026-09-18_02-46-01/simulation_Rawdata___article_s1_p1_main_I_0p15_H_weak_seed_9210003----2026-09-18_02-46-01.h5,article_s1_p1_main_I_0p15_H_weak_seed_9210003,8000,5.59999980032444,1,0.0,3.9719998836517334,3.9719998836517334,1,simsv-interval-radius-graph-1.1,2.0,7427,400019,11242,11242,0,0.0,11242.0,11242.0,0.0,4171.0,4171.0,0.0,0.5615995691396257,0.5615995691396257,0.0,3.0273327049952874,3.0273327049952874,0.0,1694.0,1694.0,0.0,0.20506260939814192,0.20506260939814192,0.0
builds/article_s1_p1_main_I_0p15_H_weak_seed_9210003----2026-09-18_02-46-01/simulation_Rawdata___article_s1_p1_main_I_0p15_H_weak_seed_9210003----2026-09-18_02-46-01.h5,article_s1_p1_main_I_0p15_H_weak_seed_9210003,8000,5.59999980032444,1,0.025,3.87269988656044,4.071299880743027,1,simsv-interval-radius-graph-1.1,2.0,7427,400019,11072,11417,345,0.030218095822019796,11072.0,11417.0,345.0,4164.0,4178.0,14.0,0.5606570620708227,0.5625420762084287,0.0018850141376060003,2.9815537902248552,3.074458058435438,0.09290426821058295,1678.0,1713.0,35.0,0.2027736636596203,0.2084287060724384,0.005655042412818112
builds/article_s1_p1_main_I_0p15_H_weak_seed_9210003----2026-09-18_02-46-01/simulation_Rawdata___article_s1_p1_main_I_0p15_H_weak_seed_9210003----2026-09-18_02-46-01.h5,article_s1_p1_main_I_0p15_H_weak_seed_9210003,8000,5.59999980032444,1,0.05,3.7733998894691467,4.17059987783432,1,simsv-interval-radius-graph-1.1,2.0,7427,400019,10895,11645,750,0.064405324173465,10895.0,11645.0,750.0,4159.0,4185.0,26.0,0.5599838427359634,0.5634845832772317,0.0035007405412683656,2.933889861316817,3.135855661774606,0.2019658004577889,1658.0,1729.0,71.0,0.1991382792513801,0.2111215834118756,0.011983304160495478
builds/article_s1_p1_main_I_0p15_H_weak_seed_9210003----2026-09-18_02-46-01/simulation_Rawdata___article_s1_p1_main_I_0p15_H_weak_seed_9210003----2026-09-18_02-46-01.h5,article_s1_p1_main_I_0p15_H_weak_seed_9210003,8000,5.59999980032444,1,0.1,3.57479989528656,4.369199872016907,1,simsv-interval-radius-graph-1.1,0.0,7427,370889,5474,9590,4116,0.4291970802919708,5474.0,9590.0,4116.0,3578.0,4038.0,460.0,0.48175575602531306,0.5436919348323684,0.061936178807055375,1.4740810556079171,2.5824693685202638,1.1083883129123466,1890.0,2677.0,787.0,0.23481890399892286,0.3576141106772586,0.12279520667833577
builds/article_s1_p1_main_I_0p15_H_weak_seed_9210003----2026-09-18_02-46-01/simulation_Rawdata___article_s1_p1_main_I_0p15_H_weak_seed_9210003----2026-09-18_02-46-01.h5,article_s1_p1_main_I_0p15_H_weak_seed_9210003,8000,5.59999980032444,1,0.1,3.57479989528656,4.369199872016907,1,simsv-interval-radius-graph-1.1,2.0,7427,400019,10513,12040,1527,0.12682724252491695,10513.0,12040.0,1527.0,4116.0,4373.0,257.0,0.5541941564561734,0.5887976302679413,0.03460347381176787,2.8310219469503166,3.242224316682375,0.4112023697320586,1618.0,1766.0,148.0,0.19307930523764644,0.2173152012925811,0.024235896054934675
builds/article_s1_p1_main_I_0p15_H_weak_seed_9210003----2026-09-18_02-46-01/simulation_Rawdata___article_s1_p1_main_I_0p15_H_weak_seed_9210003----2026-09-18_02-46-01.h5,article_s1_p1_main_I_0p15_H_weak_seed_9210003,8000,5.59999980032444,1,0.1,3.57479989528656,4.369199872016907,1,simsv-interval-radius-graph-1.1,4.0,7427,430916,12799,14674,1875,0.1277770205806188,12799.0,14674.0,1875.0,4427.0,4490.0,63.0,0.5960683990844217,0.6045509627036488,0.008482563619227168,3.4466137067456577,3.9515282078901306,0.5049145011444729,1402.0,1556.0,154.0,0.15753332435707554,0.18311565908172883,0.025582334724653294
builds/article_s1_p1_main_I_0p15_H_weak_seed_9210003----2026-09-18_02-46-01/simulation_Rawdata___article_s1_p1_main_I_0p15_H_weak_seed_9210003----2026-09-18_02-46-01.h5,article_s1_p1_main_I_0p15_H_weak_seed_9210003,8000,5.59999980032444,1,0.1,3.57479989528656,4.369199872016907,1,simsv-interval-radius-graph-1.1,6.0,7427,463440,15531,18220,2689,0.14758507135016466,15531.0,18220.0,2689.0,4527.0,4606.0,79.0,0.6095327857816076,0.6201696512723845,0.010636865490776914,4.182307795879898,4.906422512454558,0.7241147165746602,1191.0,1350.0,159.0,0.12656523495354788,0.1506664871415107,0.02410125218796283
builds/article_s1_p1_main_I_0p15_H_weak_seed_9210003----2026-09-18_02-46-01/simulation_Rawdata___article_s1_p1_main_I_0p15_H_weak_seed_9210003----2026-09-18_02-46-01.h5,article_s1_p1_main_I_0p15_H_weak_seed_9210003,16000,11.19999960064888,2,0.0,3.9719998836517334,3.9719998836517334,1,simsv-interval-radius-graph-1.1,2.0,7427,567143,15087,15087,0,0.0,15087.0,15087.0,0.0,5904.0,5904.0,0.0,0.7949373906018581,0.7949373906018581,0.0,4.0627440420088865,4.0627440420088865,0.0,1083.0,1083.0,0.0,0.13693281271038105,0.13693281271038105,0.0
builds/article_s1_p1_main_I_0p15_H_weak_seed_9210003----2026-09-18_02-46-01/simulation_Rawdata___article_s1_p1_main_I_0p15_H_weak_seed_9210003----2026-09-18_02-46-01.h5,article_s1_p1_main_I_0p15_H_weak_seed_9210003,16000,11.19999960064888,2,0.025,3.87269988656044,4.071299880743027,1,simsv-interval-radius-graph-1.1,2.0,7427,567143,14809,15364,555,0.03612340536318667,14809.0,15364.0,555.0,5898.0,5910.0,12.0,0.794129527400027,0.7957452538036892,0.0016157264036622543,3.987882051972533,4.1373367443112965,0.14945469233876363,1072.0,1091.0,19.0,0.13491315470580315,0.13800996364615592,0.0030968089403527743
builds/article_s1_p1_main_I_0p15_H_weak_seed_9210003----2026-09-18_02-46-01/simulation_Rawdata___article_s1_p1_main_I_0p15_H_weak_seed_9210003----2026-09-18_02-46-01.h5,article_s1_p1_main_I_0p15_H_weak_seed_9210003,16000,11.19999960064888,2,0.05,3.7733998894691467,4.17059987783432,1,simsv-interval-radius-graph-1.1,2.0,7427,567143,14562,15645,1083,0.06922339405560882,14562.0,15645.0,1083.0,5891.0,5918.0,27.0,0.7931870203312239,0.7968224047394641,0.003635384408240183,3.921367981688434,4.213006597549482,0.2916386158610478,1059.0,1100.0,41.0,0.1327588528342534,0.13949104618284638,0.006732193348592985
builds/article_s1_p1_main_I_0p15_H_weak_seed_9210003----2026-09-18_02-46-01/simulation_Rawdata___article_s1_p1_main_I_0p15_H_weak_seed_9210003----2026-09-18_02-46-01.h5,article_s1_p1_main_I_0p15_H_weak_seed_9210003,16000,11.19999960064888,2,0.1,3.57479989528656,4.369199872016907,1,simsv-interval-radius-graph-1.1,0.0,7427,528849,6727,12763,6036,0.4729295620152002,6727.0,12763.0,6036.0,5163.0,5800.0,637.0,0.6951662851757102,0.7809344284367847,0.08576814326107451,1.8114985862393969,3.4369193483236837,1.6254207620842869,1207.0,1890.0,683.0,0.15443651541672276,0.2535344015080113,0.09909788609128856
builds/article_s1_p1_main_I_0p15_H_weak_seed_9210003----2026-09-18_02-46-01/simulation_Rawdata___article_s1_p1_main_I_0p15_H_weak_seed_9210003----2026-09-18_02-46-01.h5,article_s1_p1_main_I_0p15_H_weak_seed_9210003,16000,11.19999960064888,2,0.1,3.57479989528656,4.369199872016907,1,simsv-interval-radius-graph-1.1,2.0,7427,567143,14072,16215,2143,0.13216157878507553,14072.0,16215.0,2143.0,5880.0,5933.0,53.0,0.7917059377945335,0.798842062744042,0.007136124949508549,3.7894169920560117,4.366500605897401,0.5770836138413893,1038.0,1112.0,74.0,0.12966204389390062,0.1411067725865087,0.01144472869260807
builds/article_s1_p1_main_I_0p15_H_weak_seed_9210003----2026-09-18_02-46-01/simulation_Rawdata___article_s1_p1_main_I_0p15_H_weak_seed_9210003----2026-09-18_02-46-01.h5,article_s1_p1_main_I_0p15_H_weak_seed_9210003,16000,11.19999960064888,2,0.1,3.57479989528656,4.369199872016907,1,simsv-interval-radius-graph-1.1,4.0,7427,607240,17252,20030,2778,0.13869196205691464,17252.0,20030.0,2778.0,6037.0,6183.0,146.0,0.8128450249091154,0.8325030294870068,0.019658004577891464,4.6457519859970375,5.393833310892689,0.7480813248956517,936.0,1005.0,69.0,0.11390871145819308,0.1250841524168574,0.011175440958664337
builds/article_s1_p1_main_I_0p15_H_weak_seed_9210003----2026-09-18_02-46-01/simulation_Rawdata___article_s1_p1_main_I_0p15_H_weak_seed_9210003----2026-09-18_02-46-01.h5,article_s1_p1_main_I_0p15_H_weak_seed_9210003,16000,11.19999960064888,2,0.1,3.57479989528656,4.369199872016907,1,simsv-interval-radius-graph-1.1,6.0,7427,649203,21366,25531,4165,0.16313501233794211,21366.0,25531.0,4165.0,6214.0,6254.0,40.0,0.8366769893631345,0.8420627440420089,0.005385754678874366,5.753601723441498,6.8751851353170865,1.121583411875589,836.0,899.0,63.0,0.0985593106234011,0.10906153224720613,0.010502221623805028
builds/article_s1_p1_main_I_0p15_H_weak_seed_9210003----2026-09-18_02-46-01/simulation_Rawdata___article_s1_p1_main_I_0p15_H_weak_seed_9210003----2026-09-18_02-46-01.h5,article_s1_p1_main_I_0p15_H_weak_seed_9210003,24000,16.79999940097332,3,0.0,3.9719998836517334,3.9719998836517334,1,simsv-interval-radius-graph-1.1,2.0,7427,867784,19500,19500,0,0.0,19500.0,19500.0,0.0,6694.0,6694.0,0.0,0.901306045509627,0.901306045509627,0.0,5.251110811902518,5.251110811902518,0.0,710.0,710.0,0.0,0.09290426821058301,0.09290426821058301,0.0
builds/article_s1_p1_main_I_0p15_H_weak_seed_9210003----2026-09-18_02-46-01/simulation_Rawdata___article_s1_p1_main_I_0p15_H_weak_seed_9210003----2026-09-18_02-46-01.h5,article_s1_p1_main_I_0p15_H_weak_seed_9210003,24000,16.79999940097332,3,0.025,3.87269988656044,4.071299880743027,1,simsv-interval-radius-graph-1.1,2.0,7427,867784,19120,19878,758,0.038132608914377704,19120.0,19878.0,758.0,6673.0,6705.0,32.0,0.898478524303218,0.9027871280463174,0.004308603743099493,5.148781473003905,5.352901575333243,0.20412010232933842,700.0,719.0,19.0,0.09155782954086442,0.09411606301332974,0.002558233472465324
builds/article_s1_p1_main_I_0p15_H_weak_seed_9210003----2026-09-18_02-46-01/simulation_Rawdata___article_s1_p1_main_I_0p15_H_weak_seed_9210003----2026-09-18_02-46-01.h5,article_s1_p1_main_I_0p15_H_weak_seed_9210003,24000,16.79999940097332,3,0.05,3.7733998894691467,4.17059987783432,1,simsv-interval-radius-graph-1.1,2.0,7427,867784,18747,20249,1502,0.07417650254333548,18747.0,20249.0,1502.0,6668.0,6709.0,41.0,0.8978053049683586,0.9033257035142049,0.0055203985458462945,5.048337148242897,5.452807324626363,0.40447017638346594,694.0,724.0,30.0,0.09048067860508954,0.09478928234818904,0.004308603743099493
builds/article_s1_p1_main_I_0p15_H_weak_seed_9210003----2026-09-18_02-46-01/simulation_Rawdata___article_s1_p1_main_I_0p15_H_weak_seed_9210003----2026-09-18_02-46-01.h5,article_s1_p1_main_I_0p15_H_weak_seed_9210003,24000,16.79999940097332,3,0.1,3.57479989528656,4.369199872016907,1,simsv-interval-radius-graph-1.1,0.0,7427,809422,7962,16223,8261,0.5092153115946496,7962.0,16223.0,8261.0,6024.0,6613.0,589.0,0.8110946546384812,0.8903998922849065,0.07930523764642528,2.1440689376598896,4.368654907768951,2.2245859701090613,781.0,1396.0,615.0,0.10259862663255688,0.18769355055877204,0.08509492392621516
builds/article_s1_p1_main_I_0p15_H_weak_seed_9210003----2026-09-18_02-46-01/simulation_Rawdata___article_s1_p1_main_I_0p15_H_weak_seed_9210003----2026-09-18_02-46-01.h5,article_s1_p1_main_I_0p15_H_weak_seed_9210003,24000,16.79999940097332,3,0.1,3.57479989528656,4.369199872016907,1,simsv-interval-radius-graph-1.1,2.0,7427,867784,18058,21039,2981,0.14168924378535103,18058.0,21039.0,2981.0,6658.0,6717.0,59.0,0.8964588662986401,0.9044028544499798,0.007943988151339676,4.862797899555675,5.665544634441901,0.8027467348862265,683.0,735.0,52.0,0.08873030833445536,0.09640500875185136,0.007674700417395999
builds/article_s1_p1_main_I_0p15_H_weak_seed_9210003----2026-09-18_02-46-01/simulation_Rawdata___article_s1_p1_main_I_0p15_H_weak_seed_9210003----2026-09-18_02-46-01.h5,article_s1_p1_main_I_0p15_H_weak_seed_9210003,24000,16.79999940097332,3,0.1,3.57479989528656,4.369199872016907,1,simsv-interval-radius-graph-1.1,4.0,7427,928329,22560,26529,3969,0.14960986090693204,22560.0,26529.0,3969.0,6729.0,6752.0,23.0,0.9060185808536421,0.9091153897939949,0.003096808940352802,6.075131277770297,7.143934293792918,1.0688030160226205,636.0,667.0,31.0,0.08078632018311566,0.08603743099501818,0.005251110811902521
builds/article_s1_p1_main_I_0p15_H_weak_seed_9210003----2026-09-18_02-46-01/simulation_Rawdata___article_s1_p1_main_I_0p15_H_weak_seed_9210003----2026-09-18_02-46-01.h5,article_s1_p1_main_I_0p15_H_weak_seed_9210003,24000,16.79999940097332,3,0.1,3.57479989528656,4.369199872016907,1,simsv-interval-radius-graph-1.1,6.0,7427,991542,28527,34982,6455,0.184523469212738,28527.0,34982.0,6455.0,6762.0,6786.0,24.0,0.9104618284637135,0.9136932812710381,0.0032314528073246196,7.681971186212468,9.420223508819173,1.738252322606705,592.0,623.0,31.0,0.07365019523360711,0.07863201831156591,0.004981823077958802
builds/article_s1_p1_main_I_0p15_H_weak_seed_9210003----2026-09-18_02-46-01/simulation_Rawdata___article_s1_p1_main_I_0p15_H_weak_seed_9210003----2026-09-18_02-46-01.h5,article_s1_p1_main_I_0p15_H_weak_seed_9210003,32000,22.39999920129776,4,0.0,3.9719998836517334,3.9719998836517334,1,simsv-interval-radius-graph-1.1,2.0,7427,1426917,25193,25193,0,0.0,25193.0,25193.0,0.0,6992.0,6992.0,0.0,0.9414299178672412,0.9414299178672412,0.0,6.7841658812441095,6.7841658812441095,0.0,421.0,421.0,0.0,0.05493469772451865,0.05493469772451865,0.0
builds/article_s1_p1_main_I_0p15_H_weak_seed_9210003----2026-09-18_02-46-01/simulation_Rawdata___article_s1_p1_main_I_0p15_H_weak_seed_9210003----2026-09-18_02-46-01.h5,article_s1_p1_main_I_0p15_H_weak_seed_9210003,32000,22.39999920129776,4,0.025,3.87269988656044,4.071299880743027,1,simsv-interval-radius-graph-1.1,2.0,7427,1426917,24742,25730,988,0.03839875631558492,24742.0,25730.0,988.0,6991.0,6992.0,1.0,0.9412952740002692,0.9414299178672412,0.00013464386697192854,6.662717113235492,6.928773394371887,0.2660562811363949,421.0,423.0,2.0,0.05493469772451865,0.05533862932543423,0.00040393160091557745
builds/article_s1_p1_main_I_0p15_H_weak_seed_9210003----2026-09-18_02-46-01/simulation_Rawdata___article_s1_p1_main_I_0p15_H_weak_seed_9210003----2026-09-18_02-46-01.h5,article_s1_p1_main_I_0p15_H_weak_seed_9210003,32000,22.39999920129776,4,0.05,3.7733998894691467,4.17059987783432,1,simsv-interval-radius-graph-1.1,2.0,7427,1426917,24264,26257,1993,0.07590356857219027,24264.0,26257.0,1993.0,6991.0,6992.0,1.0,0.9412952740002692,0.9414299178672412,0.00013464386697192854,6.533997576410394,7.070688030160226,0.5366904537498316,421.0,423.0,2.0,0.05493469772451865,0.05533862932543423,0.00040393160091557745
builds/article_s1_p1_main_I_0p15_H_weak_seed_9210003----2026-09-18_02-46-01/simulation_Rawdata___article_s1_p1_main_I_0p15_H_weak_seed_9210003----2026-09-18_02-46-01.h5,article_s1_p1_main_I_0p15_H_weak_seed_9210003,32000,22.39999920129776,4,0.1,3.57479989528656,4.369199872016907,1,simsv-interval-radius-graph-1.1,0.0,7427,1321982,9859,21014,11155,0.5308365851337203,9859.0,21014.0,11155.0,6504.0,6968.0,464.0,0.8757237107849738,0.9381984650599166,0.062474754274942756,2.6549077689511242,5.658812441093308,3.0039046721421836,448.0,909.0,461.0,0.05883936986670257,0.12185269960953278,0.0630133297428302
builds/article_s1_p1_main_I_0p15_H_weak_seed_9210003----2026-09-18_02-46-01/simulation_Rawdata___article_s1_p1_main_I_0p15_H_weak_seed_9210003----2026-09-18_02-46-01.h5,article_s1_p1_main_I_0p15_H_weak_seed_9210003,32000,22.39999920129776,4,0.1,3.57479989528656,4.369199872016907,1,simsv-interval-radius-graph-1.1,2.0,7427,1426917,23340,27327,3987,0.14589965967724228,23340.0,27327.0,3987.0,6990.0,6996.0,6.0,0.9411606301332974,0.9419684933351286,0.0008078632018311271,6.285175710246398,7.358825905480005,1.0736501952336068,417.0,425.0,8.0,0.05439612225663121,0.055742560926349806,0.0013464386697185984
builds/article_s1_p1_main_I_0p15_H_weak_seed_9210003----2026-09-18_02-46-01/simulation_Rawdata___article_s1_p1_main_I_0p15_H_weak_seed_9210003----2026-09-18_02-46-01.h5,article_s1_p1_main_I_0p15_H_weak_seed_9210003,32000,22.39999920129776,4,0.1,3.57479989528656,4.369199872016907,1,simsv-interval-radius-graph-1.1,4.0,7427,1535609,29460,35063,5603,0.1597980777457719,29460.0,35063.0,5603.0,7006.0,7016.0,10.0,0.9433149320048472,0.9446613706745658,0.0013464386697186193,7.933216641981958,9.442035815268614,1.508819173286656,396.0,408.0,12.0,0.051433957183250306,0.053318971320856334,0.001885014137606028
builds/article_s1_p1_main_I_0p15_H_weak_seed_9210003----2026-09-18_02-46-01/simulation_Rawdata___article_s1_p1_main_I_0p15_H_weak_seed_9210003----2026-09-18_02-46-01.h5,article_s1_p1_main_I_0p15_H_weak_seed_9210003,32000,22.39999920129776,4,0.1,3.57479989528656,4.369199872016907,1,simsv-interval-radius-graph-1.1,6.0,7427,1648469,38024,47518,9494,0.19979797129508817,38024.0,47518.0,9494.0,7020.0,7028.0,8.0,0.9451999461424532,0.946277097078228,0.0010771509357748732,10.239396795475965,12.796014541537634,2.5566177460616686,379.0,390.0,11.0,0.048741079843813116,0.050491450114447285,0.001750370270634169
builds/article_s1_p1_main_I_0p15_H_weak_seed_9210003----2026-09-18_02-46-01/simulation_Rawdata___article_s1_p1_main_I_0p15_H_weak_seed_9210003----2026-09-18_02-46-01.h5,article_s1_p1_main_I_0p15_H_weak_seed_9210003,40000,27.9999990016222,5,0.0,3.9719998836517334,3.9719998836517334,1,simsv-interval-radius-graph-1.1,2.0,7427,2433804,34464,34464,0,0.0,34464.0,34464.0,0.0,7161.0,7161.0,0.0,0.9641847313854854,0.9641847313854854,0.0,9.280732462636326,9.280732462636326,0.0,254.0,254.0,0.0,0.0328531035411337,0.0328531035411337,0.0
builds/article_s1_p1_main_I_0p15_H_weak_seed_9210003----2026-09-18_02-46-01/simulation_Rawdata___article_s1_p1_main_I_0p15_H_weak_seed_9210003----2026-09-18_02-46-01.h5,article_s1_p1_main_I_0p15_H_weak_seed_9210003,40000,27.9999990016222,5,0.025,3.87269988656044,4.071299880743027,1,simsv-interval-radius-graph-1.1,2.0,7427,2433804,33821,35181,1360,0.03865722975469714,33821.0,35181.0,1360.0,7161.0,7162.0,1.0,0.9641847313854854,0.9643193752524573,0.00013464386697181752,9.107580449710516,9.473811767873974,0.36623131816345733,252.0,254.0,2.0,0.032449171940218124,0.0328531035411337,0.00040393160091557745
builds/article_s1_p1_main_I_0p15_H_weak_seed_9210003----2026-09-18_02-46-01/simulation_Rawdata___article_s1_p1_main_I_0p15_H_weak_seed_9210003----2026-09-18_02-46-01.h5,article_s1_p1_main_I_0p15_H_weak_seed_9210003,40000,27.9999990016222,5,0.05,3.7733998894691467,4.17059987783432,1,simsv-interval-radius-graph-1.1,2.0,7427,2433804,33170,35921,2751,0.07658472759667047,33170.0,35921.0,2751.0,7160.0,7165.0,5.0,0.9640500875185135,0.9647233068533728,0.0006732193348593096,8.932274134913154,9.673084690992326,0.7408105560791718,251.0,255.0,4.0,0.032449171940218124,0.03298774740810556,0.0005385754678874366
builds/article_s1_p1_main_I_0p15_H_weak_seed_9210003----2026-09-18_02-46-01/simulation_Rawdata___article_s1_p1_main_I_0p15_H_weak_seed_9210003----2026-09-18_02-46-01.h5,article_s1_p1_main_I_0p15_H_weak_seed_9210003,40000,27.9999990016222,5,0.1,3.57479989528656,4.369199872016907,1,simsv-interval-radius-graph-1.1,0.0,7427,2245524,11653,28692,17039,0.5938589153771086,11653.0,28692.0,17039.0,6873.0,7150.0,277.0,0.9254072976975899,0.9627036488487949,0.037296351151205,3.138009963646156,7.7264036623131815,4.5883936986670255,268.0,546.0,278.0,0.034872761545711596,0.07284233203177595,0.037969570486064357
builds/article_s1_p1_main_I_0p15_H_weak_seed_9210003----2026-09-18_02-46-01/simulation_Rawdata___article_s1_p1_main_I_0p15_H_weak_seed_9210003----2026-09-18_02-46-01.h5,article_s1_p1_main_I_0p15_H_weak_seed_9210003,40000,27.9999990016222,5,0.1,3.57479989528656,4.369199872016907,1,simsv-interval-radius-graph-1.1,2.0,7427,2433804,31815,37453,5638,0.15053533762315435,31815.0,37453.0,5638.0,7158.0,7166.0,8.0,0.9637807997845698,0.9648579507203446,0.0010771509357748732,8.567389255419416,10.085633499394103,1.5182442439746868,250.0,258.0,8.0,0.032314528073246265,0.03339167900902114,0.0010771509357748732
builds/article_s1_p1_main_I_0p15_H_weak_seed_9210003----2026-09-18_02-46-01/simulation_Rawdata___article_s1_p1_main_I_0p15_H_weak_seed_9210003----2026-09-18_02-46-01.h5,article_s1_p1_main_I_0p15_H_weak_seed_9210003,40000,27.9999990016222,5,0.1,3.57479989528656,4.369199872016907,1,simsv-interval-radius-graph-1.1,4.0,7427,2629775,40619,49404,8785,0.17781960974819852,40619.0,49404.0,8785.0,7168.0,7168.0,0.0,0.9651272384542884,0.9651272384542884,0.0,10.938198465059916,13.303891207755488,2.365692742695572,245.0,247.0,2.0,0.03123737713747139,0.03177595260535883,0.0005385754678874401
builds/article_s1_p1_main_I_0p15_H_weak_seed_9210003----2026-09-18_02-46-01/simulation_Rawdata___article_s1_p1_main_I_0p15_H_weak_seed_9210003----2026-09-18_02-46-01.h5,article_s1_p1_main_I_0p15_H_weak_seed_9210003,40000,27.9999990016222,5,0.1,3.57479989528656,4.369199872016907,1,simsv-interval-radius-graph-1.1,6.0,7427,2833209,54151,70030,15879,0.22674568042267598,54151.0,70030.0,15879.0,7168.0,7173.0,5.0,0.9651272384542884,0.9658004577891477,0.0006732193348593096,14.58220008078632,18.858220008078632,4.276019927292312,235.0,243.0,8.0,0.029487006866837216,0.03083344553655581,0.001346438669718595
builds/article_s1_p1_main_I_0p3_H_reference_seed_9210001----2026-09-18_21-15-53/simulation_Rawdata___article_s1_p1_main_I_0p3_H_reference_seed_9210001----2026-09-18_21-15-53.h5,article_s1_p1_main_I_0p3_H_reference_seed_9210001,200,0.139999995008111,0,0.0,3.9719998836517334,3.9719998836517334,1,simsv-interval-radius-graph-1.1,2.0,7427,317838,4876,4876,0,0.0,4876.0,4876.0,0.0,598.0,598.0,0.0,0.08051703244917194,0.08051703244917194,0.0,1.3130469907095732,1.3130469907095732,0.0,3708.0,3708.0,0.0,0.39585296889726673,0.39585296889726673,0.0
builds/article_s1_p1_main_I_0p3_H_reference_seed_9210001----2026-09-18_21-15-53/simulation_Rawdata___article_s1_p1_main_I_0p3_H_reference_seed_9210001----2026-09-18_21-15-53.h5,article_s1_p1_main_I_0p3_H_reference_seed_9210001,200,0.139999995008111,0,0.025,3.87269988656044,4.071299880743027,1,simsv-interval-radius-graph-1.1,2.0,7427,317838,4796,4948,152,0.030719482619240096,4796.0,4948.0,152.0,598.0,600.0,2.0,0.08051703244917194,0.08078632018311566,0.0002692877339437183,1.2915039719940757,1.332435707553521,0.04093173555944518,3669.0,3757.0,88.0,0.3896593510165612,0.4052780395852969,0.015618688568735717
builds/article_s1_p1_main_I_0p3_H_reference_seed_9210001----2026-09-18_21-15-53/simulation_Rawdata___article_s1_p1_main_I_0p3_H_reference_seed_9210001----2026-09-18_21-15-53.h5,article_s1_p1_main_I_0p3_H_reference_seed_9210001,200,0.139999995008111,0,0.05,3.7733998894691467,4.17059987783432,1,simsv-interval-radius-graph-1.1,2.0,7427,317838,4717,5022,305,0.060732775786539225,4717.0,5022.0,305.0,597.0,600.0,3.0,0.08038238858220008,0.08078632018311566,0.00040393160091557745,1.270230241012522,1.3523629998653561,0.08213275885283422,3636.0,3799.0,163.0,0.3842735963376868,0.4134913154705803,0.029217719132893505
builds/article_s1_p1_main_I_0p3_H_reference_seed_9210001----2026-09-18_21-15-53/simulation_Rawdata___article_s1_p1_main_I_0p3_H_reference_seed_9210001----2026-09-18_21-15-53.h5,article_s1_p1_main_I_0p3_H_reference_seed_9210001,200,0.139999995008111,0,0.1,3.57479989528656,4.369199872016907,1,simsv-interval-radius-graph-1.1,0.0,7427,291553,2440,4252,1812,0.4261523988711195,2440.0,4252.0,1812.0,353.0,578.0,225.0,0.04752928504106638,0.07782415510973476,0.030294870068668378,0.657062070822674,1.1450114447286925,0.48794937390601856,4055.0,5232.0,1177.0,0.4564427090346035,0.6944930658408509,0.23805035680624742
builds/article_s1_p1_main_I_0p3_H_reference_seed_9210001----2026-09-18_21-15-53/simulation_Rawdata___article_s1_p1_main_I_0p3_H_reference_seed_9210001----2026-09-18_21-15-53.h5,article_s1_p1_main_I_0p3_H_reference_seed_9210001,200,0.139999995008111,0,0.1,3.57479989528656,4.369199872016907,1,simsv-interval-radius-graph-1.1,2.0,7427,317838,4581,5180,599,0.11563706563706563,4581.0,5180.0,599.0,593.0,601.0,8.0,0.07984381311431264,0.08092096405008752,0.0010771509357748732,1.2336071091961762,1.3949104618284638,0.16130335263228757,3548.0,3884.0,336.0,0.36811633230106366,0.4288407163053723,0.06072438400430863
builds/article_s1_p1_main_I_0p3_H_reference_seed_9210001----2026-09-18_21-15-53/simulation_Rawdata___article_s1_p1_main_I_0p3_H_reference_seed_9210001----2026-09-18_21-15-53.h5,article_s1_p1_main_I_0p3_H_reference_seed_9210001,200,0.139999995008111,0,0.1,3.57479989528656,4.369199872016907,1,simsv-interval-radius-graph-1.1,4.0,7427,345593,5473,6262,789,0.12599808367933568,5473.0,6262.0,789.0,619.0,632.0,13.0,0.083344553655581,0.08509492392621516,0.001750370270634169,1.4738117678739733,1.6862797899555675,0.2124680220815942,3036.0,3422.0,386.0,0.2896189578564696,0.3504779857277501,0.06085902787128045
builds/article_s1_p1_main_I_0p3_H_reference_seed_9210001----2026-09-18_21-15-53/simulation_Rawdata___article_s1_p1_main_I_0p3_H_reference_seed_9210001----2026-09-18_21-15-53.h5,article_s1_p1_main_I_0p3_H_reference_seed_9210001,200,0.139999995008111,0,0.1,3.57479989528656,4.369199872016907,1,simsv-interval-radius-graph-1.1,6.0,7427,374754,6679,7899,1220,0.15444993037093302,6679.0,7899.0,1220.0,645.0,696.0,51.0,0.08684529419684933,0.09371213141241416,0.0068668372155648305,1.7985727750100984,2.1271038104214353,0.3285310354113369,2405.0,2886.0,481.0,0.21085229567793187,0.27238454288407166,0.061532247206139784
builds/article_s1_p1_main_I_0p3_H_reference_seed_9210001----2026-09-18_21-15-53/simulation_Rawdata___article_s1_p1_main_I_0p3_H_reference_seed_9210001----2026-09-18_21-15-53.h5,article_s1_p1_main_I_0p3_H_reference_seed_9210001,8000,5.59999980032444,1,0.0,3.9719998836517334,3.9719998836517334,1,simsv-interval-radius-graph-1.1,2.0,7427,438517,13896,13896,0,0.0,13896.0,13896.0,0.0,2485.0,2485.0,0.0,0.33459000942507067,0.33459000942507067,0.0,3.7420223508819173,3.7420223508819173,0.0,1419.0,1419.0,0.0,0.16843947758179614,0.16843947758179614,0.0
builds/article_s1_p1_main_I_0p3_H_reference_seed_9210001----2026-09-18_21-15-53/simulation_Rawdata___article_s1_p1_main_I_0p3_H_reference_seed_9210001----2026-09-18_21-15-53.h5,article_s1_p1_main_I_0p3_H_reference_seed_9210001,8000,5.59999980032444,1,0.025,3.87269988656044,4.071299880743027,1,simsv-interval-radius-graph-1.1,2.0,7427,438517,13685,14110,425,0.030120481927710843,13685.0,14110.0,425.0,2482.0,2487.0,5.0,0.3341860778241551,0.3348592971590144,0.0006732193348593096,3.6852026390197925,3.7996499259458734,0.11444728692608086,1409.0,1435.0,26.0,0.16655446344419012,0.17113235492123333,0.004577891477043211
builds/article_s1_p1_main_I_0p3_H_reference_seed_9210001----2026-09-18_21-15-53/simulation_Rawdata___article_s1_p1_main_I_0p3_H_reference_seed_9210001----2026-09-18_21-15-53.h5,article_s1_p1_main_I_0p3_H_reference_seed_9210001,8000,5.59999980032444,1,0.05,3.7733998894691467,4.17059987783432,1,simsv-interval-radius-graph-1.1,2.0,7427,438517,13495,14314,819,0.05721671091239346,13495.0,14314.0,819.0,2480.0,2491.0,11.0,0.3339167900902114,0.33539787262690185,0.0014810825366904368,3.634037969570486,3.854584623670392,0.22054665409990593,1398.0,1452.0,54.0,0.16480409317355593,0.17409451999461426,0.009290426821058323
builds/article_s1_p1_main_I_0p3_H_reference_seed_9210001----2026-09-18_21-15-53/simulation_Rawdata___article_s1_p1_main_I_0p3_H_reference_seed_9210001----2026-09-18_21-15-53.h5,article_s1_p1_main_I_0p3_H_reference_seed_9210001,8000,5.59999980032444,1,0.1,3.57479989528656,4.369199872016907,1,simsv-interval-radius-graph-1.1,0.0,7427,408542,6303,12074,5771,0.47796918999503063,6303.0,12074.0,5771.0,1511.0,2037.0,526.0,0.2034468829944796,0.27426955702167766,0.07082267402719805,1.69732058704726,3.2513800996364615,1.5540595125892014,1527.0,2221.0,694.0,0.1862124680220816,0.2963511512050626,0.110138683182981
builds/article_s1_p1_main_I_0p3_H_reference_seed_9210001----2026-09-18_21-15-53/simulation_Rawdata___article_s1_p1_main_I_0p3_H_reference_seed_9210001----2026-09-18_21-15-53.h5,article_s1_p1_main_I_0p3_H_reference_seed_9210001,8000,5.59999980032444,1,0.1,3.57479989528656,4.369199872016907,1,simsv-interval-radius-graph-1.1,2.0,7427,438517,13082,14734,1652,0.11212162345595222,13082.0,14734.0,1652.0,2477.0,2495.0,18.0,0.3335128584892958,0.3359364480947893,0.0024235896054934924,3.52282213545173,3.9676854719267536,0.44486333647502363,1374.0,1469.0,95.0,0.16022620169651272,0.17746061666891072,0.017234414972398
builds/article_s1_p1_main_I_0p3_H_reference_seed_9210001----2026-09-18_21-15-53/simulation_Rawdata___article_s1_p1_main_I_0p3_H_reference_seed_9210001----2026-09-18_21-15-53.h5,article_s1_p1_main_I_0p3_H_reference_seed_9210001,8000,5.59999980032444,1,0.1,3.57479989528656,4.369199872016907,1,simsv-interval-radius-graph-1.1,4.0,7427,470350,15468,17531,2063,0.11767725742969597,15468.0,17531.0,2063.0,2732.0,2754.0,22.0,0.36784704456712,0.37080920964050085,0.0029621650733808735,4.165342668641443,4.720883263767336,0.5555405951258923,1233.0,1340.0,107.0,0.1393564023158745,0.15618688568735695,0.016830483371482435
builds/article_s1_p1_main_I_0p3_H_reference_seed_9210001----2026-09-18_21-15-53/simulation_Rawdata___article_s1_p1_main_I_0p3_H_reference_seed_9210001----2026-09-18_21-15-53.h5,article_s1_p1_main_I_0p3_H_reference_seed_9210001,8000,5.59999980032444,1,0.1,3.57479989528656,4.369199872016907,1,simsv-interval-radius-graph-1.1,6.0,7427,504025,18541,21933,3392,0.15465280627365158,18541.0,21933.0,3392.0,2759.0,3139.0,380.0,0.37148242897536016,0.42264709842466675,0.05116466944930659,4.9928638750504915,5.906287868587586,0.9134239935370942,1077.0,1196.0,119.0,0.11498586239396795,0.13370135990305643,0.018715497509088477
builds/article_s1_p1_main_I_0p3_H_reference_seed_9210001----2026-09-18_21-15-53/simulation_Rawdata___article_s1_p1_main_I_0p3_H_reference_seed_9210001----2026-09-18_21-15-53.h5,article_s1_p1_main_I_0p3_H_reference_seed_9210001,16000,11.19999960064888,2,0.0,3.9719998836517334,3.9719998836517334,1,simsv-interval-radius-graph-1.1,2.0,7427,666428,19292,19292,0,0.0,19292.0,19292.0,0.0,6297.0,6297.0,0.0,0.8478524303217988,0.8478524303217988,0.0,5.195098963242224,5.195098963242224,0.0,780.0,780.0,0.0,0.09788609128854181,0.09788609128854181,0.0
builds/article_s1_p1_main_I_0p3_H_reference_seed_9210001----2026-09-18_21-15-53/simulation_Rawdata___article_s1_p1_main_I_0p3_H_reference_seed_9210001----2026-09-18_21-15-53.h5,article_s1_p1_main_I_0p3_H_reference_seed_9210001,16000,11.19999960064888,2,0.025,3.87269988656044,4.071299880743027,1,simsv-interval-radius-graph-1.1,2.0,7427,666428,18999,19587,588,0.030019911165569,18999.0,19587.0,588.0,6293.0,6299.0,6.0,0.8473138548539114,0.8481217180557425,0.0008078632018311271,5.1161976571967145,5.274538844755622,0.15834118755890714,774.0,786.0,12.0,0.09667429648579508,0.09882859835734482,0.0021543018715497464
builds/article_s1_p1_main_I_0p3_H_reference_seed_9210001----2026-09-18_21-15-53/simulation_Rawdata___article_s1_p1_main_I_0p3_H_reference_seed_9210001----2026-09-18_21-15-53.h5,article_s1_p1_main_I_0p3_H_reference_seed_9210001,16000,11.19999960064888,2,0.05,3.7733998894691467,4.17059987783432,1,simsv-interval-radius-graph-1.1,2.0,7427,666428,18722,19884,1162,0.05843894588613961,18722.0,19884.0,1162.0,6291.0,6304.0,13.0,0.8470445671199677,0.8487949373906019,0.0017503702706341828,5.0416049548943045,5.354517301736906,0.3129123468426016,770.0,788.0,18.0,0.0962703648848795,0.09909788609128854,0.002827521206409042
builds/article_s1_p1_main_I_0p3_H_reference_seed_9210001----2026-09-18_21-15-53/simulation_Rawdata___article_s1_p1_main_I_0p3_H_reference_seed_9210001----2026-09-18_21-15-53.h5,article_s1_p1_main_I_0p3_H_reference_seed_9210001,16000,11.19999960064888,2,0.1,3.57479989528656,4.369199872016907,1,simsv-interval-radius-graph-1.1,0.0,7427,625675,8050,16610,8560,0.5153521974714028,8050.0,16610.0,8560.0,5785.0,6262.0,477.0,0.7789147704322068,0.8431398949777837,0.06422512454557694,2.167766258246937,4.4728692608051706,2.3051030025582335,825.0,1395.0,570.0,0.10475292850410664,0.18742426282482832,0.08267133432072168
builds/article_s1_p1_main_I_0p3_H_reference_seed_9210001----2026-09-18_21-15-53/simulation_Rawdata___article_s1_p1_main_I_0p3_H_reference_seed_9210001----2026-09-18_21-15-53.h5,article_s1_p1_main_I_0p3_H_reference_seed_9210001,16000,11.19999960064888,2,0.1,3.57479989528656,4.369199872016907,1,simsv-interval-radius-graph-1.1,2.0,7427,666428,18087,20547,2460,0.11972550737333917,18087.0,20547.0,2460.0,6285.0,6347.0,62.0,0.8462367039181365,0.8545846236703918,0.00834791975225524,4.870607243840043,5.533055069341591,0.6624478255015482,759.0,799.0,40.0,0.09451999461424532,0.10098290022889457,0.006462905614649253
builds/article_s1_p1_main_I_0p3_H_reference_seed_9210001----2026-09-18_21-15-53/simulation_Rawdata___article_s1_p1_main_I_0p3_H_reference_seed_9210001----2026-09-18_21-15-53.h5,article_s1_p1_main_I_0p3_H_reference_seed_9210001,16000,11.19999960064888,2,0.1,3.57479989528656,4.369199872016907,1,simsv-interval-radius-graph-1.1,4.0,7427,709001,21751,25258,3507,0.1388470979491646,21751.0,25258.0,3507.0,6351.0,6637.0,286.0,0.8551231991382793,0.8936313450922311,0.0385081459539518,5.857277501009829,6.801669583950451,0.944392082940622,709.0,753.0,44.0,0.08603743099501818,0.09344284367847044,0.007405412683452267
builds/article_s1_p1_main_I_0p3_H_reference_seed_9210001----2026-09-18_21-15-53/simulation_Rawdata___article_s1_p1_main_I_0p3_H_reference_seed_9210001----2026-09-18_21-15-53.h5,article_s1_p1_main_I_0p3_H_reference_seed_9210001,16000,11.19999960064888,2,0.1,3.57479989528656,4.369199872016907,1,simsv-interval-radius-graph-1.1,6.0,7427,753863,26994,32981,5987,0.18152875898244444,26994.0,32981.0,5987.0,6645.0,6679.0,34.0,0.894708496028006,0.8992863875050492,0.004577891477043239,7.269153090076747,8.881378753197792,1.6122256631210448,647.0,696.0,49.0,0.075669853238185,0.08401777299044029,0.008347919752255295
builds/article_s1_p1_main_I_0p3_H_reference_seed_9210001----2026-09-18_21-15-53/simulation_Rawdata___article_s1_p1_main_I_0p3_H_reference_seed_9210001----2026-09-18_21-15-53.h5,article_s1_p1_main_I_0p3_H_reference_seed_9210001,24000,16.79999940097332,3,0.0,3.9719998836517334,3.9719998836517334,1,simsv-interval-radius-graph-1.1,2.0,7427,1051781,24334,24334,0,0.0,24334.0,24334.0,0.0,6916.0,6916.0,0.0,0.9311969839773798,0.9311969839773798,0.0,6.552847717786455,6.552847717786455,0.0,491.0,491.0,0.0,0.06328261747677394,0.06328261747677394,0.0
builds/article_s1_p1_main_I_0p3_H_reference_seed_9210001----2026-09-18_21-15-53/simulation_Rawdata___article_s1_p1_main_I_0p3_H_reference_seed_9210001----2026-09-18_21-15-53.h5,article_s1_p1_main_I_0p3_H_reference_seed_9210001,24000,16.79999940097332,3,0.025,3.87269988656044,4.071299880743027,1,simsv-interval-radius-graph-1.1,2.0,7427,1051781,23957,24708,751,0.03039501376072527,23957.0,24708.0,751.0,6914.0,6918.0,4.0,0.9309276962434361,0.9314662717113236,0.0005385754678874921,6.451326242089673,6.653561330281406,0.20223508819173297,489.0,493.0,4.0,0.06301332974283022,0.06355190521071766,0.0005385754678874366
builds/article_s1_p1_main_I_0p3_H_reference_seed_9210001----2026-09-18_21-15-53/simulation_Rawdata___article_s1_p1_main_I_0p3_H_reference_seed_9210001----2026-09-18_21-15-53.h5,article_s1_p1_main_I_0p3_H_reference_seed_9210001,24000,16.79999940097332,3,0.05,3.7733998894691467,4.17059987783432,1,simsv-interval-radius-graph-1.1,2.0,7427,1051781,23547,25124,1577,0.06276866740964815,23547.0,25124.0,1577.0,6912.0,6920.0,8.0,0.9306584085094924,0.9317355594452673,0.0010771509357748732,6.340918271172748,6.765585027601992,0.4246667564292448,486.0,495.0,9.0,0.06247475427494278,0.06382119294466138,0.0013464386697185984
builds/article_s1_p1_main_I_0p3_H_reference_seed_9210001----2026-09-18_21-15-53/simulation_Rawdata___article_s1_p1_main_I_0p3_H_reference_seed_9210001----2026-09-18_21-15-53.h5,article_s1_p1_main_I_0p3_H_reference_seed_9210001,24000,16.79999940097332,3,0.1,3.57479989528656,4.369199872016907,1,simsv-interval-radius-graph-1.1,0.0,7427,984484,9752,20861,11109,0.5325248070562293,9752.0,20861.0,11109.0,6532.0,6893.0,361.0,0.8794937390601858,0.928100175037027,0.04860643597684122,2.6260939814191464,5.617611417799919,2.991517436380773,515.0,896.0,381.0,0.06651407028409856,0.12050626093981419,0.05399219065571563
builds/article_s1_p1_main_I_0p3_H_reference_seed_9210001----2026-09-18_21-15-53/simulation_Rawdata___article_s1_p1_main_I_0p3_H_reference_seed_9210001----2026-09-18_21-15-53.h5,article_s1_p1_main_I_0p3_H_reference_seed_9210001,24000,16.79999940097332,3,0.1,3.57479989528656,4.369199872016907,1,simsv-interval-radius-graph-1.1,2.0,7427,1051781,22739,25982,3243,0.1248171811253945,22739.0,25982.0,3243.0,6908.0,6922.0,14.0,0.930119833041605,0.932004847179211,0.0018850141376060003,6.123333782146223,6.996633903325703,0.8733001211794802,482.0,499.0,17.0,0.06166689107311162,0.06435976841254881,0.00269287733943719
builds/article_s1_p1_main_I_0p3_H_reference_seed_9210001----2026-09-18_21-15-53/simulation_Rawdata___article_s1_p1_main_I_0p3_H_reference_seed_9210001----2026-09-18_21-15-53.h5,article_s1_p1_main_I_0p3_H_reference_seed_9210001,24000,16.79999940097332,3,0.1,3.57479989528656,4.369199872016907,1,simsv-interval-radius-graph-1.1,4.0,7427,1120901,27631,32458,4827,0.14871526280115843,27631.0,32458.0,4827.0,6928.0,6936.0,8.0,0.9328127103810422,0.9338898613168171,0.0010771509357748732,7.440689376598896,8.740541268345227,1.2998518917463313,461.0,476.0,15.0,0.05803150666487142,0.06085902787128046,0.002827521206409042
builds/article_s1_p1_main_I_0p3_H_reference_seed_9210001----2026-09-18_21-15-53/simulation_Rawdata___article_s1_p1_main_I_0p3_H_reference_seed_9210001----2026-09-18_21-15-53.h5,article_s1_p1_main_I_0p3_H_reference_seed_9210001,24000,16.79999940097332,3,0.1,3.57479989528656,4.369199872016907,1,simsv-interval-radius-graph-1.1,6.0,7427,1192880,35110,43690,8580,0.19638361181048294,35110.0,43690.0,8580.0,6953.0,6962.0,9.0,0.9361788070553386,0.9373906018580853,0.0012117948027466907,9.45469233876397,11.765181096001077,2.310488757237108,428.0,446.0,18.0,0.05264575198599704,0.05628113639423724,0.003635384408240204
builds/article_s1_p1_main_I_0p3_H_reference_seed_9210001----2026-09-18_21-15-53/simulation_Rawdata___article_s1_p1_main_I_0p3_H_reference_seed_9210001----2026-09-18_21-15-53.h5,article_s1_p1_main_I_0p3_H_reference_seed_9210001,32000,22.39999920129776,4,0.0,3.9719998836517334,3.9719998836517334,1,simsv-interval-radius-graph-1.1,2.0,7427,1687984,30139,30139,0,0.0,30139.0,30139.0,0.0,7138.0,7138.0,0.0,0.9610879224451326,0.9610879224451326,0.0,8.116063013329743,8.116063013329743,0.0,284.0,284.0,0.0,0.03729635115120506,0.03729635115120506,0.0
builds/article_s1_p1_main_I_0p3_H_reference_seed_9210001----2026-09-18_21-15-53/simulation_Rawdata___article_s1_p1_main_I_0p3_H_reference_seed_9210001----2026-09-18_21-15-53.h5,article_s1_p1_main_I_0p3_H_reference_seed_9210001,32000,22.39999920129776,4,0.025,3.87269988656044,4.071299880743027,1,simsv-interval-radius-graph-1.1,2.0,7427,1687984,29623,30633,1010,0.032970979009564846,29623.0,30633.0,1010.0,7138.0,7138.0,0.0,0.9610879224451326,0.9610879224451326,0.0,7.977110542614784,8.24909115389794,0.27198061128315576,284.0,284.0,0.0,0.03729635115120506,0.03729635115120506,0.0
builds/article_s1_p1_main_I_0p3_H_reference_seed_9210001----2026-09-18_21-15-53/simulation_Rawdata___article_s1_p1_main_I_0p3_H_reference_seed_9210001----2026-09-18_21-15-53.h5,article_s1_p1_main_I_0p3_H_reference_seed_9210001,32000,22.39999920129776,4,0.05,3.7733998894691467,4.17059987783432,1,simsv-interval-radius-graph-1.1,2.0,7427,1687984,29096,31188,2092,0.06707708092856227,29096.0,31188.0,2092.0,7138.0,7138.0,0.0,0.9610879224451326,0.9610879224451326,0.0,7.835195906826444,8.398545846236704,0.5633499394102603,284.0,284.0,0.0,0.03729635115120506,0.03729635115120506,0.0
builds/article_s1_p1_main_I_0p3_H_reference_seed_9210001----2026-09-18_21-15-53/simulation_Rawdata___article_s1_p1_main_I_0p3_H_reference_seed_9210001----2026-09-18_21-15-53.h5,article_s1_p1_main_I_0p3_H_reference_seed_9210001,32000,22.39999920129776,4,0.1,3.57479989528656,4.369199872016907,1,simsv-interval-radius-graph-1.1,0.0,7427,1568081,11629,25744,14115,0.5482830950901181,11629.0,25744.0,14115.0,6843.0,7132.0,289.0,0.9213679816884341,0.9602800592433015,0.038912077554867364,3.1315470580315066,6.9325434226470986,3.800996364615592,291.0,585.0,294.0,0.03837350208697994,0.07863201831156591,0.04025851622458597
builds/article_s1_p1_main_I_0p3_H_reference_seed_9210001----2026-09-18_21-15-53/simulation_Rawdata___article_s1_p1_main_I_0p3_H_reference_seed_9210001----2026-09-18_21-15-53.h5,article_s1_p1_main_I_0p3_H_reference_seed_9210001,32000,22.39999920129776,4,0.1,3.57479989528656,4.369199872016907,1,simsv-interval-radius-graph-1.1,2.0,7427,1687984,28121,32315,4194,0.1297849295992573,28121.0,32315.0,4194.0,7138.0,7141.0,3.0,0.9610879224451326,0.9614918540460482,0.00040393160091556357,7.572640366231318,8.702033122391276,1.129392756159958,281.0,285.0,4.0,0.03689241955028948,0.03756563888514878,0.0006732193348592957
builds/article_s1_p1_main_I_0p3_H_reference_seed_9210001----2026-09-18_21-15-53/simulation_Rawdata___article_s1_p1_main_I_0p3_H_reference_seed_9210001----2026-09-18_21-15-53.h5,article_s1_p1_main_I_0p3_H_reference_seed_9210001,32000,22.39999920129776,4,0.1,3.57479989528656,4.369199872016907,1,simsv-interval-radius-graph-1.1,4.0,7427,1812342,34653,41038,6385,0.15558750426434037,34653.0,41038.0,6385.0,7141.0,7147.0,6.0,0.9614918540460482,0.9622997172478793,0.0008078632018311271,9.33162784435169,11.051030025582335,1.7194021812306453,274.0,281.0,7.0,0.03581526861451461,0.03689241955028948,0.0010771509357748732
builds/article_s1_p1_main_I_0p3_H_reference_seed_9210001----2026-09-18_21-15-53/simulation_Rawdata___article_s1_p1_main_I_0p3_H_reference_seed_9210001----2026-09-18_21-15-53.h5,article_s1_p1_main_I_0p3_H_reference_seed_9210001,32000,22.39999920129776,4,0.1,3.57479989528656,4.369199872016907,1,simsv-interval-radius-graph-1.1,6.0,7427,1941222,44830,56560,11730,0.2073903818953324,44830.0,56560.0,11730.0,7149.0,7151.0,2.0,0.9625690049818231,0.9628382927157668,0.00026928773394374605,12.072169112696917,15.230914231856739,3.1587451191598213,268.0,270.0,2.0,0.034872761545711596,0.035142049279655314,0.0002692877339437183
builds/article_s1_p1_main_I_0p3_H_reference_seed_9210001----2026-09-18_21-15-53/simulation_Rawdata___article_s1_p1_main_I_0p3_H_reference_seed_9210001----2026-09-18_21-15-53.h5,article_s1_p1_main_I_0p3_H_reference_seed_9210001,40000,27.9999990016222,5,0.0,3.9719998836517334,3.9719998836517334,1,simsv-interval-radius-graph-1.1,2.0,7427,2533324,36622,36622,0,0.0,36622.0,36622.0,0.0,7259.0,7259.0,0.0,0.9773798303487277,0.9773798303487277,0.0,9.861855392486872,9.861855392486872,0.0,169.0,169.0,0.0,0.022620169651272386,0.022620169651272386,0.0
builds/article_s1_p1_main_I_0p3_H_reference_seed_9210001----2026-09-18_21-15-53/simulation_Rawdata___article_s1_p1_main_I_0p3_H_reference_seed_9210001----2026-09-18_21-15-53.h5,article_s1_p1_main_I_0p3_H_reference_seed_9210001,40000,27.9999990016222,5,0.025,3.87269988656044,4.071299880743027,1,simsv-interval-radius-graph-1.1,2.0,7427,2533324,35985,37276,1291,0.034633544371713704,35985.0,37276.0,1291.0,7259.0,7259.0,0.0,0.9773798303487277,0.9773798303487277,0.0,9.690319105964724,10.037969570486064,0.3476504645213403,169.0,169.0,0.0,0.022620169651272386,0.022620169651272386,0.0
builds/article_s1_p1_main_I_0p3_H_reference_seed_9210001----2026-09-18_21-15-53/simulation_Rawdata___article_s1_p1_main_I_0p3_H_reference_seed_9210001----2026-09-18_21-15-53.h5,article_s1_p1_main_I_0p3_H_reference_seed_9210001,40000,27.9999990016222,5,0.05,3.7733998894691467,4.17059987783432,1,simsv-interval-radius-graph-1.1,2.0,7427,2533324,35358,37952,2594,0.06834949409780776,35358.0,37952.0,2594.0,7259.0,7259.0,0.0,0.9773798303487277,0.9773798303487277,0.0,9.521475696782012,10.220008078632018,0.698532381850006,169.0,169.0,0.0,0.022620169651272386,0.022620169651272386,0.0
builds/article_s1_p1_main_I_0p3_H_reference_seed_9210001----2026-09-18_21-15-53/simulation_Rawdata___article_s1_p1_main_I_0p3_H_reference_seed_9210001----2026-09-18_21-15-53.h5,article_s1_p1_main_I_0p3_H_reference_seed_9210001,40000,27.9999990016222,5,0.1,3.57479989528656,4.369199872016907,1,simsv-interval-radius-graph-1.1,0.0,7427,2343177,12889,31239,18350,0.5874067671820481,12889.0,31239.0,18350.0,7060.0,7259.0,199.0,0.9505857008213275,0.9773798303487277,0.026794129527400123,3.4708496028005924,8.412279520667834,4.941429917867241,169.0,365.0,196.0,0.022620169651272386,0.048875723710784975,0.02625555405951259
builds/article_s1_p1_main_I_0p3_H_reference_seed_9210001----2026-09-18_21-15-53/simulation_Rawdata___article_s1_p1_main_I_0p3_H_reference_seed_9210001----2026-09-18_21-15-53.h5,article_s1_p1_main_I_0p3_H_reference_seed_9210001,40000,27.9999990016222,5,0.1,3.57479989528656,4.369199872016907,1,simsv-interval-radius-graph-1.1,2.0,7427,2533324,34201,39354,5153,0.13093967576358184,34201.0,39354.0,5153.0,7259.0,7259.0,0.0,0.9773798303487277,0.9773798303487277,0.0,9.20990978860913,10.597549481621112,1.387639693011982,169.0,169.0,0.0,0.022620169651272386,0.022620169651272386,0.0
builds/article_s1_p1_main_I_0p3_H_reference_seed_9210001----2026-09-18_21-15-53/simulation_Rawdata___article_s1_p1_main_I_0p3_H_reference_seed_9210001----2026-09-18_21-15-53.h5,article_s1_p1_main_I_0p3_H_reference_seed_9210001,40000,27.9999990016222,5,0.1,3.57479989528656,4.369199872016907,1,simsv-interval-radius-graph-1.1,4.0,7427,2731845,42414,51101,8687,0.1699966732549265,42414.0,51101.0,8687.0,7261.0,7262.0,1.0,0.9776491180826713,0.9777837619496432,0.00013464386697192854,11.421569947488893,13.760872492257977,2.339302544769085,166.0,167.0,1.0,0.022216238050356805,0.022350881917328664,0.00013464386697185915
builds/article_s1_p1_main_I_0p3_H_reference_seed_9210001----2026-09-18_21-15-53/simulation_Rawdata___article_s1_p1_main_I_0p3_H_reference_seed_9210001----2026-09-18_21-15-53.h5,article_s1_p1_main_I_0p3_H_reference_seed_9210001,40000,27.9999990016222,5,0.1,3.57479989528656,4.369199872016907,1,simsv-interval-radius-graph-1.1,6.0,7427,2938654,56192,72383,16191,0.22368511943412128,56192.0,72383.0,16191.0,7262.0,7265.0,3.0,0.9777837619496432,0.9781876935505588,0.00040393160091556357,15.13181634576545,19.491854046048203,4.360037700282753,161.0,166.0,5.0,0.02127373098155379,0.022216238050356805,0.000942507068803014
builds/article_s1_p1_main_I_0p3_H_reference_seed_9210003----2026-09-19_19-44-10/simulation_Rawdata___article_s1_p1_main_I_0p3_H_reference_seed_9210003----2026-09-19_19-44-10.h5,article_s1_p1_main_I_0p3_H_reference_seed_9210003,200,0.139999995008111,0,0.0,3.9719998836517334,3.9719998836517334,1,simsv-interval-radius-graph-1.1,2.0,7427,298595,4928,4928,0,0.0,4928.0,4928.0,0.0,328.0,328.0,0.0,0.04416318836676989,0.04416318836676989,0.0,1.3270499528746467,1.3270499528746467,0.0,3730.0,3730.0,0.0,0.40406624478255015,0.40406624478255015,0.0
builds/article_s1_p1_main_I_0p3_H_reference_seed_9210003----2026-09-19_19-44-10/simulation_Rawdata___article_s1_p1_main_I_0p3_H_reference_seed_9210003----2026-09-19_19-44-10.h5,article_s1_p1_main_I_0p3_H_reference_seed_9210003,200,0.139999995008111,0,0.025,3.87269988656044,4.071299880743027,1,simsv-interval-radius-graph-1.1,2.0,7427,298595,4854,5002,148,0.02958816473410636,4854.0,5002.0,148.0,292.0,329.0,37.0,0.039316009155782955,0.04429783223374175,0.0049818230779587955,1.3071226605628115,1.3469772451864817,0.0398545846236702,3694.0,3764.0,70.0,0.39746869530092904,0.40972128719536827,0.012252591894439224
builds/article_s1_p1_main_I_0p3_H_reference_seed_9210003----2026-09-19_19-44-10/simulation_Rawdata___article_s1_p1_main_I_0p3_H_reference_seed_9210003----2026-09-19_19-44-10.h5,article_s1_p1_main_I_0p3_H_reference_seed_9210003,200,0.139999995008111,0,0.05,3.7733998894691467,4.17059987783432,1,simsv-interval-radius-graph-1.1,2.0,7427,298595,4776,5072,296,0.0583596214511041,4776.0,5072.0,296.0,292.0,331.0,39.0,0.039316009155782955,0.04456711996768547,0.005251110811902514,1.2861182173152013,1.365827386562542,0.07970916924734084,3653.0,3800.0,147.0,0.39006328261747675,0.41658812441093307,0.026524841793456322
builds/article_s1_p1_main_I_0p3_H_reference_seed_9210003----2026-09-19_19-44-10/simulation_Rawdata___article_s1_p1_main_I_0p3_H_reference_seed_9210003----2026-09-19_19-44-10.h5,article_s1_p1_main_I_0p3_H_reference_seed_9210003,200,0.139999995008111,0,0.1,3.57479989528656,4.369199872016907,1,simsv-interval-radius-graph-1.1,0.0,7427,273415,2499,4350,1851,0.42551724137931035,2499.0,4350.0,1851.0,198.0,285.0,87.0,0.026659485660428167,0.03837350208697994,0.011714016426551774,0.6729500471253534,1.171401642655177,0.49845159552982354,4027.0,5167.0,1140.0,0.4548269826309412,0.6853372828867645,0.23051030025582336
builds/article_s1_p1_main_I_0p3_H_reference_seed_9210003----2026-09-19_19-44-10/simulation_Rawdata___article_s1_p1_main_I_0p3_H_reference_seed_9210003----2026-09-19_19-44-10.h5,article_s1_p1_main_I_0p3_H_reference_seed_9210003,200,0.139999995008111,0,0.1,3.57479989528656,4.369199872016907,1,simsv-interval-radius-graph-1.1,2.0,7427,298595,4641,5222,581,0.11126005361930295,4641.0,5222.0,581.0,292.0,332.0,40.0,0.039316009155782955,0.04470176383465733,0.005385754678874373,1.2497643732327992,1.4062205466541,0.1564561734213008,3587.0,3881.0,294.0,0.3784839100578969,0.4315335936448095,0.05304968358691259
builds/article_s1_p1_main_I_0p3_H_reference_seed_9210003----2026-09-19_19-44-10/simulation_Rawdata___article_s1_p1_main_I_0p3_H_reference_seed_9210003----2026-09-19_19-44-10.h5,article_s1_p1_main_I_0p3_H_reference_seed_9210003,200,0.139999995008111,0,0.1,3.57479989528656,4.369199872016907,1,simsv-interval-radius-graph-1.1,4.0,7427,325412,5523,6333,810,0.12790146849834202,5523.0,6333.0,810.0,555.0,915.0,360.0,0.07472734616938198,0.12319913827925139,0.048471792109869405,1.4872761545711592,1.7053992190655716,0.21812306449441232,3068.0,3446.0,378.0,0.2981015214756968,0.35721017907634306,0.059108657600646264
builds/article_s1_p1_main_I_0p3_H_reference_seed_9210003----2026-09-19_19-44-10/simulation_Rawdata___article_s1_p1_main_I_0p3_H_reference_seed_9210003----2026-09-19_19-44-10.h5,article_s1_p1_main_I_0p3_H_reference_seed_9210003,200,0.139999995008111,0,0.1,3.57479989528656,4.369199872016907,1,simsv-interval-radius-graph-1.1,6.0,7427,353524,6738,7930,1192,0.15031525851197983,6738.0,7930.0,1192.0,1026.0,1378.0,352.0,0.13814460751312777,0.1855392486872223,0.04739464117409453,1.8144607513127777,2.1354517301736906,0.3209909788609129,2418.0,2915.0,497.0,0.21462232395314393,0.27898209236569277,0.06435976841254884
builds/article_s1_p1_main_I_0p3_H_reference_seed_9210003----2026-09-19_19-44-10/simulation_Rawdata___article_s1_p1_main_I_0p3_H_reference_seed_9210003----2026-09-19_19-44-10.h5,article_s1_p1_main_I_0p3_H_reference_seed_9210003,8000,5.59999980032444,1,0.0,3.9719998836517334,3.9719998836517334,1,simsv-interval-radius-graph-1.1,2.0,7427,416541,14230,14230,0,0.0,14230.0,14230.0,0.0,4709.0,4709.0,0.0,0.6340379695704861,0.6340379695704861,0.0,3.8319644540191193,3.8319644540191193,0.0,1332.0,1332.0,0.0,0.15457115928369464,0.15457115928369464,0.0
builds/article_s1_p1_main_I_0p3_H_reference_seed_9210003----2026-09-19_19-44-10/simulation_Rawdata___article_s1_p1_main_I_0p3_H_reference_seed_9210003----2026-09-19_19-44-10.h5,article_s1_p1_main_I_0p3_H_reference_seed_9210003,8000,5.59999980032444,1,0.025,3.87269988656044,4.071299880743027,1,simsv-interval-radius-graph-1.1,2.0,7427,416541,14036,14441,405,0.028045149227892804,14036.0,14441.0,405.0,4706.0,4711.0,5.0,0.6336340379695705,0.6343072573044298,0.0006732193348593096,3.779722633634038,3.888784165881244,0.10906153224720594,1320.0,1340.0,20.0,0.1524168574121449,0.15605224182038507,0.003635384408240183
builds/article_s1_p1_main_I_0p3_H_reference_seed_9210003----2026-09-19_19-44-10/simulation_Rawdata___article_s1_p1_main_I_0p3_H_reference_seed_9210003----2026-09-19_19-44-10.h5,article_s1_p1_main_I_0p3_H_reference_seed_9210003,8000,5.59999980032444,1,0.05,3.7733998894691467,4.17059987783432,1,simsv-interval-radius-graph-1.1,2.0,7427,416541,13841,14640,799,0.054576502732240434,13841.0,14640.0,799.0,4701.0,4713.0,12.0,0.6329608186347112,0.6345765450383735,0.0016157264036622543,3.727211525515013,3.9423724249360443,0.21516089942103145,1310.0,1350.0,40.0,0.15053184327453883,0.1579372559579911,0.007405412683452267
builds/article_s1_p1_main_I_0p3_H_reference_seed_9210003----2026-09-19_19-44-10/simulation_Rawdata___article_s1_p1_main_I_0p3_H_reference_seed_9210003----2026-09-19_19-44-10.h5,article_s1_p1_main_I_0p3_H_reference_seed_9210003,8000,5.59999980032444,1,0.1,3.57479989528656,4.369199872016907,1,simsv-interval-radius-graph-1.1,0.0,7427,388021,6458,12443,5985,0.48099332958289803,6458.0,12443.0,5985.0,4235.0,4615.0,380.0,0.5702167766258247,0.6213814460751312,0.05116466944930653,1.7390601858085364,3.350747273461694,1.6116870876531575,1434.0,2145.0,711.0,0.1712669987882052,0.286387505049145,0.11512050626093981
builds/article_s1_p1_main_I_0p3_H_reference_seed_9210003----2026-09-19_19-44-10/simulation_Rawdata___article_s1_p1_main_I_0p3_H_reference_seed_9210003----2026-09-19_19-44-10.h5,article_s1_p1_main_I_0p3_H_reference_seed_9210003,8000,5.59999980032444,1,0.1,3.57479989528656,4.369199872016907,1,simsv-interval-radius-graph-1.1,2.0,7427,416541,13444,15094,1650,0.1093149595865907,13444.0,15094.0,1650.0,4693.0,4721.0,28.0,0.6318836676989363,0.6356536959741483,0.0037700282752120007,3.6203042951393565,4.064629056146493,0.44432476100713636,1290.0,1370.0,80.0,0.14716574660024237,0.1613033526322876,0.014137606032045225
builds/article_s1_p1_main_I_0p3_H_reference_seed_9210003----2026-09-19_19-44-10/simulation_Rawdata___article_s1_p1_main_I_0p3_H_reference_seed_9210003----2026-09-19_19-44-10.h5,article_s1_p1_main_I_0p3_H_reference_seed_9210003,8000,5.59999980032444,1,0.1,3.57479989528656,4.369199872016907,1,simsv-interval-radius-graph-1.1,4.0,7427,446544,15869,18068,2199,0.12170688510073058,15869.0,18068.0,2199.0,4788.0,5103.0,315.0,0.644674835061263,0.6870876531573987,0.04241281809613573,4.273327049952875,4.865490776895112,0.5921637269422373,1171.0,1261.0,90.0,0.1277770297562946,0.14285714285714285,0.015080113100848253
builds/article_s1_p1_main_I_0p3_H_reference_seed_9210003----2026-09-19_19-44-10/simulation_Rawdata___article_s1_p1_main_I_0p3_H_reference_seed_9210003----2026-09-19_19-44-10.h5,article_s1_p1_main_I_0p3_H_reference_seed_9210003,8000,5.59999980032444,1,0.1,3.57479989528656,4.369199872016907,1,simsv-interval-radius-graph-1.1,6.0,7427,478169,19154,22655,3501,0.15453542264400794,19154.0,22655.0,3501.0,5160.0,5200.0,40.0,0.6947623535747947,0.700148108253669,0.005385754678874366,5.157937255957991,6.100713612494951,0.9427763565369593,1040.0,1133.0,93.0,0.10798438131143126,0.12239127507742022,0.014406893765988957
builds/article_s1_p1_main_I_0p3_H_reference_seed_9210003----2026-09-19_19-44-10/simulation_Rawdata___article_s1_p1_main_I_0p3_H_reference_seed_9210003----2026-09-19_19-44-10.h5,article_s1_p1_main_I_0p3_H_reference_seed_9210003,16000,11.19999960064888,2,0.0,3.9719998836517334,3.9719998836517334,1,simsv-interval-radius-graph-1.1,2.0,7427,602231,18703,18703,0,0.0,18703.0,18703.0,0.0,6030.0,6030.0,0.0,0.8119025178403124,0.8119025178403124,0.0,5.036488487949374,5.036488487949374,0.0,746.0,746.0,0.0,0.09384677527938602,0.09384677527938602,0.0
builds/article_s1_p1_main_I_0p3_H_reference_seed_9210003----2026-09-19_19-44-10/simulation_Rawdata___article_s1_p1_main_I_0p3_H_reference_seed_9210003----2026-09-19_19-44-10.h5,article_s1_p1_main_I_0p3_H_reference_seed_9210003,16000,11.19999960064888,2,0.025,3.87269988656044,4.071299880743027,1,simsv-interval-radius-graph-1.1,2.0,7427,602231,18432,18984,552,0.029077117572692796,18432.0,18984.0,552.0,6027.0,6033.0,6.0,0.8114985862393967,0.812306449441228,0.0008078632018312382,4.963511512050626,5.112158341187559,0.14864682913693272,739.0,754.0,15.0,0.09250033660966743,0.09519321394910461,0.002692877339437183
builds/article_s1_p1_main_I_0p3_H_reference_seed_9210003----2026-09-19_19-44-10/simulation_Rawdata___article_s1_p1_main_I_0p3_H_reference_seed_9210003----2026-09-19_19-44-10.h5,article_s1_p1_main_I_0p3_H_reference_seed_9210003,16000,11.19999960064888,2,0.05,3.7733998894691467,4.17059987783432,1,simsv-interval-radius-graph-1.1,2.0,7427,602231,18171,19277,1106,0.0573740727291591,18171.0,19277.0,1106.0,6024.0,6033.0,9.0,0.8110946546384812,0.812306449441228,0.0012117948027468017,4.893227413491315,5.191059647233068,0.2978322337417527,734.0,758.0,24.0,0.09142318567389256,0.09586643328396391,0.004443247610071352
builds/article_s1_p1_main_I_0p3_H_reference_seed_9210003----2026-09-19_19-44-10/simulation_Rawdata___article_s1_p1_main_I_0p3_H_reference_seed_9210003----2026-09-19_19-44-10.h5,article_s1_p1_main_I_0p3_H_reference_seed_9210003,16000,11.19999960064888,2,0.1,3.57479989528656,4.369199872016907,1,simsv-interval-radius-graph-1.1,0.0,7427,565011,7840,16137,8297,0.514160004957551,7840.0,16137.0,8297.0,5510.0,5985.0,475.0,0.7418877070149454,0.8058435438265787,0.0639558368116333,2.111215834118756,4.345496162649791,2.2342803285310353,807.0,1409.0,602.0,0.10300255823347247,0.18863605762757507,0.0856334993941026
builds/article_s1_p1_main_I_0p3_H_reference_seed_9210003----2026-09-19_19-44-10/simulation_Rawdata___article_s1_p1_main_I_0p3_H_reference_seed_9210003----2026-09-19_19-44-10.h5,article_s1_p1_main_I_0p3_H_reference_seed_9210003,16000,11.19999960064888,2,0.1,3.57479989528656,4.369199872016907,1,simsv-interval-radius-graph-1.1,2.0,7427,602231,17570,19880,2310,0.11619718309859155,17570.0,19880.0,2310.0,6017.0,6039.0,22.0,0.8101521475696782,0.8131143126430591,0.0029621650733808735,4.73138548539114,5.353440150801131,0.6220546654099905,719.0,770.0,51.0,0.08886495220142722,0.09788609128854181,0.00902113908711459
builds/article_s1_p1_main_I_0p3_H_reference_seed_9210003----2026-09-19_19-44-10/simulation_Rawdata___article_s1_p1_main_I_0p3_H_reference_seed_9210003----2026-09-19_19-44-10.h5,article_s1_p1_main_I_0p3_H_reference_seed_9210003,16000,11.19999960064888,2,0.1,3.57479989528656,4.369199872016907,1,simsv-interval-radius-graph-1.1,4.0,7427,640881,21041,24368,3327,0.13653151674326985,21041.0,24368.0,3327.0,6049.0,6067.0,18.0,0.8144607513127777,0.8168843409182712,0.0024235896054934924,5.666083209909789,6.562003500740541,0.8959202908307526,671.0,703.0,32.0,0.08172882725191867,0.0863067187289619,0.004577891477043225
builds/article_s1_p1_main_I_0p3_H_reference_seed_9210003----2026-09-19_19-44-10/simulation_Rawdata___article_s1_p1_main_I_0p3_H_reference_seed_9210003----2026-09-19_19-44-10.h5,article_s1_p1_main_I_0p3_H_reference_seed_9210003,16000,11.19999960064888,2,0.1,3.57479989528656,4.369199872016907,1,simsv-interval-radius-graph-1.1,6.0,7427,681402,26008,31781,5773,0.18164941317139172,26008.0,31781.0,5773.0,6123.0,6164.0,41.0,0.8244243974686953,0.8299447960145415,0.0055203985458461835,7.00363538440824,8.558233472465329,1.5545980880570882,619.0,659.0,40.0,0.07365019523360711,0.07984381311431264,0.006193617880705535
builds/article_s1_p1_main_I_0p3_H_reference_seed_9210003----2026-09-19_19-44-10/simulation_Rawdata___article_s1_p1_main_I_0p3_H_reference_seed_9210003----2026-09-19_19-44-10.h5,article_s1_p1_main_I_0p3_H_reference_seed_9210003,24000,16.79999940097332,3,0.0,3.9719998836517334,3.9719998836517334,1,simsv-interval-radius-graph-1.1,2.0,7427,903106,22927,22927,0,0.0,22927.0,22927.0,0.0,6917.0,6917.0,0.0,0.9313316278443516,0.9313316278443516,0.0,6.173959876127642,6.173959876127642,0.0,491.0,491.0,0.0,0.06355190521071766,0.06355190521071766,0.0
builds/article_s1_p1_main_I_0p3_H_reference_seed_9210003----2026-09-19_19-44-10/simulation_Rawdata___article_s1_p1_main_I_0p3_H_reference_seed_9210003----2026-09-19_19-44-10.h5,article_s1_p1_main_I_0p3_H_reference_seed_9210003,24000,16.79999940097332,3,0.025,3.87269988656044,4.071299880743027,1,simsv-interval-radius-graph-1.1,2.0,7427,903106,22589,23289,700,0.03005710850616171,22589.0,23289.0,700.0,6914.0,6917.0,3.0,0.9309276962434361,0.9313316278443516,0.00040393160091556357,6.082940622054665,6.2714420358152685,0.18850141376060314,490.0,495.0,5.0,0.06328261747677394,0.06422512454557695,0.000942507068803014
builds/article_s1_p1_main_I_0p3_H_reference_seed_9210003----2026-09-19_19-44-10/simulation_Rawdata___article_s1_p1_main_I_0p3_H_reference_seed_9210003----2026-09-19_19-44-10.h5,article_s1_p1_main_I_0p3_H_reference_seed_9210003,24000,16.79999940097332,3,0.05,3.7733998894691467,4.17059987783432,1,simsv-interval-radius-graph-1.1,2.0,7427,903106,22208,23656,1448,0.061210686506594524,22208.0,23656.0,1448.0,6913.0,6917.0,4.0,0.9307930523764643,0.9313316278443516,0.0005385754678873811,5.980341995422108,6.370270634172614,0.3899286387505052,490.0,497.0,7.0,0.06328261747677394,0.06462905614649253,0.0013464386697185915
builds/article_s1_p1_main_I_0p3_H_reference_seed_9210003----2026-09-19_19-44-10/simulation_Rawdata___article_s1_p1_main_I_0p3_H_reference_seed_9210003----2026-09-19_19-44-10.h5,article_s1_p1_main_I_0p3_H_reference_seed_9210003,24000,16.79999940097332,3,0.1,3.57479989528656,4.369199872016907,1,simsv-interval-radius-graph-1.1,0.0,7427,844445,9366,19701,10335,0.5245926602710522,9366.0,19701.0,10335.0,6449.0,6882.0,433.0,0.8683182981015215,0.9266190925003366,0.05830079439881508,2.522148916116871,5.305237646425205,2.783088730308334,530.0,979.0,449.0,0.0693415914905076,0.13168170189847853,0.062340110407970925
builds/article_s1_p1_main_I_0p3_H_reference_seed_9210003----2026-09-19_19-44-10/simulation_Rawdata___article_s1_p1_main_I_0p3_H_reference_seed_9210003----2026-09-19_19-44-10.h5,article_s1_p1_main_I_0p3_H_reference_seed_9210003,24000,16.79999940097332,3,0.1,3.57479989528656,4.369199872016907,1,simsv-interval-radius-graph-1.1,2.0,7427,903106,21464,24426,2962,0.12126422664374027,21464.0,24426.0,2962.0,6907.0,6927.0,20.0,0.9299851891746331,0.9326780665140703,0.0026928773394371275,5.779991921367982,6.577622189309277,0.7976302679412948,480.0,504.0,24.0,0.06193617880705534,0.0657062070822674,0.003770028275212063
builds/article_s1_p1_main_I_0p3_H_reference_seed_9210003----2026-09-19_19-44-10/simulation_Rawdata___article_s1_p1_main_I_0p3_H_reference_seed_9210003----2026-09-19_19-44-10.h5,article_s1_p1_main_I_0p3_H_reference_seed_9210003,24000,16.79999940097332,3,0.1,3.57479989528656,4.369199872016907,1,simsv-interval-radius-graph-1.1,4.0,7427,963523,25925,30114,4189,0.13910473533904497,25925.0,30114.0,4189.0,6935.0,6949.0,14.0,0.9337552174498451,0.9356402315874512,0.0018850141376061114,6.981284502490912,8.10933081998115,1.128046317490238,451.0,471.0,20.0,0.05722364346304026,0.06058974013733674,0.0033660966742964857
builds/article_s1_p1_main_I_0p3_H_reference_seed_9210003----2026-09-19_19-44-10/simulation_Rawdata___article_s1_p1_main_I_0p3_H_reference_seed_9210003----2026-09-19_19-44-10.h5,article_s1_p1_main_I_0p3_H_reference_seed_9210003,24000,16.79999940097332,3,0.1,3.57479989528656,4.369199872016907,1,simsv-interval-radius-graph-1.1,6.0,7427,1026525,32461,40349,7888,0.1954943121266946,32461.0,40349.0,7888.0,6955.0,6971.0,16.0,0.9364480947892824,0.9386023966608321,0.0021543018715497464,8.741349131547057,10.865490776895113,2.1241416453480557,420.0,442.0,22.0,0.05197253265113774,0.05560791705937795,0.003635384408240204
builds/article_s1_p1_main_I_0p3_H_reference_seed_9210003----2026-09-19_19-44-10/simulation_Rawdata___article_s1_p1_main_I_0p3_H_reference_seed_9210003----2026-09-19_19-44-10.h5,article_s1_p1_main_I_0p3_H_reference_seed_9210003,32000,22.39999920129776,4,0.0,3.9719998836517334,3.9719998836517334,1,simsv-interval-radius-graph-1.1,2.0,7427,1547696,29178,29178,0,0.0,29178.0,29178.0,0.0,7140.0,7140.0,0.0,0.9613572101790764,0.9613572101790764,0.0,7.857277501009829,7.857277501009829,0.0,283.0,283.0,0.0,0.03743099501817692,0.03743099501817692,0.0
builds/article_s1_p1_main_I_0p3_H_reference_seed_9210003----2026-09-19_19-44-10/simulation_Rawdata___article_s1_p1_main_I_0p3_H_reference_seed_9210003----2026-09-19_19-44-10.h5,article_s1_p1_main_I_0p3_H_reference_seed_9210003,32000,22.39999920129776,4,0.025,3.87269988656044,4.071299880743027,1,simsv-interval-radius-graph-1.1,2.0,7427,1547696,28702,29665,963,0.03246249789314006,28702.0,29665.0,963.0,7140.0,7140.0,0.0,0.9613572101790764,0.9613572101790764,0.0,7.729096539652619,7.98842062744042,0.25932408778780136,282.0,283.0,1.0,0.03729635115120506,0.03743099501817692,0.00013464386697185915
builds/article_s1_p1_main_I_0p3_H_reference_seed_9210003----2026-09-19_19-44-10/simulation_Rawdata___article_s1_p1_main_I_0p3_H_reference_seed_9210003----2026-09-19_19-44-10.h5,article_s1_p1_main_I_0p3_H_reference_seed_9210003,32000,22.39999920129776,4,0.05,3.7733998894691467,4.17059987783432,1,simsv-interval-radius-graph-1.1,2.0,7427,1547696,28196,30098,1902,0.06319356767891554,28196.0,30098.0,1902.0,7140.0,7141.0,1.0,0.9613572101790764,0.9614918540460482,0.00013464386697181752,7.592836946277097,8.10502221623805,0.5121852699609528,281.0,283.0,2.0,0.0371617072842332,0.03743099501817692,0.0002692877339437183
builds/article_s1_p1_main_I_0p3_H_reference_seed_9210003----2026-09-19_19-44-10/simulation_Rawdata___article_s1_p1_main_I_0p3_H_reference_seed_9210003----2026-09-19_19-44-10.h5,article_s1_p1_main_I_0p3_H_reference_seed_9210003,32000,22.39999920129776,4,0.1,3.57479989528656,4.369199872016907,1,simsv-interval-radius-graph-1.1,0.0,7427,1434355,11384,24983,13599,0.5443301444982588,11384.0,24983.0,13599.0,6799.0,7133.0,334.0,0.9154436515416723,0.9604147031102733,0.04497105156860104,3.0655715632152956,6.727615457115928,3.662043893900633,290.0,626.0,336.0,0.03837350208697994,0.08401777299044029,0.04564427090346035
builds/article_s1_p1_main_I_0p3_H_reference_seed_9210003----2026-09-19_19-44-10/simulation_Rawdata___article_s1_p1_main_I_0p3_H_reference_seed_9210003----2026-09-19_19-44-10.h5,article_s1_p1_main_I_0p3_H_reference_seed_9210003,32000,22.39999920129776,4,0.1,3.57479989528656,4.369199872016907,1,simsv-interval-radius-graph-1.1,2.0,7427,1547696,27242,31151,3909,0.12548553818497,27242.0,31151.0,3909.0,7140.0,7142.0,2.0,0.9613572101790764,0.96162649791302,0.00026928773394363503,7.335936448094789,8.388582200080787,1.052645751985998,279.0,283.0,4.0,0.036757775683317624,0.03743099501817692,0.0006732193348592957
builds/article_s1_p1_main_I_0p3_H_reference_seed_9210003----2026-09-19_19-44-10/simulation_Rawdata___article_s1_p1_main_I_0p3_H_reference_seed_9210003----2026-09-19_19-44-10.h5,article_s1_p1_main_I_0p3_H_reference_seed_9210003,32000,22.39999920129776,4,0.1,3.57479989528656,4.369199872016907,1,simsv-interval-radius-graph-1.1,4.0,7427,1666238,33344,39413,6069,0.15398472585187628,33344.0,39413.0,6069.0,7144.0,7147.0,3.0,0.9618957856469638,0.9622997172478793,0.00040393160091556357,8.979130200619363,10.613437457923792,1.63430725730443,272.0,277.0,5.0,0.03554598088057089,0.036488487949373906,0.000942507068803014
builds/article_s1_p1_main_I_0p3_H_reference_seed_9210003----2026-09-19_19-44-10/simulation_Rawdata___article_s1_p1_main_I_0p3_H_reference_seed_9210003----2026-09-19_19-44-10.h5,article_s1_p1_main_I_0p3_H_reference_seed_9210003,32000,22.39999920129776,4,0.1,3.57479989528656,4.369199872016907,1,simsv-interval-radius-graph-1.1,6.0,7427,1789338,42852,54072,11220,0.20750110963160232,42852.0,54072.0,11220.0,7150.0,7157.0,7.0,0.9627036488487949,0.963646155917598,0.0009425070688030557,11.53951797495624,14.560926349804767,3.0214083748485265,257.0,268.0,11.0,0.0328531035411337,0.034872761545711596,0.002019658004577894
builds/article_s1_p1_main_I_0p3_H_reference_seed_9210003----2026-09-19_19-44-10/simulation_Rawdata___article_s1_p1_main_I_0p3_H_reference_seed_9210003----2026-09-19_19-44-10.h5,article_s1_p1_main_I_0p3_H_reference_seed_9210003,40000,27.9999990016222,5,0.0,3.9719998836517334,3.9719998836517334,1,simsv-interval-radius-graph-1.1,2.0,7427,2392027,36736,36736,0,0.0,36736.0,36736.0,0.0,7270.0,7270.0,0.0,0.9788609128854181,0.9788609128854181,0.0,9.892554194156457,9.892554194156457,0.0,155.0,155.0,0.0,0.020465867779722632,0.020465867779722632,0.0
builds/article_s1_p1_main_I_0p3_H_reference_seed_9210003----2026-09-19_19-44-10/simulation_Rawdata___article_s1_p1_main_I_0p3_H_reference_seed_9210003----2026-09-19_19-44-10.h5,article_s1_p1_main_I_0p3_H_reference_seed_9210003,40000,27.9999990016222,5,0.025,3.87269988656044,4.071299880743027,1,simsv-interval-radius-graph-1.1,2.0,7427,2392027,36112,37354,1242,0.033249451196658994,36112.0,37354.0,1242.0,7270.0,7270.0,0.0,0.9788609128854181,0.9788609128854181,0.0,9.724518648175575,10.058974013733675,0.3344553655580995,155.0,155.0,0.0,0.020465867779722632,0.020465867779722632,0.0
builds/article_s1_p1_main_I_0p3_H_reference_seed_9210003----2026-09-19_19-44-10/simulation_Rawdata___article_s1_p1_main_I_0p3_H_reference_seed_9210003----2026-09-19_19-44-10.h5,article_s1_p1_main_I_0p3_H_reference_seed_9210003,40000,27.9999990016222,5,0.05,3.7733998894691467,4.17059987783432,1,simsv-interval-radius-graph-1.1,2.0,7427,2392027,35438,38029,2591,0.06813221488863762,35438.0,38029.0,2591.0,7270.0,7270.0,0.0,0.9788609128854181,0.9788609128854181,0.0,9.543018715497508,10.240743234145684,0.697724518648176,155.0,155.0,0.0,0.020465867779722632,0.020465867779722632,0.0
builds/article_s1_p1_main_I_0p3_H_reference_seed_9210003----2026-09-19_19-44-10/simulation_Rawdata___article_s1_p1_main_I_0p3_H_reference_seed_9210003----2026-09-19_19-44-10.h5,article_s1_p1_main_I_0p3_H_reference_seed_9210003,40000,27.9999990016222,5,0.1,3.57479989528656,4.369199872016907,1,simsv-interval-radius-graph-1.1,0.0,7427,2209346,12943,31165,18222,0.5846943686828172,12943.0,31165.0,18222.0,7083.0,7269.0,186.0,0.9536825097616803,0.9787262690184462,0.02504375925676583,3.485391140433553,8.392352228355998,4.906961087922445,157.0,344.0,187.0,0.020735155513666354,0.046048202504375926,0.025313046990709572
builds/article_s1_p1_main_I_0p3_H_reference_seed_9210003----2026-09-19_19-44-10/simulation_Rawdata___article_s1_p1_main_I_0p3_H_reference_seed_9210003----2026-09-19_19-44-10.h5,article_s1_p1_main_I_0p3_H_reference_seed_9210003,40000,27.9999990016222,5,0.1,3.57479989528656,4.369199872016907,1,simsv-interval-radius-graph-1.1,2.0,7427,2392027,34140,39425,5285,0.13405199746353835,34140.0,39425.0,5285.0,7270.0,7270.0,0.0,0.9788609128854181,0.9788609128854181,0.0,9.193483236838562,10.616668910731116,1.4231856738925543,155.0,155.0,0.0,0.020465867779722632,0.020465867779722632,0.0
builds/article_s1_p1_main_I_0p3_H_reference_seed_9210003----2026-09-19_19-44-10/simulation_Rawdata___article_s1_p1_main_I_0p3_H_reference_seed_9210003----2026-09-19_19-44-10.h5,article_s1_p1_main_I_0p3_H_reference_seed_9210003,40000,27.9999990016222,5,0.1,3.57479989528656,4.369199872016907,1,simsv-interval-radius-graph-1.1,4.0,7427,2581931,42466,51315,8849,0.1724447042775017,42466.0,51315.0,8849.0,7275.0,7275.0,0.0,0.9795341322202774,0.9795341322202774,0.0,11.435572909653965,13.818500067321933,2.382927157667968,151.0,151.0,0.0,0.019927292311835196,0.019927292311835196,0.0
builds/article_s1_p1_main_I_0p3_H_reference_seed_9210003----2026-09-19_19-44-10/simulation_Rawdata___article_s1_p1_main_I_0p3_H_reference_seed_9210003----2026-09-19_19-44-10.h5,article_s1_p1_main_I_0p3_H_reference_seed_9210003,40000,27.9999990016222,5,0.1,3.57479989528656,4.369199872016907,1,simsv-interval-radius-graph-1.1,6.0,7427,2779718,56453,72546,16093,0.2218316654260745,56453.0,72546.0,16093.0,7275.0,7277.0,2.0,0.9795341322202774,0.979803419954221,0.00026928773394363503,15.202100444324762,19.535747946681028,4.333647502356266,148.0,151.0,3.0,0.01938871684394776,0.019927292311835196,0.0005385754678874366
builds/article_s1_p1_main_I_0p3_H_weak_seed_9210003----2026-09-20_17-47-30/simulation_Rawdata___article_s1_p1_main_I_0p3_H_weak_seed_9210003----2026-09-20_17-47-30.h5,article_s1_p1_main_I_0p3_H_weak_seed_9210003,200,0.139999995008111,0,0.0,3.9719998836517334,3.9719998836517334,1,simsv-interval-radius-graph-1.1,2.0,7427,298409,4538,4538,0,0.0,4538.0,4538.0,0.0,290.0,290.0,0.0,0.03904672142183924,0.03904672142183924,0.0,1.2220277366365961,1.2220277366365961,0.0,3942.0,3942.0,0.0,0.4405547327319241,0.4405547327319241,0.0
builds/article_s1_p1_main_I_0p3_H_weak_seed_9210003----2026-09-20_17-47-30/simulation_Rawdata___article_s1_p1_main_I_0p3_H_weak_seed_9210003----2026-09-20_17-47-30.h5,article_s1_p1_main_I_0p3_H_weak_seed_9210003,200,0.139999995008111,0,0.025,3.87269988656044,4.071299880743027,1,simsv-interval-radius-graph-1.1,2.0,7427,298409,4456,4620,164,0.0354978354978355,4456.0,4620.0,164.0,290.0,290.0,0.0,0.03904672142183924,0.03904672142183924,0.0,1.1999461424532112,1.244109330819981,0.04416318836676991,3900.0,3994.0,94.0,0.43261074458058435,0.4498451595529824,0.017234414972398027
builds/article_s1_p1_main_I_0p3_H_weak_seed_9210003----2026-09-20_17-47-30/simulation_Rawdata___article_s1_p1_main_I_0p3_H_weak_seed_9210003----2026-09-20_17-47-30.h5,article_s1_p1_main_I_0p3_H_weak_seed_9210003,200,0.139999995008111,0,0.05,3.7733998894691467,4.17059987783432,1,simsv-interval-radius-graph-1.1,2.0,7427,298409,4388,4697,309,0.06578667234404939,4388.0,4697.0,309.0,288.0,293.0,5.0,0.03877743368789552,0.039450653022754814,0.0006732193348592957,1.1816345765450385,1.2648444863336474,0.08320990978860898,3860.0,4028.0,168.0,0.4261478389659351,0.4567119967685472,0.03056415780261207
builds/article_s1_p1_main_I_0p3_H_weak_seed_9210003----2026-09-20_17-47-30/simulation_Rawdata___article_s1_p1_main_I_0p3_H_weak_seed_9210003----2026-09-20_17-47-30.h5,article_s1_p1_main_I_0p3_H_weak_seed_9210003,200,0.139999995008111,0,0.1,3.57479989528656,4.369199872016907,1,simsv-interval-radius-graph-1.1,0.0,7427,273268,2410,3950,1540,0.389873417721519,2410.0,3950.0,1540.0,192.0,276.0,84.0,0.025851622458597012,0.0371617072842332,0.01131008482563619,0.6489834388043625,1.0636865490776894,0.41470311027332696,4287.0,5246.0,959.0,0.5002019658004578,0.6958395045105695,0.1956375387101117
builds/article_s1_p1_main_I_0p3_H_weak_seed_9210003----2026-09-20_17-47-30/simulation_Rawdata___article_s1_p1_main_I_0p3_H_weak_seed_9210003----2026-09-20_17-47-30.h5,article_s1_p1_main_I_0p3_H_weak_seed_9210003,200,0.139999995008111,0,0.1,3.57479989528656,4.369199872016907,1,simsv-interval-radius-graph-1.1,2.0,7427,298409,4234,4876,642,0.13166529942575883,4234.0,4876.0,642.0,288.0,295.0,7.0,0.03877743368789552,0.03971994075669853,0.000942507068803014,1.1401642655177058,1.3130469907095732,0.17288272519186743,3764.0,4119.0,355.0,0.40931735559445265,0.4750235626767201,0.06570620708226743
builds/article_s1_p1_main_I_0p3_H_weak_seed_9210003----2026-09-20_17-47-30/simulation_Rawdata___article_s1_p1_main_I_0p3_H_weak_seed_9210003----2026-09-20_17-47-30.h5,article_s1_p1_main_I_0p3_H_weak_seed_9210003,200,0.139999995008111,0,0.1,3.57479989528656,4.369199872016907,1,simsv-interval-radius-graph-1.1,4.0,7427,325139,5192,6065,873,0.1439406430338005,5192.0,6065.0,873.0,557.0,833.0,276.0,0.0749966339033257,0.11215834118755891,0.03716170728423321,1.3981419146357883,1.633230106368655,0.23508819173286666,3152.0,3614.0,462.0,0.31291234684260133,0.38575467887437725,0.07284233203177592
builds/article_s1_p1_main_I_0p3_H_weak_seed_9210003----2026-09-20_17-47-30/simulation_Rawdata___article_s1_p1_main_I_0p3_H_weak_seed_9210003----2026-09-20_17-47-30.h5,article_s1_p1_main_I_0p3_H_weak_seed_9210003,200,0.139999995008111,0,0.1,3.57479989528656,4.369199872016907,1,simsv-interval-radius-graph-1.1,6.0,7427,353118,6484,7677,1193,0.15539924449654813,6484.0,7677.0,1193.0,1089.0,1364.0,275.0,0.14662717113235493,0.18365423454961627,0.037027063417261336,1.7460616668910731,2.0673219334859296,0.3212602665948565,2454.0,2962.0,508.0,0.2213545173017369,0.2884071630537229,0.06705264575198597
builds/article_s1_p1_main_I_0p3_H_weak_seed_9210003----2026-09-20_17-47-30/simulation_Rawdata___article_s1_p1_main_I_0p3_H_weak_seed_9210003----2026-09-20_17-47-30.h5,article_s1_p1_main_I_0p3_H_weak_seed_9210003,8000,5.59999980032444,1,0.0,3.9719998836517334,3.9719998836517334,1,simsv-interval-radius-graph-1.1,2.0,7427,398360,11557,11557,0,0.0,11557.0,11557.0,0.0,3007.0,3007.0,0.0,0.40487410798438134,0.40487410798438134,0.0,3.112158341187559,3.112158341187559,0.0,1662.0,1662.0,0.0,0.2004847179210987,0.2004847179210987,0.0
builds/article_s1_p1_main_I_0p3_H_weak_seed_9210003----2026-09-20_17-47-30/simulation_Rawdata___article_s1_p1_main_I_0p3_H_weak_seed_9210003----2026-09-20_17-47-30.h5,article_s1_p1_main_I_0p3_H_weak_seed_9210003,8000,5.59999980032444,1,0.025,3.87269988656044,4.071299880743027,1,simsv-interval-radius-graph-1.1,2.0,7427,398360,11387,11740,353,0.030068143100511074,11387.0,11740.0,353.0,3005.0,3081.0,76.0,0.4046048202504376,0.4148377541402989,0.010232933889861295,3.066379426417127,3.1614379964992594,0.09505857008213248,1644.0,1672.0,28.0,0.19698397737983034,0.2018311565908173,0.004847179210986957
builds/article_s1_p1_main_I_0p3_H_weak_seed_9210003----2026-09-20_17-47-30/simulation_Rawdata___article_s1_p1_main_I_0p3_H_weak_seed_9210003----2026-09-20_17-47-30.h5,article_s1_p1_main_I_0p3_H_weak_seed_9210003,8000,5.59999980032444,1,0.05,3.7733998894691467,4.17059987783432,1,simsv-interval-radius-graph-1.1,2.0,7427,398360,11197,11952,755,0.06316934404283801,11197.0,11952.0,755.0,3002.0,3085.0,83.0,0.404200888649522,0.4153763296081863,0.011175440958664296,3.0152147569678203,3.2185269960953278,0.2033122391275075,1629.0,1687.0,58.0,0.19456038777433687,0.20398545846236704,0.009425070688030168
builds/article_s1_p1_main_I_0p3_H_weak_seed_9210003----2026-09-20_17-47-30/simulation_Rawdata___article_s1_p1_main_I_0p3_H_weak_seed_9210003----2026-09-20_17-47-30.h5,article_s1_p1_main_I_0p3_H_weak_seed_9210003,8000,5.59999980032444,1,0.1,3.57479989528656,4.369199872016907,1,simsv-interval-radius-graph-1.1,0.0,7427,369397,5628,9915,4287,0.432375189107413,5628.0,9915.0,4287.0,1726.0,2855.0,1129.0,0.2323953143934294,0.3844082402046587,0.1520129258112293,1.5155513666352498,2.6699878820519727,1.1544365154167229,1819.0,2561.0,742.0,0.22431668237511782,0.3418607782415511,0.11754409586643327
builds/article_s1_p1_main_I_0p3_H_weak_seed_9210003----2026-09-20_17-47-30/simulation_Rawdata___article_s1_p1_main_I_0p3_H_weak_seed_9210003----2026-09-20_17-47-30.h5,article_s1_p1_main_I_0p3_H_weak_seed_9210003,8000,5.59999980032444,1,0.1,3.57479989528656,4.369199872016907,1,simsv-interval-radius-graph-1.1,2.0,7427,398360,10844,12325,1481,0.12016227180527383,10844.0,12325.0,1481.0,2998.0,3090.0,92.0,0.4036623131816346,0.41604954894304563,0.012387235761411042,2.9201561868856873,3.318971320856335,0.39881513397064783,1599.0,1717.0,118.0,0.18944392082940623,0.20990978860912884,0.02046586777972262
builds/article_s1_p1_main_I_0p3_H_weak_seed_9210003----2026-09-20_17-47-30/simulation_Rawdata___article_s1_p1_main_I_0p3_H_weak_seed_9210003----2026-09-20_17-47-30.h5,article_s1_p1_main_I_0p3_H_weak_seed_9210003,8000,5.59999980032444,1,0.1,3.57479989528656,4.369199872016907,1,simsv-interval-radius-graph-1.1,4.0,7427,428880,13076,14935,1859,0.1244727150987613,13076.0,14935.0,1859.0,3104.0,4576.0,1472.0,0.4179345630806517,0.6161303352632288,0.1981957721825771,3.5212064090480677,4.0218123064494415,0.5006058974013738,1406.0,1548.0,142.0,0.15887976302679413,0.18190386427898209,0.023024101252187956
builds/article_s1_p1_main_I_0p3_H_weak_seed_9210003----2026-09-20_17-47-30/simulation_Rawdata___article_s1_p1_main_I_0p3_H_weak_seed_9210003----2026-09-20_17-47-30.h5,article_s1_p1_main_I_0p3_H_weak_seed_9210003,8000,5.59999980032444,1,0.1,3.57479989528656,4.369199872016907,1,simsv-interval-radius-graph-1.1,6.0,7427,460980,15801,18526,2725,0.14709057540753537,15801.0,18526.0,2725.0,4622.0,4931.0,309.0,0.6223239531439343,0.6639289080382389,0.0416049548943046,4.255015484044701,4.988824559041336,0.7338090749966346,1176.0,1344.0,168.0,0.12400700148108254,0.15053184327453883,0.026524841793456294
builds/article_s1_p1_main_I_0p3_H_weak_seed_9210003----2026-09-20_17-47-30/simulation_Rawdata___article_s1_p1_main_I_0p3_H_weak_seed_9210003----2026-09-20_17-47-30.h5,article_s1_p1_main_I_0p3_H_weak_seed_9210003,16000,11.19999960064888,2,0.0,3.9719998836517334,3.9719998836517334,1,simsv-interval-radius-graph-1.1,2.0,7427,564433,15197,15197,0,0.0,15197.0,15197.0,0.0,5836.0,5836.0,0.0,0.7857816076477716,0.7857816076477716,0.0,4.092365692742695,4.092365692742695,0.0,1106.0,1106.0,0.0,0.13827925138009964,0.13827925138009964,0.0
builds/article_s1_p1_main_I_0p3_H_weak_seed_9210003----2026-09-20_17-47-30/simulation_Rawdata___article_s1_p1_main_I_0p3_H_weak_seed_9210003----2026-09-20_17-47-30.h5,article_s1_p1_main_I_0p3_H_weak_seed_9210003,16000,11.19999960064888,2,0.025,3.87269988656044,4.071299880743027,1,simsv-interval-radius-graph-1.1,2.0,7427,564433,14930,15481,551,0.03559201601963698,14930.0,15481.0,551.0,5830.0,5845.0,15.0,0.7849737444459405,0.7869934024505184,0.002019658004577929,4.0204658677797225,4.168843409182712,0.1483775414029891,1097.0,1115.0,18.0,0.1370674565773529,0.1397603339167901,0.0026928773394372107
builds/article_s1_p1_main_I_0p3_H_weak_seed_9210003----2026-09-20_17-47-30/simulation_Rawdata___article_s1_p1_main_I_0p3_H_weak_seed_9210003----2026-09-20_17-47-30.h5,article_s1_p1_main_I_0p3_H_weak_seed_9210003,16000,11.19999960064888,2,0.05,3.7733998894691467,4.17059987783432,1,simsv-interval-radius-graph-1.1,2.0,7427,564433,14640,15774,1134,0.07189045264359072,14640.0,15774.0,1134.0,5822.0,5847.0,25.0,0.7838965935101656,0.787262690184462,0.003366096674296437,3.9423724249360443,4.2477447152282215,0.30537229029217716,1094.0,1128.0,34.0,0.13666352497643733,0.1420492796553117,0.005385754678874366
builds/article_s1_p1_main_I_0p3_H_weak_seed_9210003----2026-09-20_17-47-30/simulation_Rawdata___article_s1_p1_main_I_0p3_H_weak_seed_9210003----2026-09-20_17-47-30.h5,article_s1_p1_main_I_0p3_H_weak_seed_9210003,16000,11.19999960064888,2,0.1,3.57479989528656,4.369199872016907,1,simsv-interval-radius-graph-1.1,0.0,7427,526304,6782,12797,6015,0.47003203875908417,6782.0,12797.0,6015.0,5161.0,5738.0,577.0,0.6948969974417665,0.7725865086845294,0.07768951124276291,1.8263094116063012,3.4460751312777704,1.6197657196714692,1212.0,1873.0,661.0,0.15457115928369464,0.2515147435034334,0.09694358421973875
builds/article_s1_p1_main_I_0p3_H_weak_seed_9210003----2026-09-20_17-47-30/simulation_Rawdata___article_s1_p1_main_I_0p3_H_weak_seed_9210003----2026-09-20_17-47-30.h5,article_s1_p1_main_I_0p3_H_weak_seed_9210003,16000,11.19999960064888,2,0.1,3.57479989528656,4.369199872016907,1,simsv-interval-radius-graph-1.1,2.0,7427,564433,14114,16335,2221,0.1359657177838996,14114.0,16335.0,2221.0,5811.0,5861.0,50.0,0.7824155109734752,0.7891477043220682,0.006732193348592985,3.800727076881648,4.398815133970648,0.5980880570889999,1074.0,1142.0,68.0,0.13329742830214084,0.1443382253938333,0.011040797091692478
builds/article_s1_p1_main_I_0p3_H_weak_seed_9210003----2026-09-20_17-47-30/simulation_Rawdata___article_s1_p1_main_I_0p3_H_weak_seed_9210003----2026-09-20_17-47-30.h5,article_s1_p1_main_I_0p3_H_weak_seed_9210003,16000,11.19999960064888,2,0.1,3.57479989528656,4.369199872016907,1,simsv-interval-radius-graph-1.1,4.0,7427,604136,17421,20234,2813,0.13902342591677375,17421.0,20234.0,2813.0,5890.0,5926.0,36.0,0.7930523764642521,0.797899555675239,0.004847179210986874,4.691261613033526,5.448768008617208,0.7575063955836816,957.0,1042.0,85.0,0.11390871145819308,0.12871953682509762,0.014810825366904548
builds/article_s1_p1_main_I_0p3_H_weak_seed_9210003----2026-09-20_17-47-30/simulation_Rawdata___article_s1_p1_main_I_0p3_H_weak_seed_9210003----2026-09-20_17-47-30.h5,article_s1_p1_main_I_0p3_H_weak_seed_9210003,16000,11.19999960064888,2,0.1,3.57479989528656,4.369199872016907,1,simsv-interval-radius-graph-1.1,6.0,7427,645609,21570,25855,4285,0.16573196673757493,21570.0,25855.0,4285.0,5950.0,6388.0,438.0,0.8011310084825636,0.8601050222162381,0.0589740137336745,5.808536421166016,6.962434361114851,1.153897939948835,844.0,926.0,82.0,0.09680894035276694,0.10973475158206544,0.012925811229298506
builds/article_s1_p1_main_I_0p3_H_weak_seed_9210003----2026-09-20_17-47-30/simulation_Rawdata___article_s1_p1_main_I_0p3_H_weak_seed_9210003----2026-09-20_17-47-30.h5,article_s1_p1_main_I_0p3_H_weak_seed_9210003,24000,16.79999940097332,3,0.0,3.9719998836517334,3.9719998836517334,1,simsv-interval-radius-graph-1.1,2.0,7427,866761,19940,19940,0,0.0,19940.0,19940.0,0.0,6675.0,6675.0,0.0,0.8987478120371617,0.8987478120371617,0.0,5.369597414837754,5.369597414837754,0.0,720.0,720.0,0.0,0.09250033660966743,0.09250033660966743,0.0
builds/article_s1_p1_main_I_0p3_H_weak_seed_9210003----2026-09-20_17-47-30/simulation_Rawdata___article_s1_p1_main_I_0p3_H_weak_seed_9210003----2026-09-20_17-47-30.h5,article_s1_p1_main_I_0p3_H_weak_seed_9210003,24000,16.79999940097332,3,0.025,3.87269988656044,4.071299880743027,1,simsv-interval-radius-graph-1.1,2.0,7427,866761,19561,20312,751,0.03697321780228437,19561.0,20312.0,751.0,6672.0,6681.0,9.0,0.8983438804362461,0.8995556752389928,0.0012117948027466907,5.2675373636730844,5.469772451864817,0.20223508819173297,714.0,723.0,9.0,0.09169247340783628,0.09290426821058301,0.0012117948027467323
builds/article_s1_p1_main_I_0p3_H_weak_seed_9210003----2026-09-20_17-47-30/simulation_Rawdata___article_s1_p1_main_I_0p3_H_weak_seed_9210003----2026-09-20_17-47-30.h5,article_s1_p1_main_I_0p3_H_weak_seed_9210003,24000,16.79999940097332,3,0.05,3.7733998894691467,4.17059987783432,1,simsv-interval-radius-graph-1.1,2.0,7427,866761,19165,20715,1550,0.07482500603427468,19165.0,20715.0,1550.0,6670.0,6686.0,16.0,0.8980745927023024,0.9002288945738521,0.0021543018715497464,5.160899421031372,5.578295408644136,0.417395987612764,708.0,728.0,20.0,0.09074996633903326,0.09398141914635788,0.0032314528073246196
builds/article_s1_p1_main_I_0p3_H_weak_seed_9210003----2026-09-20_17-47-30/simulation_Rawdata___article_s1_p1_main_I_0p3_H_weak_seed_9210003----2026-09-20_17-47-30.h5,article_s1_p1_main_I_0p3_H_weak_seed_9210003,24000,16.79999940097332,3,0.1,3.57479989528656,4.369199872016907,1,simsv-interval-radius-graph-1.1,0.0,7427,809225,8211,16601,8390,0.5053912414914764,8211.0,16601.0,8390.0,6137.0,6624.0,487.0,0.8263094116063013,0.8918809748215969,0.06557156321529556,2.2111215834118756,4.470445671199677,2.2593240877878014,779.0,1291.0,512.0,0.10152147569678201,0.17369058839369866,0.07216911269691666
builds/article_s1_p1_main_I_0p3_H_weak_seed_9210003----2026-09-20_17-47-30/simulation_Rawdata___article_s1_p1_main_I_0p3_H_weak_seed_9210003----2026-09-20_17-47-30.h5,article_s1_p1_main_I_0p3_H_weak_seed_9210003,24000,16.79999940097332,3,0.1,3.57479989528656,4.369199872016907,1,simsv-interval-radius-graph-1.1,2.0,7427,866761,18387,21488,3101,0.144313104988831,18387.0,21488.0,3101.0,6666.0,6694.0,28.0,0.897536017234415,0.901306045509627,0.0037700282752120007,4.951393564023158,5.786454826982631,0.8350612629594725,697.0,735.0,38.0,0.08913423993537094,0.09532785781607647,0.006193617880705535
builds/article_s1_p1_main_I_0p3_H_weak_seed_9210003----2026-09-20_17-47-30/simulation_Rawdata___article_s1_p1_main_I_0p3_H_weak_seed_9210003----2026-09-20_17-47-30.h5,article_s1_p1_main_I_0p3_H_weak_seed_9210003,24000,16.79999940097332,3,0.1,3.57479989528656,4.369199872016907,1,simsv-interval-radius-graph-1.1,4.0,7427,926124,22993,27041,4048,0.14969860582079064,22993.0,27041.0,4048.0,6715.0,6735.0,20.0,0.9041335667160361,0.9068264440554733,0.0026928773394372385,6.191732866567928,7.2818096135721015,1.090076747004174,647.0,672.0,25.0,0.08132489565100309,0.08536421166015888,0.004039316009155788
builds/article_s1_p1_main_I_0p3_H_weak_seed_9210003----2026-09-20_17-47-30/simulation_Rawdata___article_s1_p1_main_I_0p3_H_weak_seed_9210003----2026-09-20_17-47-30.h5,article_s1_p1_main_I_0p3_H_weak_seed_9210003,24000,16.79999940097332,3,0.1,3.57479989528656,4.369199872016907,1,simsv-interval-radius-graph-1.1,6.0,7427,987357,29078,35682,6604,0.18507931169777478,29078.0,35682.0,6604.0,6748.0,6778.0,30.0,0.9085768143261075,0.9126161303352632,0.004039316009155747,7.8303487276154575,9.608724922579777,1.778376194964319,593.0,630.0,37.0,0.07378483910057897,0.07903594991248149,0.005251110811902521
builds/article_s1_p1_main_I_0p3_H_weak_seed_9210003----2026-09-20_17-47-30/simulation_Rawdata___article_s1_p1_main_I_0p3_H_weak_seed_9210003----2026-09-20_17-47-30.h5,article_s1_p1_main_I_0p3_H_weak_seed_9210003,32000,22.39999920129776,4,0.0,3.9719998836517334,3.9719998836517334,1,simsv-interval-radius-graph-1.1,2.0,7427,1409010,25727,25727,0,0.0,25727.0,25727.0,0.0,6984.0,6984.0,0.0,0.9403527669314663,0.9403527669314663,0.0,6.927965531170055,6.927965531170055,0.0,435.0,435.0,0.0,0.05722364346304026,0.05722364346304026,0.0
builds/article_s1_p1_main_I_0p3_H_weak_seed_9210003----2026-09-20_17-47-30/simulation_Rawdata___article_s1_p1_main_I_0p3_H_weak_seed_9210003----2026-09-20_17-47-30.h5,article_s1_p1_main_I_0p3_H_weak_seed_9210003,32000,22.39999920129776,4,0.025,3.87269988656044,4.071299880743027,1,simsv-interval-radius-graph-1.1,2.0,7427,1409010,25240,26230,990,0.03774304231795654,25240.0,26230.0,990.0,6984.0,6984.0,0.0,0.9403527669314663,0.9403527669314663,0.0,6.796822404739464,7.063417261343746,0.26659485660428217,434.0,435.0,1.0,0.05695435572909654,0.05722364346304026,0.0002692877339437183
builds/article_s1_p1_main_I_0p3_H_weak_seed_9210003----2026-09-20_17-47-30/simulation_Rawdata___article_s1_p1_main_I_0p3_H_weak_seed_9210003----2026-09-20_17-47-30.h5,article_s1_p1_main_I_0p3_H_weak_seed_9210003,32000,22.39999920129776,4,0.05,3.7733998894691467,4.17059987783432,1,simsv-interval-radius-graph-1.1,2.0,7427,1409010,24774,26793,2019,0.07535550330310156,24774.0,26793.0,2019.0,6984.0,6984.0,0.0,0.9403527669314663,0.9403527669314663,0.0,6.671334320721691,7.21502625555406,0.5436919348323688,433.0,436.0,3.0,0.05668506799515282,0.057492931196983975,0.0008078632018311549
builds/article_s1_p1_main_I_0p3_H_weak_seed_9210003----2026-09-20_17-47-30/simulation_Rawdata___article_s1_p1_main_I_0p3_H_weak_seed_9210003----2026-09-20_17-47-30.h5,article_s1_p1_main_I_0p3_H_weak_seed_9210003,32000,22.39999920129776,4,0.1,3.57479989528656,4.369199872016907,1,simsv-interval-radius-graph-1.1,0.0,7427,1307354,10055,21445,11390,0.5311261366285848,10055.0,21445.0,11390.0,6586.0,6955.0,369.0,0.8867645078766662,0.9364480947892824,0.04968358691261621,2.707688164804093,5.774875454423051,3.067187289618958,465.0,842.0,377.0,0.061397603339167904,0.11323549212333378,0.05183788878416588
builds/article_s1_p1_main_I_0p3_H_weak_seed_9210003----2026-09-20_17-47-30/simulation_Rawdata___article_s1_p1_main_I_0p3_H_weak_seed_9210003----2026-09-20_17-47-30.h5,article_s1_p1_main_I_0p3_H_weak_seed_9210003,32000,22.39999920129776,4,0.1,3.57479989528656,4.369199872016907,1,simsv-interval-radius-graph-1.1,2.0,7427,1409010,23767,27871,4104,0.1472498295719565,23767.0,27871.0,4104.0,6979.0,6985.0,6.0,0.939679547596607,0.9404874107984381,0.0008078632018311271,6.400161572640366,7.505318432745389,1.1051568601050228,430.0,442.0,12.0,0.056011848660293524,0.058435438265786996,0.0024235896054934716
builds/article_s1_p1_main_I_0p3_H_weak_seed_9210003----2026-09-20_17-47-30/simulation_Rawdata___article_s1_p1_main_I_0p3_H_weak_seed_9210003----2026-09-20_17-47-30.h5,article_s1_p1_main_I_0p3_H_weak_seed_9210003,32000,22.39999920129776,4,0.1,3.57479989528656,4.369199872016907,1,simsv-interval-radius-graph-1.1,4.0,7427,1515183,29994,35848,5854,0.163300602544075,29994.0,35848.0,5854.0,6993.0,7010.0,17.0,0.941564561734213,0.9438535074727347,0.002288945738521675,8.077016291907903,9.653426686414434,1.5764103945065315,401.0,421.0,20.0,0.051568601050222165,0.05466540999057493,0.0030968089403527674
builds/article_s1_p1_main_I_0p3_H_weak_seed_9210003----2026-09-20_17-47-30/simulation_Rawdata___article_s1_p1_main_I_0p3_H_weak_seed_9210003----2026-09-20_17-47-30.h5,article_s1_p1_main_I_0p3_H_weak_seed_9210003,32000,22.39999920129776,4,0.1,3.57479989528656,4.369199872016907,1,simsv-interval-radius-graph-1.1,6.0,7427,1624478,38904,48687,9783,0.2009365949842874,38904.0,48687.0,9783.0,7019.0,7027.0,8.0,0.9450653022754814,0.9461424532112562,0.0010771509357748732,10.476370001346439,13.11081190251784,2.6344419011714013,380.0,390.0,10.0,0.04820250437592568,0.04981823077958799,0.0016157264036623098
builds/article_s1_p1_main_I_0p3_H_weak_seed_9210003----2026-09-20_17-47-30/simulation_Rawdata___article_s1_p1_main_I_0p3_H_weak_seed_9210003----2026-09-20_17-47-30.h5,article_s1_p1_main_I_0p3_H_weak_seed_9210003,40000,27.9999990016222,5,0.0,3.9719998836517334,3.9719998836517334,1,simsv-interval-radius-graph-1.1,2.0,7427,2493321,34982,34982,0,0.0,34982.0,34982.0,0.0,7173.0,7173.0,0.0,0.9658004577891477,0.9658004577891477,0.0,9.420223508819173,9.420223508819173,0.0,251.0,251.0,0.0,0.03312239127507742,0.03312239127507742,0.0
builds/article_s1_p1_main_I_0p3_H_weak_seed_9210003----2026-09-20_17-47-30/simulation_Rawdata___article_s1_p1_main_I_0p3_H_weak_seed_9210003----2026-09-20_17-47-30.h5,article_s1_p1_main_I_0p3_H_weak_seed_9210003,40000,27.9999990016222,5,0.025,3.87269988656044,4.071299880743027,1,simsv-interval-radius-graph-1.1,2.0,7427,2493321,34299,35712,1413,0.039566532258064516,34299.0,35712.0,1413.0,7173.0,7173.0,0.0,0.9658004577891477,0.9658004577891477,0.0,9.236299986535613,9.616803554598087,0.38050356806247443,251.0,251.0,0.0,0.03312239127507742,0.03312239127507742,0.0
builds/article_s1_p1_main_I_0p3_H_weak_seed_9210003----2026-09-20_17-47-30/simulation_Rawdata___article_s1_p1_main_I_0p3_H_weak_seed_9210003----2026-09-20_17-47-30.h5,article_s1_p1_main_I_0p3_H_weak_seed_9210003,40000,27.9999990016222,5,0.05,3.7733998894691467,4.17059987783432,1,simsv-interval-radius-graph-1.1,2.0,7427,2493321,33658,36437,2779,0.0762686280429234,33658.0,36437.0,2779.0,7173.0,7173.0,0.0,0.9658004577891477,0.9658004577891477,0.0,9.063686549077689,9.812037161707284,0.7483506126295953,251.0,251.0,0.0,0.03312239127507742,0.03312239127507742,0.0
builds/article_s1_p1_main_I_0p3_H_weak_seed_9210003----2026-09-20_17-47-30/simulation_Rawdata___article_s1_p1_main_I_0p3_H_weak_seed_9210003----2026-09-20_17-47-30.h5,article_s1_p1_main_I_0p3_H_weak_seed_9210003,40000,27.9999990016222,5,0.1,3.57479989528656,4.369199872016907,1,simsv-interval-radius-graph-1.1,0.0,7427,2300677,11714,29231,17517,0.599261058465328,11714.0,29231.0,17517.0,6920.0,7170.0,250.0,0.9317355594452673,0.9653965261882321,0.033660966742964815,3.1544365154167227,7.871549750908846,4.717113235492123,253.0,505.0,252.0,0.03325703514204928,0.06745657735290157,0.03419954221085229
builds/article_s1_p1_main_I_0p3_H_weak_seed_9210003----2026-09-20_17-47-30/simulation_Rawdata___article_s1_p1_main_I_0p3_H_weak_seed_9210003----2026-09-20_17-47-30.h5,article_s1_p1_main_I_0p3_H_weak_seed_9210003,40000,27.9999990016222,5,0.1,3.57479989528656,4.369199872016907,1,simsv-interval-radius-graph-1.1,2.0,7427,2493321,32235,37993,5758,0.15155423367462428,32235.0,37993.0,5758.0,7173.0,7173.0,0.0,0.9658004577891477,0.9658004577891477,0.0,8.680490103675778,10.23104887572371,1.550558772047932,250.0,251.0,1.0,0.0328531035411337,0.03312239127507742,0.0002692877339437183
builds/article_s1_p1_main_I_0p3_H_weak_seed_9210003----2026-09-20_17-47-30/simulation_Rawdata___article_s1_p1_main_I_0p3_H_weak_seed_9210003----2026-09-20_17-47-30.h5,article_s1_p1_main_I_0p3_H_weak_seed_9210003,40000,27.9999990016222,5,0.1,3.57479989528656,4.369199872016907,1,simsv-interval-radius-graph-1.1,4.0,7427,2694056,41128,49953,8825,0.176666066102136,41128.0,49953.0,8825.0,7177.0,7179.0,2.0,0.9663390332570352,0.9666083209909788,0.00026928773394363503,11.07526592163727,13.451730173690589,2.376464252053319,241.0,246.0,5.0,0.03123737713747139,0.032314528073246265,0.0010771509357748767
builds/article_s1_p1_main_I_0p3_H_weak_seed_9210003----2026-09-20_17-47-30/simulation_Rawdata___article_s1_p1_main_I_0p3_H_weak_seed_9210003----2026-09-20_17-47-30.h5,article_s1_p1_main_I_0p3_H_weak_seed_9210003,40000,27.9999990016222,5,0.1,3.57479989528656,4.369199872016907,1,simsv-interval-radius-graph-1.1,6.0,7427,2902634,54920,71443,16523,0.2312752823929566,54920.0,71443.0,16523.0,7179.0,7180.0,1.0,0.9666083209909788,0.9667429648579507,0.00013464386697192854,14.78928234818904,19.23872357614111,4.449441227952068,239.0,241.0,2.0,0.03083344553655581,0.03123737713747139,0.00040393160091557745
